date,close,publication_date,period_end,eps,bvps,per,pbv,ticker
2024-12-05,5880.73388671875,,,,,,,AADI
2024-12-06,7052.458984375,,,,,,,AADI
2024-12-09,8445.2646484375,,,,,,,AADI
2024-12-10,9086.3974609375,,,,,,,AADI
2024-12-11,8489.48046875,,,,,,,AADI
2024-12-12,8135.75244140625,,,,,,,AADI
2024-12-13,8135.75244140625,,,,,,,AADI
2024-12-16,8179.96826171875,,,,,,,AADI
2024-12-17,7892.56396484375,,,,,,,AADI
2024-12-18,7649.3759765625,,,,,,,AADI
2024-12-19,7384.07958984375,,,,,,,AADI
2024-12-20,7140.89111328125,,,,,,,AADI
2024-12-23,6720.83837890625,,,,,,,AADI
2024-12-24,6831.37890625,,,,,,,AADI
2024-12-27,7229.3232421875,,,,,,,AADI
2024-12-30,7494.61962890625,,,,,,,AADI
2025-01-02,7273.5390625,,,,,,,AADI
2025-01-03,6941.9189453125,,,,,,,AADI
2025-01-06,6787.16259765625,,,,,,,AADI
2025-01-07,6964.02685546875,,,,,,,AADI
2025-01-08,6897.70263671875,,,,,,,AADI
2025-01-09,6809.2705078125,,,,,,,AADI
2025-01-10,7494.61962890625,,,,,,,AADI
2025-01-13,7384.07958984375,,,,,,,AADI
2025-01-14,7715.69970703125,,,,,,,AADI
2025-01-15,7804.1318359375,,,,,,,AADI
2025-01-16,7782.02392578125,,,,,,,AADI
2025-01-17,7870.4560546875,,,,,,,AADI
2025-01-20,7892.56396484375,,,,,,,AADI
2025-01-21,7826.23974609375,,,,,,,AADI
2025-01-22,7892.56396484375,,,,,,,AADI
2025-01-23,8047.3203125,,,,,,,AADI
2025-01-24,8025.21240234375,,,,,,,AADI
2025-01-30,8511.5888671875,,,,,,,AADI
2025-01-31,8356.8330078125,,,,,,,AADI
2025-02-03,8003.10400390625,,,,,,,AADI
2025-02-04,7936.7802734375,,,,,,,AADI
2025-02-05,7826.23974609375,,,,,,,AADI
2025-02-06,7361.97119140625,,,,,,,AADI
2025-02-07,7207.21533203125,,,,,,,AADI
2025-02-10,7052.458984375,,,,,,,AADI
2025-02-11,6853.48681640625,,,,,,,AADI
2025-02-12,7118.783203125,,,,,,,AADI
2025-02-13,7030.35107421875,,,,,,,AADI
2025-02-14,7074.56689453125,,,,,,,AADI
2025-02-17,7295.6474609375,,,,,,,AADI
2025-02-18,7406.1875,,,,,,,AADI
2025-02-19,7140.89111328125,,,,,,,AADI
2025-02-20,6765.0546875,,,,,,,AADI
2025-02-21,6787.16259765625,,,,,,,AADI
2025-02-24,6720.83837890625,,,,,,,AADI
2025-02-25,6477.650390625,,,,,,,AADI
2025-02-26,6322.89453125,,,,,,,AADI
2025-02-27,6411.32666015625,,,,,,,AADI
2025-02-28,5947.05810546875,,,,,,,AADI
2025-03-03,5858.6259765625,,,,,,,AADI
2025-03-04,5504.8974609375,,,,,,,AADI
2025-03-05,5637.5458984375,,,,,,,AADI
2025-03-06,5991.27392578125,,,,,,,AADI
2025-03-07,5725.97802734375,,,,,,,AADI
2025-03-10,5902.841796875,,,,,,,AADI
2025-03-11,5814.40966796875,,,,,,,AADI
2025-03-12,5748.0859375,,,,,,,AADI
2025-03-13,5814.40966796875,,,,,,,AADI
2025-03-14,5725.97802734375,,,,,,,AADI
2025-03-17,5924.9501953125,,,,,,,AADI
2025-03-18,5615.4375,,,,,,,AADI
2025-03-19,6035.490234375,,,,,,,AADI
2025-03-20,6035.490234375,,,,,,,AADI
2025-03-21,6013.38232421875,,,,,,,AADI
2025-03-24,5792.3017578125,,,,,,,AADI
2025-03-25,5637.5458984375,,,,,,,AADI
2025-03-26,5814.40966796875,,,,,,,AADI
2025-03-27,5770.19384765625,,,,,,,AADI
2025-04-08,5084.84521484375,,,,,,,AADI
2025-04-09,5084.84521484375,,,,,,,AADI
2025-04-10,5305.92529296875,,,,,,,AADI
2025-04-11,5217.4931640625,,,,,,,AADI
2025-04-14,5615.4375,,,,,,,AADI
2025-04-15,5725.97802734375,,,,,,,AADI
2025-04-16,6123.92236328125,,,,,,,AADI
2025-04-17,6057.59814453125,,,,,,,AADI
2025-04-21,5969.166015625,,,,,,,AADI
2025-04-22,6411.32666015625,,,,,,,AADI
2025-04-23,6256.5703125,,,,,,,AADI
2025-04-24,6234.46240234375,,,,,,,AADI
2025-04-25,6256.5703125,,,,,,,AADI
2025-04-28,6234.46240234375,,,,,,,AADI
2025-04-29,6101.814453125,,,,,,,AADI
2025-04-30,5947.05810546875,,,,,,,AADI
2025-05-02,5947.05810546875,,,,,,,AADI
2025-05-05,6168.13818359375,,,,,,,AADI
2025-05-06,6123.92236328125,,,,,,,AADI
2025-05-07,6168.13818359375,,,,,,,AADI
2025-05-08,6322.89453125,,,,,,,AADI
2025-05-09,6168.13818359375,,,,,,,AADI
2025-05-14,6477.650390625,,,,,,,AADI
2025-05-15,6455.54248046875,,,,,,,AADI
2025-05-16,6455.54248046875,,,,,,,AADI
2025-05-19,6875.5947265625,,,,,,,AADI
2025-05-20,6543.97412109375,,,,,,,AADI
2025-05-21,6566.08251953125,,,,,,,AADI
2025-05-22,6411.32666015625,,,,,,,AADI
2025-05-23,6367.1103515625,,,,,,,AADI
2025-05-26,6499.75830078125,,,,,,,AADI
2025-05-27,6477.650390625,,,,,,,AADI
2025-05-28,6389.21875,,,,,,,AADI
2025-06-02,6278.6787109375,,,,,,,AADI
2025-06-03,6212.3544921875,,,,,,,AADI
2025-06-04,6168.13818359375,,,,,,,AADI
2025-06-05,6057.59814453125,,,,,,,AADI
2025-06-10,6212.3544921875,,,,,,,AADI
2025-06-11,6389.21875,,,,,,,AADI
2025-06-12,6278.6787109375,,,,,,,AADI
2025-06-13,6300.78662109375,,,,,,,AADI
2025-06-16,6411.32666015625,,,,,,,AADI
2025-06-17,6345.00244140625,,,,,,,AADI
2025-06-18,6345.00244140625,,,,,,,AADI
2025-06-19,6256.5703125,,,,,,,AADI
2025-06-20,6256.5703125,,,,,,,AADI
2025-06-23,6146.0302734375,,,,,,,AADI
2025-06-24,6212.3544921875,,,,,,,AADI
2025-06-25,6035.490234375,,,,,,,AADI
2025-06-26,5924.9501953125,,,,,,,AADI
2025-06-30,5969.166015625,,,,,,,AADI
2025-07-01,5947.05810546875,,,,,,,AADI
2025-07-02,5924.9501953125,,,,,,,AADI
2025-07-03,6123.92236328125,,,,,,,AADI
2025-07-04,6190.24658203125,,,,,,,AADI
2025-07-07,6146.0302734375,,,,,,,AADI
2025-07-08,6101.814453125,,,,,,,AADI
2025-07-09,6057.59814453125,,,,,,,AADI
2025-07-10,6168.13818359375,,,,,,,AADI
2025-07-11,6190.24658203125,,,,,,,AADI
2025-07-14,6123.92236328125,,,,,,,AADI
2025-07-15,6212.3544921875,,,,,,,AADI
2025-07-16,6123.92236328125,,,,,,,AADI
2025-07-17,6035.490234375,,,,,,,AADI
2025-07-18,6035.490234375,,,,,,,AADI
2025-07-21,5969.166015625,,,,,,,AADI
2025-07-22,6168.13818359375,,,,,,,AADI
2025-07-23,6345.00244140625,,,,,,,AADI
2025-07-24,6123.92236328125,,,,,,,AADI
2025-07-25,6079.7060546875,,,,,,,AADI
2025-07-28,6212.3544921875,,,,,,,AADI
2025-07-29,6146.0302734375,,,,,,,AADI
2025-07-30,6079.7060546875,,,,,,,AADI
2025-07-31,6013.38232421875,,,,,,,AADI
2025-08-01,6057.59814453125,,,,,,,AADI
2025-08-04,5991.27392578125,,,,,,,AADI
2025-08-05,6168.13818359375,,,,,,,AADI
2025-08-06,6278.6787109375,,,,,,,AADI
2025-08-07,6300.78662109375,,,,,,,AADI
2025-08-08,6477.650390625,,,,,,,AADI
2025-08-11,6367.1103515625,,,,,,,AADI
2025-08-12,6256.5703125,,,,,,,AADI
2025-08-13,6146.0302734375,,,,,,,AADI
2025-08-14,6168.13818359375,,,,,,,AADI
2025-08-15,6079.7060546875,,,,,,,AADI
2025-08-19,6079.7060546875,,,,,,,AADI
2025-08-20,6057.59814453125,,,,,,,AADI
2025-08-21,6057.59814453125,,,,,,,AADI
2025-08-22,6035.490234375,,,,,,,AADI
2025-08-25,6035.490234375,,,,,,,AADI
2025-08-26,6433.4345703125,,,,,,,AADI
2025-08-27,6212.3544921875,,,,,,,AADI
2025-08-28,6168.13818359375,,,,,,,AADI
2025-08-29,6101.814453125,,,,,,,AADI
2025-09-01,6234.46240234375,,,,,,,AADI
2025-09-02,6345.00244140625,,,,,,,AADI
2025-09-03,6345.00244140625,,,,,,,AADI
2025-09-04,6411.32666015625,,,,,,,AADI
2025-09-08,6256.5703125,,,,,,,AADI
2025-09-09,6212.3544921875,,,,,,,AADI
2025-09-10,6190.24658203125,,,,,,,AADI
2025-09-11,6234.46240234375,,,,,,,AADI
2025-09-12,6190.24658203125,,,,,,,AADI
2025-09-15,6212.3544921875,,,,,,,AADI
2025-09-16,6168.13818359375,,,,,,,AADI
2025-09-17,6278.6787109375,,,,,,,AADI
2025-09-18,6168.13818359375,,,,,,,AADI
2025-09-19,6278.6787109375,,,,,,,AADI
2025-09-22,6256.5703125,,,,,,,AADI
2025-09-23,6411.32666015625,,,,,,,AADI
2025-09-24,6588.1904296875,,,,,,,AADI
2025-09-25,6720.83837890625,,,,,,,AADI
2025-09-26,6742.94677734375,,,,,,,AADI
2025-09-29,6588.1904296875,,,,,,,AADI
2025-09-30,6588.1904296875,,,,,,,AADI
2025-10-01,6543.97412109375,,,,,,,AADI
2025-10-02,6720.83837890625,,,,,,,AADI
2025-10-03,6588.1904296875,,,,,,,AADI
2025-10-06,6499.75830078125,,,,,,,AADI
2025-10-07,6632.40625,,,,,,,AADI
2025-10-08,7361.97119140625,,,,,,,AADI
2025-10-09,6765.0546875,,,,,,,AADI
2025-10-10,6809.2705078125,,,,,,,AADI
2025-10-13,6919.81103515625,,,,,,,AADI
2025-10-14,6897.70263671875,,,,,,,AADI
2025-10-15,6964.02685546875,,,,,,,AADI
2025-10-16,6941.9189453125,,,,,,,AADI
2025-10-17,6897.70263671875,,,,,,,AADI
2025-10-20,6986.134765625,,,,,,,AADI
2025-10-21,7096.67529296875,,,,,,,AADI
2025-10-22,7030.35107421875,,,,,,,AADI
2025-10-23,6986.134765625,,,,,,,AADI
2025-10-24,6919.81103515625,,,,,,,AADI
2025-10-27,7052.458984375,,,,,,,AADI
2025-10-28,7207.21533203125,,,,,,,AADI
2025-10-29,7384.07958984375,,,,,,,AADI
2025-10-30,7627.267578125,,,,,,,AADI
2025-10-31,7560.94384765625,,,,,,,AADI
2025-11-03,7361.97119140625,,,,,,,AADI
2025-11-04,7317.75537109375,,,,,,,AADI
2025-11-05,7273.5390625,,,,,,,AADI
2025-11-06,7671.48388671875,,,,,,,AADI
2025-11-07,7538.83544921875,,,,,,,AADI
2025-11-10,7715.69970703125,,,,,,,AADI
2025-11-11,7693.591796875,,,,,,,AADI
2025-11-12,7693.591796875,,,,,,,AADI
2025-11-13,7737.8076171875,,,,,,,AADI
2025-11-14,7693.591796875,,,,,,,AADI
2025-11-17,7737.8076171875,,,,,,,AADI
2025-11-18,7538.123046875,,,,,,,AADI
2025-11-19,7396.783203125,,,,,,,AADI
2025-11-20,7279.0,,,,,,,AADI
2025-11-21,7208.330078125,,,,,,,AADI
2025-11-24,7302.556640625,,,,,,,AADI
2025-11-25,7231.88671875,,,,,,,AADI
2025-11-26,7302.556640625,,,,,,,AADI
2025-11-27,6996.3203125,,,,,,,AADI
2025-11-28,7066.990234375,,,,,,,AADI
2025-12-01,6996.3203125,,,,,,,AADI
2025-12-02,7161.216796875,,,,,,,AADI
2025-12-03,7161.216796875,,,,,,,AADI
2025-12-04,7090.546875,,,,,,,AADI
2025-12-05,7019.876953125,,,,,,,AADI
2025-12-08,7137.66015625,,,,,,,AADI
2025-12-09,6996.3203125,,,,,,,AADI
2025-12-10,6949.20703125,,,,,,,AADI
2025-12-11,6666.52783203125,,,,,,,AADI
2025-12-12,6713.64111328125,,,,,,,AADI
2025-12-15,6760.75439453125,,,,,,,AADI
2025-12-16,6690.08447265625,,,,,,,AADI
2025-12-17,6619.41455078125,,,,,,,AADI
2025-12-18,6666.52783203125,,,,,,,AADI
2025-12-19,6642.97119140625,,,,,,,AADI
2025-12-22,6642.97119140625,,,,,,,AADI
2025-12-23,6619.41455078125,,,,,,,AADI
2025-12-24,6572.30126953125,,,,,,,AADI
2025-12-29,6619.41455078125,,,,,,,AADI
2025-12-30,6572.30126953125,,,,,,,AADI
2026-01-02,6642.97119140625,,,,,,,AADI
2026-01-05,6619.41455078125,,,,,,,AADI
2026-01-06,6666.52783203125,,,,,,,AADI
2026-01-07,6925.650390625,,,,,,,AADI
2026-01-08,6972.763671875,,,,,,,AADI
2026-01-09,6831.42431640625,,,,,,,AADI
2026-01-12,6737.19775390625,,,,,,,AADI
2026-01-13,7019.876953125,,,,,,,AADI
2026-01-14,7019.876953125,,,,,,,AADI
2026-01-15,7066.990234375,,,,,,,AADI
2026-01-19,7066.990234375,,,,,,,AADI
2026-01-20,7066.990234375,,,,,,,AADI
2026-01-21,6996.3203125,,,,,,,AADI
2026-01-22,7514.56640625,,,,,,,AADI
2026-01-23,7962.142578125,,,,,,,AADI
2026-01-26,7938.5859375,,,,,,,AADI
2026-01-27,7491.009765625,,,,,,,AADI
2026-01-28,7255.443359375,,,,,,,AADI
2026-01-29,6972.763671875,,,,,,,AADI
2026-01-30,7161.216796875,,,,,,,AADI
2026-02-02,7608.79296875,,,,,,,AADI
2026-02-03,7820.802734375,,,,,,,AADI
2026-02-04,7726.576171875,,,,,,,AADI
2026-02-05,7726.576171875,,,,,,,AADI
2026-02-06,7561.6796875,,,,,,,AADI
2026-02-09,7514.56640625,,,,,,,AADI
2026-02-10,7797.24609375,,,,,,,AADI
2026-02-11,8103.482421875,,,,,,,AADI
2026-02-12,8150.595703125,,,,,,,AADI
2026-02-13,8197.708984375,,,,,,,AADI
2026-02-18,8386.162109375,,,,,,,AADI
2026-02-19,8998.634765625,,,,,,,AADI
2026-02-20,8786.625,,,,,,,AADI
2026-02-23,8763.068359375,,,,,,,AADI
2026-02-24,8433.275390625,,,,,,,AADI
2026-02-25,8692.3984375,,,,,,,AADI
2026-02-26,8715.955078125,,,,,,,AADI
2026-02-27,8715.955078125,,,,,,,AADI
2026-03-02,9328.427734375,,,,,,,AADI
2026-03-03,9964.4560546875,,,,,,,AADI
2026-03-04,9705.333984375,,,,,,,AADI
2026-03-05,9728.890625,,,,,,,AADI
2026-03-06,9705.333984375,,,,,,,AADI
2026-03-09,9846.6728515625,,,,,,,AADI
2026-03-10,9776.00390625,,,,,,,AADI
2026-03-11,9069.3046875,,,,,,,AADI
2026-03-12,9587.55078125,,,,,,,AADI
2026-03-13,9776.00390625,,,,,,,AADI
2026-03-16,9752.447265625,,,,,,,AADI
2026-03-17,9893.7861328125,,,,,,,AADI
2026-03-25,10529.8154296875,,,,,,,AADI
2026-03-26,10341.3623046875,,,,,,,AADI
2026-03-27,10105.7958984375,,,,,,,AADI
2026-03-30,11000.9482421875,,,,,,,AADI
2026-03-31,10624.0419921875,,,,,,,AADI
2026-04-01,10011.5693359375,,,,,,,AADI
2026-04-02,10223.5791015625,,,,,,,AADI
2026-04-06,10247.1357421875,,,,,,,AADI
2026-04-07,9940.8994140625,,,,,,,AADI
2026-04-08,9611.107421875,,,,,,,AADI
2026-04-09,9611.107421875,,,,,,,AADI
2026-04-10,9540.4375,,,,,,,AADI
2026-04-13,9846.6728515625,,,,,,,AADI
2026-04-14,9705.333984375,,,,,,,AADI
2026-04-15,10176.4658203125,,,,,,,AADI
2026-04-16,10317.8056640625,,,,,,,AADI
2026-04-17,10647.5986328125,,,,,,,AADI
2026-04-20,10317.8056640625,,,,,,,AADI
2026-04-21,10247.1357421875,,,,,,,AADI
2026-04-22,10341.3623046875,,,,,,,AADI
2026-04-23,10294.2490234375,,,,,,,AADI
2026-04-24,10223.5791015625,,,,,,,AADI
2026-04-27,10364.9189453125,,,,,,,AADI
2026-04-28,10270.6923828125,,,,,,,AADI
2026-04-29,10647.5986328125,,,,,,,AADI
2026-04-30,10930.2783203125,,,,,,,AADI
2026-05-04,10341.3623046875,,,,,,,AADI
2026-05-05,9917.3427734375,,,,,,,AADI
2026-05-06,9634.6640625,,,,,,,AADI
2026-05-07,9187.087890625,,,,,,,AADI
2026-05-08,8880.8515625,,,,,,,AADI
2026-05-11,8621.728515625,,,,,,,AADI
2026-05-12,8904.408203125,,,,,,,AADI
2026-05-13,8645.28515625,,,,,,,AADI
2026-05-14,8645.28515625,,,,,,,AADI
2026-05-15,8645.28515625,,,,,,,AADI
2026-05-18,8433.275390625,,,,,,,AADI
2026-05-19,7726.576171875,,,,,,,AADI
2026-05-20,7655.90625,,,,,,,AADI
2026-05-21,7326.11328125,,,,,,,AADI
2026-05-22,7750.1328125,,,,,,,AADI
2026-05-25,7773.689453125,,,,,,,AADI
2026-05-26,7844.359375,,,,,,,AADI
2026-05-27,7844.359375,,,,,,,AADI
2026-05-28,7844.359375,,,,,,,AADI
2026-05-29,7915.029296875,,,,,,,AADI
2026-06-02,7844.359375,,,,,,,AADI
2026-06-03,7538.123046875,,,,,,,AADI
2026-06-04,7561.6796875,,,,,,,AADI
2026-06-05,7575.0,,,,,,,AADI
2026-06-08,7450.0,,,,,,,AADI
2026-06-09,7875.0,,,,,,,AADI
2026-06-10,7975.0,,,,,,,AADI
2026-06-11,8050.0,,,,,,,AADI
2026-06-12,8650.0,,,,,,,AADI
2026-06-15,8275.0,,,,,,,AADI
2026-06-17,8125.0,,,,,,,AADI
2026-06-18,8050.0,,,,,,,AADI
2026-06-19,7875.0,,,,,,,AADI
2026-06-22,8100.0,,,,,,,AADI
2026-06-23,7975.0,,,,,,,AADI
2026-06-24,7975.0,,,,,,,AADI
2026-06-25,8075.0,,,,,,,AADI
2026-06-26,8050.0,,,,,,,AADI
2026-06-29,7950.0,,,,,,,AADI
2026-06-30,7775.0,,,,,,,AADI
2026-07-01,7875.0,,,,,,,AADI
2026-07-02,7900.0,,,,,,,AADI
2026-07-03,7975.0,,,,,,,AADI
2026-07-06,8000.0,,,,,,,AADI
2026-07-07,8125.0,,,,,,,AADI
2026-07-08,8100.0,,,,,,,AADI
2026-07-09,8075.0,,,,,,,AADI
2026-07-10,8175.0,,,,,,,AADI
2026-07-13,8375.0,,,,,,,AADI
2026-07-14,8425.0,,,,,,,AADI
2026-07-15,8475.0,,,,,,,AADI
2026-07-16,8500.0,,,,,,,AADI
2026-07-17,8750.0,,,,,,,AADI
2026-07-20,9050.0,,,,,,,AADI
2026-07-21,9000.0,,,,,,,AADI
2026-07-22,9025.0,,,,,,,AADI
2026-07-23,9025.0,,,,,,,AADI
2026-07-24,8825.0,,,,,,,AADI
2026-07-27,9000.0,,,,,,,AADI
2026-07-28,8825.0,,,,,,,AADI
2026-07-29,8850.0,,,,,,,AADI
2026-07-30,9275.0,,,,,,,AADI
2026-07-31,9225.0,,,,,,,AADI
2026-08-03,9100.0,,,,,,,AADI
2026-08-04,9175.0,,,,,,,AADI
2026-08-05,9100.0,,,,,,,AADI
2026-08-06,8950.0,,,,,,,AADI
2026-08-07,9175.0,,,,,,,AADI
2026-08-10,9175.0,,,,,,,AADI
2026-08-11,9225.0,,,,,,,AADI
2026-08-12,9350.0,,,,,,,AADI
2026-08-13,9050.0,,,,,,,AADI
2026-08-14,9425.0,,,,,,,AADI
2026-08-18,9725.0,,,,,,,AADI
2026-08-19,9725.0,,,,,,,AADI
2026-08-20,9900.0,,,,,,,AADI
2026-08-21,9800.0,,,,,,,AADI
2026-08-24,10250.0,,,,,,,AADI
2026-08-26,10000.0,,,,,,,AADI
2026-08-27,10125.0,,,,,,,AADI
2026-08-28,10225.0,2026-08-28,2026-06-30,1833.76,9043.36,5.575975045807521,1.1306638240653915,AADI
2026-08-31,10825.0,2026-08-28,2026-06-30,1833.76,9043.36,5.903171625512608,1.1970108455264414,AADI
2026-09-01,10875.0,2026-08-28,2026-06-30,1833.76,9043.36,5.930438007154699,1.202539763981529,AADI
2026-09-02,10650.0,2026-08-28,2026-06-30,1833.76,9043.36,5.807739289765291,1.1776596309336351,AADI
2026-09-03,11175.0,2026-08-28,2026-06-30,1833.76,9043.36,6.094036297007242,1.2357132747120538,AADI
2026-09-04,11250.0,2026-08-28,2026-06-30,1833.76,9043.36,6.134935869470378,1.244006652394685,AADI
2026-09-07,11700.0,2026-08-28,2026-06-30,1833.76,9043.36,6.380333304249193,1.2937669184904725,AADI
2026-09-08,11750.0,2026-08-28,2026-06-30,1833.76,9043.36,6.407599685891284,1.29929583694556,AADI
2026-09-09,12450.0,2026-08-28,2026-06-30,1833.76,9043.36,6.789329028880552,1.3767006953167849,AADI
2026-09-10,12275.0,2026-08-28,2026-06-30,1833.76,9043.36,6.693896693133235,1.3573494807239785,AADI
2026-09-11,12225.0,2026-08-28,2026-06-30,1833.76,9043.36,6.666630311491144,1.351820562268891,AADI
2026-09-14,12225.0,2026-08-28,2026-06-30,1833.76,9043.36,6.666630311491144,1.351820562268891,AADI
2026-09-15,12275.0,2026-08-28,2026-06-30,1833.76,9043.36,6.693896693133235,1.3573494807239785,AADI
2026-09-16,12400.0,2026-08-28,2026-06-30,1833.76,9043.36,6.762062647238461,1.3711717768616973,AADI
2026-09-17,12375.0,2026-08-28,2026-06-30,1833.76,9043.36,6.748429456417416,1.3684073176341536,AADI
2026-09-18,11975.0,2026-08-28,2026-06-30,1833.76,9043.36,6.530298403280691,1.3241759699934537,AADI
2026-09-21,11600.0,2026-08-28,2026-06-30,1833.76,9043.36,6.3258005409650115,1.2827090815802975,AADI
2026-09-22,11150.0,2026-08-28,2026-06-30,1833.76,9043.36,6.080403106186196,1.23294881548451,AADI
2026-09-23,11275.0,2026-08-28,2026-06-30,1833.76,9043.36,6.148569060291423,1.2467711116222289,AADI
2026-09-24,11150.0,2026-08-28,2026-06-30,1833.76,9043.36,6.080403106186196,1.23294881548451,AADI
2026-09-25,11250.0,2026-08-28,2026-06-30,1833.76,9043.36,6.134935869470378,1.244006652394685,AADI
2026-09-28,11625.0,2026-08-28,2026-06-30,1833.76,9043.36,6.339433731786057,1.2854735408078413,AADI
2026-09-29,11050.0,2026-08-28,2026-06-30,1833.76,9043.36,6.0258703429020155,1.221890978574335,AADI
2026-09-30,10950.0,2026-08-28,2026-06-30,1833.76,9043.36,5.971337579617835,1.2108331416641602,AADI
2026-10-01,11150.0,2026-08-28,2026-06-30,1833.76,9043.36,6.080403106186196,1.23294881548451,AADI
2026-10-02,11550.0,2026-08-28,2026-06-30,1833.76,9043.36,6.298534159322921,1.27718016312521,AADI
2026-10-05,11950.0,2026-08-28,2026-06-30,1833.76,9043.36,6.516665212459646,1.32141151076591,AADI
2026-10-06,12125.0,2026-08-28,2026-06-30,1833.76,9043.36,6.612097548206963,1.3407627253587162,AADI
2026-10-07,12075.0,2026-08-28,2026-06-30,1833.76,9043.36,6.584831166564872,1.3352338069036287,AADI
2023-10-09,6410.9287109375,,,,,,,AALI
2023-10-10,6499.0517578125,,,,,,,AALI
2023-10-11,6477.02099609375,,,,,,,AALI
2023-10-12,6388.8974609375,,,,,,,AALI
2023-10-13,6388.8974609375,,,,,,,AALI
2023-10-16,6344.8369140625,,,,,,,AALI
2023-10-17,6344.8369140625,,,,,,,AALI
2023-10-18,6168.59130859375,,,,,,,AALI
2023-10-19,6256.71337890625,,,,,,,AALI
2023-10-20,6234.68310546875,,,,,,,AALI
2023-10-23,6212.65185546875,,,,,,,AALI
2023-10-24,6256.71337890625,,,,,,,AALI
2023-10-25,6190.6220703125,,,,,,,AALI
2023-10-26,6212.65185546875,,,,,,,AALI
2023-10-27,6234.68310546875,,,,,,,AALI
2023-10-30,6168.59130859375,,,,,,,AALI
2023-10-31,6212.65185546875,,,,,,,AALI
2023-11-01,6168.59130859375,,,,,,,AALI
2023-11-02,6212.65185546875,,,,,,,AALI
2023-11-03,6234.68310546875,,,,,,,AALI
2023-11-06,6234.68310546875,,,,,,,AALI
2023-11-07,6190.6220703125,,,,,,,AALI
2023-11-08,6168.59130859375,,,,,,,AALI
2023-11-09,6190.6220703125,,,,,,,AALI
2023-11-10,6168.59130859375,,,,,,,AALI
2023-11-13,6168.59130859375,,,,,,,AALI
2023-11-14,6190.6220703125,,,,,,,AALI
2023-11-15,6190.6220703125,,,,,,,AALI
2023-11-16,6190.6220703125,,,,,,,AALI
2023-11-17,6190.6220703125,,,,,,,AALI
2023-11-20,6190.6220703125,,,,,,,AALI
2023-11-21,6190.6220703125,,,,,,,AALI
2023-11-22,6168.59130859375,,,,,,,AALI
2023-11-23,6190.6220703125,,,,,,,AALI
2023-11-24,6190.6220703125,,,,,,,AALI
2023-11-27,6278.744140625,,,,,,,AALI
2023-11-28,6366.86669921875,,,,,,,AALI
2023-11-29,6322.8056640625,,,,,,,AALI
2023-11-30,6697.32763671875,,,,,,,AALI
2023-12-01,6587.17431640625,,,,,,,AALI
2023-12-04,6278.744140625,,,,,,,AALI
2023-12-05,6234.68310546875,,,,,,,AALI
2023-12-06,6234.68310546875,,,,,,,AALI
2023-12-07,6212.65185546875,,,,,,,AALI
2023-12-08,6234.68310546875,,,,,,,AALI
2023-12-11,6212.65185546875,,,,,,,AALI
2023-12-12,6212.65185546875,,,,,,,AALI
2023-12-13,6234.68310546875,,,,,,,AALI
2023-12-14,6212.65185546875,,,,,,,AALI
2023-12-15,6212.65185546875,,,,,,,AALI
2023-12-18,6190.6220703125,,,,,,,AALI
2023-12-19,6234.68310546875,,,,,,,AALI
2023-12-20,6234.68310546875,,,,,,,AALI
2023-12-21,6190.6220703125,,,,,,,AALI
2023-12-22,6190.6220703125,,,,,,,AALI
2023-12-27,6190.6220703125,,,,,,,AALI
2023-12-28,6212.65185546875,,,,,,,AALI
2023-12-29,6190.6220703125,,,,,,,AALI
2024-01-02,6256.71337890625,,,,,,,AALI
2024-01-03,6278.744140625,,,,,,,AALI
2024-01-04,6300.77490234375,,,,,,,AALI
2024-01-05,6256.71337890625,,,,,,,AALI
2024-01-08,6278.744140625,,,,,,,AALI
2024-01-09,6278.744140625,,,,,,,AALI
2024-01-10,6300.77490234375,,,,,,,AALI
2024-01-11,6300.77490234375,,,,,,,AALI
2024-01-12,6278.744140625,,,,,,,AALI
2024-01-15,6322.8056640625,,,,,,,AALI
2024-01-16,6300.77490234375,,,,,,,AALI
2024-01-17,6300.77490234375,,,,,,,AALI
2024-01-18,6212.65185546875,,,,,,,AALI
2024-01-19,6212.65185546875,,,,,,,AALI
2024-01-22,6190.6220703125,,,,,,,AALI
2024-01-23,6168.59130859375,,,,,,,AALI
2024-01-24,6146.56005859375,,,,,,,AALI
2024-01-25,6146.56005859375,,,,,,,AALI
2024-01-26,6168.59130859375,,,,,,,AALI
2024-01-29,6146.56005859375,,,,,,,AALI
2024-01-30,6080.4677734375,,,,,,,AALI
2024-01-31,6080.4677734375,,,,,,,AALI
2024-02-01,6058.4375,,,,,,,AALI
2024-02-02,6058.4375,,,,,,,AALI
2024-02-05,6058.4375,,,,,,,AALI
2024-02-06,6058.4375,,,,,,,AALI
2024-02-07,6058.4375,,,,,,,AALI
2024-02-12,6102.4990234375,,,,,,,AALI
2024-02-13,6036.4072265625,,,,,,,AALI
2024-02-15,6036.4072265625,,,,,,,AALI
2024-02-16,6014.3759765625,,,,,,,AALI
2024-02-19,6014.3759765625,,,,,,,AALI
2024-02-20,6014.3759765625,,,,,,,AALI
2024-02-21,6102.4990234375,,,,,,,AALI
2024-02-22,6124.52978515625,,,,,,,AALI
2024-02-23,6036.4072265625,,,,,,,AALI
2024-02-26,5992.34521484375,,,,,,,AALI
2024-02-27,5948.28369140625,,,,,,,AALI
2024-02-28,5948.28369140625,,,,,,,AALI
2024-02-29,5926.25341796875,,,,,,,AALI
2024-03-01,5992.34521484375,,,,,,,AALI
2024-03-04,5904.22314453125,,,,,,,AALI
2024-03-05,5838.130859375,,,,,,,AALI
2024-03-06,5794.0693359375,,,,,,,AALI
2024-03-07,5860.16162109375,,,,,,,AALI
2024-03-08,5860.16162109375,,,,,,,AALI
2024-03-13,5860.16162109375,,,,,,,AALI
2024-03-14,5904.22314453125,,,,,,,AALI
2024-03-15,5904.22314453125,,,,,,,AALI
2024-03-18,6036.4072265625,,,,,,,AALI
2024-03-19,6102.4990234375,,,,,,,AALI
2024-03-20,6058.4375,,,,,,,AALI
2024-03-21,6036.4072265625,,,,,,,AALI
2024-03-22,6036.4072265625,,,,,,,AALI
2024-03-25,5992.34521484375,,,,,,,AALI
2024-03-26,6058.4375,,,,,,,AALI
2024-03-27,6080.4677734375,,,,,,,AALI
2024-03-28,6080.4677734375,,,,,,,AALI
2024-04-01,6102.4990234375,,,,,,,AALI
2024-04-02,6080.4677734375,,,,,,,AALI
2024-04-03,6168.59130859375,,,,,,,AALI
2024-04-04,6124.52978515625,,,,,,,AALI
2024-04-05,6146.56005859375,,,,,,,AALI
2024-04-16,5992.34521484375,,,,,,,AALI
2024-04-17,5992.34521484375,,,,,,,AALI
2024-04-18,5882.19189453125,,,,,,,AALI
2024-04-19,5838.130859375,,,,,,,AALI
2024-04-22,5816.10009765625,,,,,,,AALI
2024-04-23,5838.130859375,,,,,,,AALI
2024-04-24,5816.10009765625,,,,,,,AALI
2024-04-25,5794.0693359375,,,,,,,AALI
2024-04-26,5705.94677734375,,,,,,,AALI
2024-04-29,5617.82421875,,,,,,,AALI
2024-04-30,5727.9775390625,,,,,,,AALI
2024-05-02,5661.88525390625,,,,,,,AALI
2024-05-03,5698.06396484375,,,,,,,AALI
2024-05-06,5698.06396484375,,,,,,,AALI
2024-05-07,5698.06396484375,,,,,,,AALI
2024-05-08,5607.61865234375,,,,,,,AALI
2024-05-13,5494.5615234375,,,,,,,AALI
2024-05-14,5517.1728515625,,,,,,,AALI
2024-05-15,5517.1728515625,,,,,,,AALI
2024-05-16,5471.94970703125,,,,,,,AALI
2024-05-17,5517.1728515625,,,,,,,AALI
2024-05-20,5607.61865234375,,,,,,,AALI
2024-05-21,5517.1728515625,,,,,,,AALI
2024-05-22,5585.00732421875,,,,,,,AALI
2024-05-27,5585.00732421875,,,,,,,AALI
2024-05-28,5494.5615234375,,,,,,,AALI
2024-05-29,5449.33935546875,,,,,,,AALI
2024-05-30,5268.44775390625,,,,,,,AALI
2024-05-31,5313.6708984375,,,,,,,AALI
2024-06-03,5426.7275390625,,,,,,,AALI
2024-06-04,5449.33935546875,,,,,,,AALI
2024-06-05,5336.28173828125,,,,,,,AALI
2024-06-06,5336.28173828125,,,,,,,AALI
2024-06-07,5313.6708984375,,,,,,,AALI
2024-06-10,5268.44775390625,,,,,,,AALI
2024-06-11,5245.83642578125,,,,,,,AALI
2024-06-12,5155.39111328125,,,,,,,AALI
2024-06-13,5087.556640625,,,,,,,AALI
2024-06-14,5019.72314453125,,,,,,,AALI
2024-06-19,4951.888671875,,,,,,,AALI
2024-06-20,5019.72314453125,,,,,,,AALI
2024-06-21,4974.5,,,,,,,AALI
2024-06-24,5064.9453125,,,,,,,AALI
2024-06-25,4838.83203125,,,,,,,AALI
2024-06-26,4816.220703125,,,,,,,AALI
2024-06-27,4816.220703125,,,,,,,AALI
2024-06-28,4884.0546875,,,,,,,AALI
2024-07-01,4884.0546875,,,,,,,AALI
2024-07-02,4861.443359375,,,,,,,AALI
2024-07-03,4906.666015625,,,,,,,AALI
2024-07-04,4974.5,,,,,,,AALI
2024-07-05,4906.666015625,,,,,,,AALI
2024-07-08,5268.44775390625,,,,,,,AALI
2024-07-09,5155.39111328125,,,,,,,AALI
2024-07-10,5132.779296875,,,,,,,AALI
2024-07-11,5110.16845703125,,,,,,,AALI
2024-07-12,5291.0595703125,,,,,,,AALI
2024-07-15,5291.0595703125,,,,,,,AALI
2024-07-16,5223.22509765625,,,,,,,AALI
2024-07-17,5200.61328125,,,,,,,AALI
2024-07-18,5245.83642578125,,,,,,,AALI
2024-07-19,5223.22509765625,,,,,,,AALI
2024-07-22,5245.83642578125,,,,,,,AALI
2024-07-23,5268.44775390625,,,,,,,AALI
2024-07-24,5200.61328125,,,,,,,AALI
2024-07-25,5245.83642578125,,,,,,,AALI
2024-07-26,5449.33935546875,,,,,,,AALI
2024-07-29,5471.94970703125,,,,,,,AALI
2024-07-30,5404.11572265625,,,,,,,AALI
2024-07-31,5449.33935546875,,,,,,,AALI
2024-08-01,5494.5615234375,,,,,,,AALI
2024-08-02,5471.94970703125,,,,,,,AALI
2024-08-05,5223.22509765625,,,,,,,AALI
2024-08-06,5223.22509765625,,,,,,,AALI
2024-08-07,5178.00244140625,,,,,,,AALI
2024-08-08,5223.22509765625,,,,,,,AALI
2024-08-09,5268.44775390625,,,,,,,AALI
2024-08-12,5336.28173828125,,,,,,,AALI
2024-08-13,5381.5048828125,,,,,,,AALI
2024-08-14,5358.89306640625,,,,,,,AALI
2024-08-15,5336.28173828125,,,,,,,AALI
2024-08-16,5336.28173828125,,,,,,,AALI
2024-08-19,5358.89306640625,,,,,,,AALI
2024-08-20,5562.3955078125,,,,,,,AALI
2024-08-21,5494.5615234375,,,,,,,AALI
2024-08-22,5449.33935546875,,,,,,,AALI
2024-08-23,5539.7841796875,,,,,,,AALI
2024-08-26,5539.7841796875,,,,,,,AALI
2024-08-27,5539.7841796875,,,,,,,AALI
2024-08-28,5539.7841796875,,,,,,,AALI
2024-08-29,5494.5615234375,,,,,,,AALI
2024-08-30,5471.94970703125,,,,,,,AALI
2024-09-02,5562.3955078125,,,,,,,AALI
2024-09-03,5539.7841796875,,,,,,,AALI
2024-09-04,5449.33935546875,,,,,,,AALI
2024-09-05,5765.89794921875,,,,,,,AALI
2024-09-06,5992.01123046875,,,,,,,AALI
2024-09-09,5833.7314453125,,,,,,,AALI
2024-09-10,5833.7314453125,,,,,,,AALI
2024-09-11,5743.28662109375,,,,,,,AALI
2024-09-12,5833.7314453125,,,,,,,AALI
2024-09-13,5743.28662109375,,,,,,,AALI
2024-09-17,5788.5087890625,,,,,,,AALI
2024-09-18,5743.28662109375,,,,,,,AALI
2024-09-19,5856.34326171875,,,,,,,AALI
2024-09-20,5992.01123046875,,,,,,,AALI
2024-09-23,6082.45703125,,,,,,,AALI
2024-09-24,6082.45703125,,,,,,,AALI
2024-09-25,6082.45703125,,,,,,,AALI
2024-09-26,6127.6796875,,,,,,,AALI
2024-09-27,6059.845703125,,,,,,,AALI
2024-09-30,5969.39990234375,,,,,,,AALI
2024-10-01,6082.45703125,,,,,,,AALI
2024-10-02,6059.845703125,,,,,,,AALI
2024-10-03,6059.845703125,,,,,,,AALI
2024-10-04,6045.1904296875,,,,,,,AALI
2024-10-07,6136.7841796875,,,,,,,AALI
2024-10-08,6090.9873046875,,,,,,,AALI
2024-10-09,6045.1904296875,,,,,,,AALI
2024-10-10,5976.4951171875,,,,,,,AALI
2024-10-11,6022.2919921875,,,,,,,AALI
2024-10-14,6251.2763671875,,,,,,,AALI
2024-10-15,6205.4794921875,,,,,,,AALI
2024-10-16,6022.2919921875,,,,,,,AALI
2024-10-17,6159.6826171875,,,,,,,AALI
2024-10-18,6205.4794921875,,,,,,,AALI
2024-10-21,6159.6826171875,,,,,,,AALI
2024-10-22,6319.9716796875,,,,,,,AALI
2024-10-23,6251.2763671875,,,,,,,AALI
2024-10-24,6319.9716796875,,,,,,,AALI
2024-10-25,6205.4794921875,,,,,,,AALI
2024-10-28,6136.7841796875,,,,,,,AALI
2024-10-29,6205.4794921875,,,,,,,AALI
2024-10-30,6090.9873046875,,,,,,,AALI
2024-10-31,6205.4794921875,,,,,,,AALI
2024-11-01,6159.6826171875,,,,,,,AALI
2024-11-04,6113.8857421875,,,,,,,AALI
2024-11-05,6136.7841796875,,,,,,,AALI
2024-11-06,6113.8857421875,,,,,,,AALI
2024-11-07,6090.9873046875,,,,,,,AALI
2024-11-08,6068.0888671875,,,,,,,AALI
2024-11-11,6136.7841796875,,,,,,,AALI
2024-11-12,6136.7841796875,,,,,,,AALI
2024-11-13,6022.2919921875,,,,,,,AALI
2024-11-14,5953.5966796875,,,,,,,AALI
2024-11-15,5930.6982421875,,,,,,,AALI
2024-11-18,5770.4091796875,,,,,,,AALI
2024-11-19,5724.6123046875,,,,,,,AALI
2024-11-20,5678.8154296875,,,,,,,AALI
2024-11-21,5655.9169921875,,,,,,,AALI
2024-11-22,5678.8154296875,,,,,,,AALI
2024-11-25,5678.8154296875,,,,,,,AALI
2024-11-26,5747.51025390625,,,,,,,AALI
2024-11-28,5678.8154296875,,,,,,,AALI
2024-11-29,5678.8154296875,,,,,,,AALI
2024-12-02,5610.1201171875,,,,,,,AALI
2024-12-03,5610.1201171875,,,,,,,AALI
2024-12-04,5724.6123046875,,,,,,,AALI
2024-12-05,5678.8154296875,,,,,,,AALI
2024-12-06,5701.71337890625,,,,,,,AALI
2024-12-09,5678.8154296875,,,,,,,AALI
2024-12-10,5747.51025390625,,,,,,,AALI
2024-12-11,5724.6123046875,,,,,,,AALI
2024-12-12,5724.6123046875,,,,,,,AALI
2024-12-13,5678.8154296875,,,,,,,AALI
2024-12-16,5633.01806640625,,,,,,,AALI
2024-12-17,5633.01806640625,,,,,,,AALI
2024-12-18,5564.3232421875,,,,,,,AALI
2024-12-19,5404.03369140625,,,,,,,AALI
2024-12-20,5335.3388671875,,,,,,,AALI
2024-12-23,5335.3388671875,,,,,,,AALI
2024-12-24,5335.3388671875,,,,,,,AALI
2024-12-27,5633.01806640625,,,,,,,AALI
2024-12-30,5678.8154296875,,,,,,,AALI
2025-01-02,5633.01806640625,,,,,,,AALI
2025-01-03,5655.9169921875,,,,,,,AALI
2025-01-06,5587.22119140625,,,,,,,AALI
2025-01-07,5564.3232421875,,,,,,,AALI
2025-01-08,5518.5263671875,,,,,,,AALI
2025-01-09,5472.72900390625,,,,,,,AALI
2025-01-10,5426.93212890625,,,,,,,AALI
2025-01-13,5518.5263671875,,,,,,,AALI
2025-01-14,5426.93212890625,,,,,,,AALI
2025-01-15,5495.6279296875,,,,,,,AALI
2025-01-16,5472.72900390625,,,,,,,AALI
2025-01-17,5495.6279296875,,,,,,,AALI
2025-01-20,5449.8310546875,,,,,,,AALI
2025-01-21,5426.93212890625,,,,,,,AALI
2025-01-22,5472.72900390625,,,,,,,AALI
2025-01-23,5495.6279296875,,,,,,,AALI
2025-01-24,5426.93212890625,,,,,,,AALI
2025-01-30,5404.03369140625,,,,,,,AALI
2025-01-31,5381.1357421875,,,,,,,AALI
2025-02-03,5358.2373046875,,,,,,,AALI
2025-02-04,5335.3388671875,,,,,,,AALI
2025-02-05,5289.54150390625,,,,,,,AALI
2025-02-06,5197.94775390625,,,,,,,AALI
2025-02-07,5197.94775390625,,,,,,,AALI
2025-02-10,5129.25244140625,,,,,,,AALI
2025-02-11,5129.25244140625,,,,,,,AALI
2025-02-12,5129.25244140625,,,,,,,AALI
2025-02-13,5129.25244140625,,,,,,,AALI
2025-02-14,5289.54150390625,,,,,,,AALI
2025-02-17,5312.43994140625,,,,,,,AALI
2025-02-18,5358.2373046875,,,,,,,AALI
2025-02-19,5426.93212890625,,,,,,,AALI
2025-02-20,5449.8310546875,,,,,,,AALI
2025-02-21,5404.03369140625,,,,,,,AALI
2025-02-24,5404.03369140625,,,,,,,AALI
2025-02-25,5266.64306640625,,,,,,,AALI
2025-02-26,5335.3388671875,,,,,,,AALI
2025-02-27,5243.74462890625,,,,,,,AALI
2025-02-28,4946.064453125,,,,,,,AALI
2025-03-03,5106.35400390625,,,,,,,AALI
2025-03-04,5060.55712890625,,,,,,,AALI
2025-03-05,5220.8466796875,,,,,,,AALI
2025-03-06,5335.3388671875,,,,,,,AALI
2025-03-07,5312.43994140625,,,,,,,AALI
2025-03-10,5266.64306640625,,,,,,,AALI
2025-03-11,5335.3388671875,,,,,,,AALI
2025-03-12,5289.54150390625,,,,,,,AALI
2025-03-13,5197.94775390625,,,,,,,AALI
2025-03-14,5289.54150390625,,,,,,,AALI
2025-03-17,5358.2373046875,,,,,,,AALI
2025-03-18,5152.15087890625,,,,,,,AALI
2025-03-19,5152.15087890625,,,,,,,AALI
2025-03-20,5129.25244140625,,,,,,,AALI
2025-03-21,5083.4560546875,,,,,,,AALI
2025-03-24,5014.76025390625,,,,,,,AALI
2025-03-25,4968.96337890625,,,,,,,AALI
2025-03-26,5197.94775390625,,,,,,,AALI
2025-03-27,5129.25244140625,,,,,,,AALI
2025-04-08,4785.775390625,,,,,,,AALI
2025-04-09,4831.572265625,,,,,,,AALI
2025-04-10,4991.86181640625,,,,,,,AALI
2025-04-11,5014.76025390625,,,,,,,AALI
2025-04-14,5175.04931640625,,,,,,,AALI
2025-04-15,5152.15087890625,,,,,,,AALI
2025-04-16,5152.15087890625,,,,,,,AALI
2025-04-17,5220.8466796875,,,,,,,AALI
2025-04-21,5152.15087890625,,,,,,,AALI
2025-04-22,5197.94775390625,,,,,,,AALI
2025-04-23,5266.64306640625,,,,,,,AALI
2025-04-24,5312.43994140625,,,,,,,AALI
2025-04-25,5358.2373046875,,,,,,,AALI
2025-04-28,5449.8310546875,,,,,,,AALI
2025-04-29,5518.5263671875,,,,,,,AALI
2025-04-30,5449.8310546875,,,,,,,AALI
2025-05-02,5495.6279296875,,,,,,,AALI
2025-05-05,5541.42431640625,,,,,,,AALI
2025-05-06,5472.72900390625,,,,,,,AALI
2025-05-07,5518.5263671875,,,,,,,AALI
2025-05-08,5597.88818359375,,,,,,,AALI
2025-05-09,5527.029296875,,,,,,,AALI
2025-05-14,5621.50830078125,,,,,,,AALI
2025-05-15,5621.50830078125,,,,,,,AALI
2025-05-16,5621.50830078125,,,,,,,AALI
2025-05-19,5715.9873046875,,,,,,,AALI
2025-05-20,5668.748046875,,,,,,,AALI
2025-05-21,5715.9873046875,,,,,,,AALI
2025-05-22,5692.36767578125,,,,,,,AALI
2025-05-23,5715.9873046875,,,,,,,AALI
2025-05-26,5645.1279296875,,,,,,,AALI
2025-05-27,5597.88818359375,,,,,,,AALI
2025-05-28,5668.748046875,,,,,,,AALI
2025-06-02,5668.748046875,,,,,,,AALI
2025-06-03,5621.50830078125,,,,,,,AALI
2025-06-04,5645.1279296875,,,,,,,AALI
2025-06-05,5574.2685546875,,,,,,,AALI
2025-06-10,5668.748046875,,,,,,,AALI
2025-06-11,5715.9873046875,,,,,,,AALI
2025-06-12,5692.36767578125,,,,,,,AALI
2025-06-13,5645.1279296875,,,,,,,AALI
2025-06-16,5621.50830078125,,,,,,,AALI
2025-06-17,5739.60693359375,,,,,,,AALI
2025-06-18,5645.1279296875,,,,,,,AALI
2025-06-19,5527.029296875,,,,,,,AALI
2025-06-20,5479.78955078125,,,,,,,AALI
2025-06-23,5408.93017578125,,,,,,,AALI
2025-06-24,5503.4091796875,,,,,,,AALI
2025-06-25,5550.64892578125,,,,,,,AALI
2025-06-26,5550.64892578125,,,,,,,AALI
2025-06-30,5479.78955078125,,,,,,,AALI
2025-07-01,5432.5498046875,,,,,,,AALI
2025-07-02,5432.5498046875,,,,,,,AALI
2025-07-03,5479.78955078125,,,,,,,AALI
2025-07-04,5456.169921875,,,,,,,AALI
2025-07-07,5479.78955078125,,,,,,,AALI
2025-07-08,5432.5498046875,,,,,,,AALI
2025-07-09,5503.4091796875,,,,,,,AALI
2025-07-10,5527.029296875,,,,,,,AALI
2025-07-11,5597.88818359375,,,,,,,AALI
2025-07-14,5597.88818359375,,,,,,,AALI
2025-07-15,5550.64892578125,,,,,,,AALI
2025-07-16,5621.50830078125,,,,,,,AALI
2025-07-17,5999.4248046875,,,,,,,AALI
2025-07-18,5975.80517578125,,,,,,,AALI
2025-07-21,6023.044921875,,,,,,,AALI
2025-07-22,5928.5654296875,,,,,,,AALI
2025-07-23,5975.80517578125,,,,,,,AALI
2025-07-24,6164.76318359375,,,,,,,AALI
2025-07-25,6093.90380859375,,,,,,,AALI
2025-07-28,6141.1435546875,,,,,,,AALI
2025-07-29,6141.1435546875,,,,,,,AALI
2025-07-30,6542.6796875,,,,,,,AALI
2025-07-31,6424.5810546875,,,,,,,AALI
2025-08-01,6424.5810546875,,,,,,,AALI
2025-08-04,6377.34130859375,,,,,,,AALI
2025-08-05,6519.0595703125,,,,,,,AALI
2025-08-06,6471.82080078125,,,,,,,AALI
2025-08-07,6448.20068359375,,,,,,,AALI
2025-08-08,6542.6796875,,,,,,,AALI
2025-08-11,6778.8779296875,,,,,,,AALI
2025-08-12,6660.7783203125,,,,,,,AALI
2025-08-13,6755.2578125,,,,,,,AALI
2025-08-14,6731.63818359375,,,,,,,AALI
2025-08-15,6613.5390625,,,,,,,AALI
2025-08-19,6991.45556640625,,,,,,,AALI
2025-08-20,6991.45556640625,,,,,,,AALI
2025-08-21,6944.21630859375,,,,,,,AALI
2025-08-22,7038.6953125,,,,,,,AALI
2025-08-25,7062.31494140625,,,,,,,AALI
2025-08-26,6826.1171875,,,,,,,AALI
2025-08-27,6802.49755859375,,,,,,,AALI
2025-08-28,7015.0751953125,,,,,,,AALI
2025-08-29,6896.9765625,,,,,,,AALI
2025-09-01,6755.2578125,,,,,,,AALI
2025-09-02,6873.3564453125,,,,,,,AALI
2025-09-03,6896.9765625,,,,,,,AALI
2025-09-04,6944.21630859375,,,,,,,AALI
2025-09-08,6896.9765625,,,,,,,AALI
2025-09-09,7015.0751953125,,,,,,,AALI
2025-09-10,6873.3564453125,,,,,,,AALI
2025-09-11,6896.9765625,,,,,,,AALI
2025-09-12,6944.21630859375,,,,,,,AALI
2025-09-15,7085.93505859375,,,,,,,AALI
2025-09-16,7322.13232421875,,,,,,,AALI
2025-09-17,7463.85107421875,,,,,,,AALI
2025-09-18,7558.33056640625,,,,,,,AALI
2025-09-19,7416.61181640625,,,,,,,AALI
2025-09-22,7345.75244140625,,,,,,,AALI
2025-09-23,7511.0908203125,,,,,,,AALI
2025-09-24,7487.47119140625,,,,,,,AALI
2025-09-25,7747.2890625,,,,,,,AALI
2025-09-26,7794.5283203125,,,,,,,AALI
2025-09-29,7723.6689453125,,,,,,,AALI
2025-09-30,7723.6689453125,,,,,,,AALI
2025-10-01,7558.33056640625,,,,,,,AALI
2025-10-02,7511.0908203125,,,,,,,AALI
2025-10-03,7653.1171875,,,,,,,AALI
2025-10-06,7269.26171875,,,,,,,AALI
2025-10-07,7101.3251953125,,,,,,,AALI
2025-10-08,7077.333984375,,,,,,,AALI
2025-10-09,7485.1806640625,,,,,,,AALI
2025-10-10,7485.1806640625,,,,,,,AALI
2025-10-13,7485.1806640625,,,,,,,AALI
2025-10-14,7557.1533203125,,,,,,,AALI
2025-10-15,7533.16259765625,,,,,,,AALI
2025-10-16,7725.09033203125,,,,,,,AALI
2025-10-17,7581.14453125,,,,,,,AALI
2025-10-20,7581.14453125,,,,,,,AALI
2025-10-21,7701.09912109375,,,,,,,AALI
2025-10-22,7797.06298828125,,,,,,,AALI
2025-10-23,7797.06298828125,,,,,,,AALI
2025-10-24,7677.1083984375,,,,,,,AALI
2025-10-27,7653.1171875,,,,,,,AALI
2025-10-28,7581.14453125,,,,,,,AALI
2025-10-29,7581.14453125,,,,,,,AALI
2025-10-30,7509.17138671875,,,,,,,AALI
2025-10-31,7485.1806640625,,,,,,,AALI
2025-11-03,7485.1806640625,,,,,,,AALI
2025-11-04,7413.20751953125,,,,,,,AALI
2025-11-05,7389.216796875,,,,,,,AALI
2025-11-06,7485.1806640625,,,,,,,AALI
2025-11-07,7485.1806640625,,,,,,,AALI
2025-11-10,7413.20751953125,,,,,,,AALI
2025-11-11,7485.1806640625,,,,,,,AALI
2025-11-12,7581.14453125,,,,,,,AALI
2025-11-13,7461.189453125,,,,,,,AALI
2025-11-14,7389.216796875,,,,,,,AALI
2025-11-17,7437.19873046875,,,,,,,AALI
2025-11-18,7389.216796875,,,,,,,AALI
2025-11-19,7485.1806640625,,,,,,,AALI
2025-11-20,7557.1533203125,,,,,,,AALI
2025-11-21,7485.1806640625,,,,,,,AALI
2025-11-24,7485.1806640625,,,,,,,AALI
2025-11-25,7485.1806640625,,,,,,,AALI
2025-11-26,7389.216796875,,,,,,,AALI
2025-11-27,7269.26171875,,,,,,,AALI
2025-11-28,7269.26171875,,,,,,,AALI
2025-12-01,7341.23486328125,,,,,,,AALI
2025-12-02,7341.23486328125,,,,,,,AALI
2025-12-03,7437.19873046875,,,,,,,AALI
2025-12-04,7557.1533203125,,,,,,,AALI
2025-12-05,7653.1171875,,,,,,,AALI
2025-12-08,7629.12646484375,,,,,,,AALI
2025-12-09,7509.17138671875,,,,,,,AALI
2025-12-10,7509.17138671875,,,,,,,AALI
2025-12-11,7125.31591796875,,,,,,,AALI
2025-12-12,7101.3251953125,,,,,,,AALI
2025-12-15,7197.2890625,,,,,,,AALI
2025-12-16,7053.34326171875,,,,,,,AALI
2025-12-17,7077.333984375,,,,,,,AALI
2025-12-18,7149.30712890625,,,,,,,AALI
2025-12-19,7077.333984375,,,,,,,AALI
2025-12-22,7101.3251953125,,,,,,,AALI
2025-12-23,7173.2978515625,,,,,,,AALI
2025-12-24,7005.361328125,,,,,,,AALI
2025-12-29,7029.35205078125,,,,,,,AALI
2025-12-30,7077.333984375,,,,,,,AALI
2026-01-02,7077.333984375,,,,,,,AALI
2026-01-05,7173.2978515625,,,,,,,AALI
2026-01-06,7341.23486328125,,,,,,,AALI
2026-01-07,7389.216796875,,,,,,,AALI
2026-01-08,7605.13525390625,,,,,,,AALI
2026-01-09,7581.14453125,,,,,,,AALI
2026-01-12,7389.216796875,,,,,,,AALI
2026-01-13,7413.20751953125,,,,,,,AALI
2026-01-14,7461.189453125,,,,,,,AALI
2026-01-15,7437.19873046875,,,,,,,AALI
2026-01-19,7389.216796875,,,,,,,AALI
2026-01-20,7341.23486328125,,,,,,,AALI
2026-01-21,7149.30712890625,,,,,,,AALI
2026-01-22,7293.2529296875,,,,,,,AALI
2026-01-23,7365.2255859375,,,,,,,AALI
2026-01-26,7293.2529296875,,,,,,,AALI
2026-01-27,7413.20751953125,,,,,,,AALI
2026-01-28,7101.3251953125,,,,,,,AALI
2026-01-29,7005.361328125,,,,,,,AALI
2026-01-30,7101.3251953125,,,,,,,AALI
2026-02-02,6981.3701171875,,,,,,,AALI
2026-02-03,7149.30712890625,,,,,,,AALI
2026-02-04,7197.2890625,,,,,,,AALI
2026-02-05,7221.27978515625,,,,,,,AALI
2026-02-06,7245.27099609375,,,,,,,AALI
2026-02-09,7149.30712890625,,,,,,,AALI
2026-02-10,7269.26171875,,,,,,,AALI
2026-02-11,7245.27099609375,,,,,,,AALI
2026-02-12,7197.2890625,,,,,,,AALI
2026-02-13,7221.27978515625,,,,,,,AALI
2026-02-18,7293.2529296875,,,,,,,AALI
2026-02-19,7341.23486328125,,,,,,,AALI
2026-02-20,7269.26171875,,,,,,,AALI
2026-02-23,7389.216796875,,,,,,,AALI
2026-02-24,7365.2255859375,,,,,,,AALI
2026-02-25,7269.26171875,,,,,,,AALI
2026-02-26,7149.30712890625,,,,,,,AALI
2026-02-27,7197.2890625,,,,,,,AALI
2026-03-02,7101.3251953125,,,,,,,AALI
2026-03-03,7053.34326171875,,,,,,,AALI
2026-03-04,6837.4248046875,,,,,,,AALI
2026-03-05,7029.35205078125,,,,,,,AALI
2026-03-06,7053.34326171875,,,,,,,AALI
2026-03-09,7005.361328125,,,,,,,AALI
2026-03-10,6981.3701171875,,,,,,,AALI
2026-03-11,6981.3701171875,,,,,,,AALI
2026-03-12,6957.37939453125,,,,,,,AALI
2026-03-13,6957.37939453125,,,,,,,AALI
2026-03-16,6933.38818359375,,,,,,,AALI
2026-03-17,6909.3974609375,,,,,,,AALI
2026-03-25,7053.34326171875,,,,,,,AALI
2026-03-26,7053.34326171875,,,,,,,AALI
2026-03-27,7101.3251953125,,,,,,,AALI
2026-03-30,7245.27099609375,,,,,,,AALI
2026-03-31,7245.27099609375,,,,,,,AALI
2026-04-01,7365.2255859375,,,,,,,AALI
2026-04-02,7461.189453125,,,,,,,AALI
2026-04-06,7509.17138671875,,,,,,,AALI
2026-04-07,7413.20751953125,,,,,,,AALI
2026-04-08,7485.1806640625,,,,,,,AALI
2026-04-09,7485.1806640625,,,,,,,AALI
2026-04-10,7509.17138671875,,,,,,,AALI
2026-04-13,7629.12646484375,,,,,,,AALI
2026-04-14,7749.0810546875,,,,,,,AALI
2026-04-15,7749.0810546875,,,,,,,AALI
2026-04-16,7821.05419921875,,,,,,,AALI
2026-04-17,8012.98193359375,,,,,,,AALI
2026-04-20,8060.9638671875,,,,,,,AALI
2026-04-21,8060.9638671875,,,,,,,AALI
2026-04-22,7965.0,,,,,,,AALI
2026-04-23,7965.0,,,,,,,AALI
2026-04-24,8100.0,,,,,,,AALI
2026-04-27,8350.0,,,,,,,AALI
2026-04-28,8075.0,,,,,,,AALI
2026-04-29,8050.0,,,,,,,AALI
2026-04-30,8100.0,,,,,,,AALI
2026-05-04,8275.0,,,,,,,AALI
2026-05-05,8200.0,,,,,,,AALI
2026-05-06,8475.0,,,,,,,AALI
2026-05-07,8350.0,,,,,,,AALI
2026-05-08,8050.0,,,,,,,AALI
2026-05-11,8200.0,,,,,,,AALI
2026-05-12,8075.0,,,,,,,AALI
2026-05-13,7600.0,,,,,,,AALI
2026-05-14,7600.0,,,,,,,AALI
2026-05-15,7600.0,,,,,,,AALI
2026-05-18,7200.0,,,,,,,AALI
2026-05-19,6750.0,,,,,,,AALI
2026-05-20,6750.0,,,,,,,AALI
2026-05-21,6525.0,,,,,,,AALI
2026-05-22,6600.0,,,,,,,AALI
2026-05-25,6525.0,,,,,,,AALI
2026-05-26,6575.0,,,,,,,AALI
2026-05-27,6575.0,,,,,,,AALI
2026-05-28,6575.0,,,,,,,AALI
2026-05-29,6475.0,,,,,,,AALI
2026-06-02,6825.0,,,,,,,AALI
2026-06-03,6650.0,,,,,,,AALI
2026-06-04,6275.0,,,,,,,AALI
2026-06-05,6375.0,,,,,,,AALI
2026-06-08,5900.0,,,,,,,AALI
2026-06-09,6025.0,,,,,,,AALI
2026-06-10,6175.0,,,,,,,AALI
2026-06-11,6050.0,,,,,,,AALI
2026-06-12,6175.0,,,,,,,AALI
2026-06-15,6100.0,,,,,,,AALI
2026-06-17,6200.0,,,,,,,AALI
2026-06-18,6200.0,,,,,,,AALI
2026-06-19,6175.0,,,,,,,AALI
2026-06-22,6125.0,,,,,,,AALI
2026-06-23,6150.0,,,,,,,AALI
2026-06-24,6100.0,,,,,,,AALI
2026-06-25,6050.0,,,,,,,AALI
2026-06-26,5875.0,,,,,,,AALI
2026-06-29,5975.0,,,,,,,AALI
2026-06-30,5950.0,,,,,,,AALI
2026-07-01,5975.0,,,,,,,AALI
2026-07-02,5975.0,,,,,,,AALI
2026-07-03,6025.0,,,,,,,AALI
2026-07-06,6025.0,,,,,,,AALI
2026-07-07,6075.0,,,,,,,AALI
2026-07-08,6150.0,,,,,,,AALI
2026-07-09,6200.0,,,,,,,AALI
2026-07-10,6300.0,,,,,,,AALI
2026-07-13,6300.0,,,,,,,AALI
2026-07-14,6300.0,,,,,,,AALI
2026-07-15,6300.0,,,,,,,AALI
2026-07-16,6425.0,,,,,,,AALI
2026-07-17,6450.0,,,,,,,AALI
2026-07-20,6525.0,,,,,,,AALI
2026-07-21,6500.0,,,,,,,AALI
2026-07-22,6475.0,,,,,,,AALI
2026-07-23,6650.0,,,,,,,AALI
2026-07-24,6525.0,,,,,,,AALI
2026-07-27,6575.0,,,,,,,AALI
2026-07-28,6550.0,,,,,,,AALI
2026-07-29,6500.0,2026-07-29,2026-06-30,970.8,12784.61,6.69550885867326,0.5084238001784959,AALI
2026-07-30,6875.0,2026-07-29,2026-06-30,970.8,12784.61,7.081788215904409,0.537755942496486,AALI
2026-07-31,6875.0,2026-07-29,2026-06-30,970.8,12784.61,7.081788215904409,0.537755942496486,AALI
2026-08-03,7050.0,2026-07-29,2026-06-30,970.8,12784.61,7.262051915945612,0.5514442755782147,AALI
2026-08-04,7200.0,2026-07-29,2026-06-30,970.8,12784.61,7.416563658838072,0.5631771325054108,AALI
2026-08-05,7100.0,2026-07-29,2026-06-30,970.8,12784.61,7.313555830243099,0.5553552278872801,AALI
2026-08-06,7150.0,2026-07-29,2026-06-30,970.8,12784.61,7.365059744540585,0.5592661801963454,AALI
2026-08-07,7325.0,2026-07-29,2026-06-30,970.8,12784.61,7.545323444581789,0.5729545132780741,AALI
2026-08-10,7200.0,2026-07-29,2026-06-30,970.8,12784.61,7.416563658838072,0.5631771325054108,AALI
2026-08-11,7200.0,2026-07-29,2026-06-30,970.8,12784.61,7.416563658838072,0.5631771325054108,AALI
2026-08-12,7175.0,2026-07-29,2026-06-30,970.8,12784.61,7.390811701689329,0.5612216563508781,AALI
2026-08-13,7175.0,2026-07-29,2026-06-30,970.8,12784.61,7.390811701689329,0.5612216563508781,AALI
2026-08-14,7475.0,2026-07-29,2026-06-30,970.8,12784.61,7.699835187474249,0.5846873702052702,AALI
2026-08-18,7700.0,2026-07-29,2026-06-30,970.8,12784.61,7.9316028018129385,0.6022866555960643,AALI
2026-08-19,7750.0,2026-07-29,2026-06-30,970.8,12784.61,7.9831067161104245,0.6061976079051297,AALI
2026-08-20,8000.0,2026-07-29,2026-06-30,970.8,12784.61,8.240626287597857,0.6257523694504564,AALI
2026-08-21,7900.0,2026-07-29,2026-06-30,970.8,12784.61,8.137618459002885,0.6179304648323257,AALI
2026-08-24,8000.0,2026-07-29,2026-06-30,970.8,12784.61,8.240626287597857,0.6257523694504564,AALI
2026-08-25,8000.0,2026-07-29,2026-06-30,970.8,12784.61,8.240626287597857,0.6257523694504564,AALI
2026-08-26,7825.0,2026-07-29,2026-06-30,970.8,12784.61,8.060362587556655,0.6120640363687276,AALI
2026-08-27,8000.0,2026-07-29,2026-06-30,970.8,12784.61,8.240626287597857,0.6257523694504564,AALI
2026-08-28,7975.0,2026-07-29,2026-06-30,970.8,12784.61,8.214874330449115,0.6237968932959237,AALI
2026-08-31,8050.0,2026-07-29,2026-06-30,970.8,12784.61,8.292130201895345,0.6296633217595218,AALI
2026-09-01,8400.0,2026-07-29,2026-06-30,970.8,12784.61,8.65265760197775,0.6570399879229792,AALI
2026-09-02,8375.0,2026-07-29,2026-06-30,970.8,12784.61,8.626905644829007,0.6550845117684465,AALI
2026-09-03,8575.0,2026-07-29,2026-06-30,970.8,12784.61,8.832921302018955,0.670728321004708,AALI
2026-09-04,8550.0,2026-07-29,2026-06-30,970.8,12784.61,8.80716934487021,0.6687728448501753,AALI
2026-09-07,8375.0,2026-07-29,2026-06-30,970.8,12784.61,8.626905644829007,0.6550845117684465,AALI
2026-09-08,8525.0,2026-07-29,2026-06-30,970.8,12784.61,8.781417387721467,0.6668173686956427,AALI
2026-09-09,8600.0,2026-07-29,2026-06-30,970.8,12784.61,8.858673259167697,0.6726837971592406,AALI
2026-09-10,8425.0,2026-07-29,2026-06-30,970.8,12784.61,8.678409559126495,0.6589954640775119,AALI
2026-09-11,8600.0,2026-07-29,2026-06-30,970.8,12784.61,8.858673259167697,0.6726837971592406,AALI
2026-09-14,8450.0,2026-07-29,2026-06-30,970.8,12784.61,8.704161516275237,0.6609509402320446,AALI
2026-09-15,8475.0,2026-07-29,2026-06-30,970.8,12784.61,8.72991347342398,0.6629064163865773,AALI
2026-09-16,8625.0,2026-07-29,2026-06-30,970.8,12784.61,8.88442521631644,0.6746392733137734,AALI
2026-09-17,8675.0,2026-07-29,2026-06-30,970.8,12784.61,8.935929130613927,0.6785502256228387,AALI
2026-09-18,8600.0,2026-07-29,2026-06-30,970.8,12784.61,8.858673259167697,0.6726837971592406,AALI
2026-09-21,8350.0,2026-07-29,2026-06-30,970.8,12784.61,8.601153687680265,0.6531290356139139,AALI
2026-09-22,7850.0,2026-07-29,2026-06-30,970.8,12784.61,8.086114544705397,0.6140195125232604,AALI
2026-09-23,7850.0,2026-07-29,2026-06-30,970.8,12784.61,8.086114544705397,0.6140195125232604,AALI
2026-09-24,7775.0,2026-07-29,2026-06-30,970.8,12784.61,8.008858673259168,0.6081530840596623,AALI
2026-09-25,7850.0,2026-07-29,2026-06-30,970.8,12784.61,8.086114544705397,0.6140195125232604,AALI
2026-09-28,7825.0,2026-07-29,2026-06-30,970.8,12784.61,8.060362587556655,0.6120640363687276,AALI
2026-09-29,7800.0,2026-07-29,2026-06-30,970.8,12784.61,8.034610630407911,0.610108560214195,AALI
2026-09-30,8000.0,2026-07-29,2026-06-30,970.8,12784.61,8.240626287597857,0.6257523694504564,AALI
2026-10-01,7900.0,2026-07-29,2026-06-30,970.8,12784.61,8.137618459002885,0.6179304648323257,AALI
2026-10-02,8250.0,2026-07-29,2026-06-30,970.8,12784.61,8.498145859085291,0.6453071309957832,AALI
2026-10-05,8400.0,2026-07-29,2026-06-30,970.8,12784.61,8.65265760197775,0.6570399879229792,AALI
2026-10-06,8525.0,2026-07-29,2026-06-30,970.8,12784.61,8.781417387721467,0.6668173686956427,AALI
2026-10-07,8550.0,2026-07-29,2026-06-30,970.8,12784.61,8.80716934487021,0.6687728448501753,AALI
2023-10-09,79.0,,,,,,,ABBA
2023-10-10,80.0,,,,,,,ABBA
2023-10-11,79.0,,,,,,,ABBA
2023-10-12,79.0,,,,,,,ABBA
2023-10-13,77.0,,,,,,,ABBA
2023-10-16,74.0,,,,,,,ABBA
2023-10-17,73.0,,,,,,,ABBA
2023-10-18,80.0,,,,,,,ABBA
2023-10-19,85.0,,,,,,,ABBA
2023-10-20,90.0,,,,,,,ABBA
2023-10-23,81.0,,,,,,,ABBA
2023-10-24,78.0,,,,,,,ABBA
2023-10-25,73.0,,,,,,,ABBA
2023-10-26,73.0,,,,,,,ABBA
2023-10-27,72.0,,,,,,,ABBA
2023-10-30,73.0,,,,,,,ABBA
2023-10-31,73.0,,,,,,,ABBA
2023-11-01,73.0,,,,,,,ABBA
2023-11-02,73.0,,,,,,,ABBA
2023-11-03,75.0,,,,,,,ABBA
2023-11-06,75.0,,,,,,,ABBA
2023-11-07,75.0,,,,,,,ABBA
2023-11-08,73.0,,,,,,,ABBA
2023-11-09,72.0,,,,,,,ABBA
2023-11-10,71.0,,,,,,,ABBA
2023-11-13,71.0,,,,,,,ABBA
2023-11-14,72.0,,,,,,,ABBA
2023-11-15,72.0,,,,,,,ABBA
2023-11-16,72.0,,,,,,,ABBA
2023-11-17,71.0,,,,,,,ABBA
2023-11-20,70.0,,,,,,,ABBA
2023-11-21,70.0,,,,,,,ABBA
2023-11-22,70.0,,,,,,,ABBA
2023-11-23,69.0,,,,,,,ABBA
2023-11-24,68.0,,,,,,,ABBA
2023-11-27,70.0,,,,,,,ABBA
2023-11-28,69.0,,,,,,,ABBA
2023-11-29,67.0,,,,,,,ABBA
2023-11-30,68.0,,,,,,,ABBA
2023-12-01,67.0,,,,,,,ABBA
2023-12-04,69.0,,,,,,,ABBA
2023-12-05,68.0,,,,,,,ABBA
2023-12-06,67.0,,,,,,,ABBA
2023-12-07,67.0,,,,,,,ABBA
2023-12-08,65.0,,,,,,,ABBA
2023-12-11,63.0,,,,,,,ABBA
2023-12-12,57.0,,,,,,,ABBA
2023-12-13,56.0,,,,,,,ABBA
2023-12-14,51.0,,,,,,,ABBA
2023-12-15,52.0,,,,,,,ABBA
2023-12-18,52.0,,,,,,,ABBA
2023-12-19,51.0,,,,,,,ABBA
2023-12-20,51.0,,,,,,,ABBA
2023-12-21,52.0,,,,,,,ABBA
2023-12-22,51.0,,,,,,,ABBA
2023-12-27,50.0,,,,,,,ABBA
2023-12-28,52.0,,,,,,,ABBA
2023-12-29,52.0,,,,,,,ABBA
2024-01-02,52.0,,,,,,,ABBA
2024-01-03,54.0,,,,,,,ABBA
2024-01-04,54.0,,,,,,,ABBA
2024-01-05,55.0,,,,,,,ABBA
2024-01-08,54.0,,,,,,,ABBA
2024-01-09,53.0,,,,,,,ABBA
2024-01-10,54.0,,,,,,,ABBA
2024-01-11,54.0,,,,,,,ABBA
2024-01-12,54.0,,,,,,,ABBA
2024-01-15,53.0,,,,,,,ABBA
2024-01-16,53.0,,,,,,,ABBA
2024-01-17,53.0,,,,,,,ABBA
2024-01-18,52.0,,,,,,,ABBA
2024-01-19,52.0,,,,,,,ABBA
2024-01-22,51.0,,,,,,,ABBA
2024-01-23,52.0,,,,,,,ABBA
2024-01-24,51.0,,,,,,,ABBA
2024-01-25,52.0,,,,,,,ABBA
2024-01-26,51.0,,,,,,,ABBA
2024-01-29,51.0,,,,,,,ABBA
2024-01-30,51.0,,,,,,,ABBA
2024-01-31,51.0,,,,,,,ABBA
2024-02-01,52.0,,,,,,,ABBA
2024-02-02,51.0,,,,,,,ABBA
2024-02-05,52.0,,,,,,,ABBA
2024-02-06,52.0,,,,,,,ABBA
2024-02-07,51.0,,,,,,,ABBA
2024-02-12,52.0,,,,,,,ABBA
2024-02-13,53.0,,,,,,,ABBA
2024-02-15,53.0,,,,,,,ABBA
2024-02-16,52.0,,,,,,,ABBA
2024-02-19,52.0,,,,,,,ABBA
2024-02-20,52.0,,,,,,,ABBA
2024-02-21,51.0,,,,,,,ABBA
2024-02-22,51.0,,,,,,,ABBA
2024-02-23,51.0,,,,,,,ABBA
2024-02-26,51.0,,,,,,,ABBA
2024-02-27,53.0,,,,,,,ABBA
2024-02-28,53.0,,,,,,,ABBA
2024-02-29,52.0,,,,,,,ABBA
2024-03-01,51.0,,,,,,,ABBA
2024-03-04,51.0,,,,,,,ABBA
2024-03-05,53.0,,,,,,,ABBA
2024-03-06,51.0,,,,,,,ABBA
2024-03-07,52.0,,,,,,,ABBA
2024-03-08,52.0,,,,,,,ABBA
2024-03-13,51.0,,,,,,,ABBA
2024-03-14,52.0,,,,,,,ABBA
2024-03-15,51.0,,,,,,,ABBA
2024-03-18,51.0,,,,,,,ABBA
2024-03-19,51.0,,,,,,,ABBA
2024-03-20,50.0,,,,,,,ABBA
2024-03-21,50.0,,,,,,,ABBA
2024-03-22,51.0,,,,,,,ABBA
2024-03-25,45.0,,,,,,,ABBA
2024-03-26,41.0,,,,,,,ABBA
2024-03-27,37.0,,,,,,,ABBA
2024-03-28,34.0,,,,,,,ABBA
2024-04-01,31.0,,,,,,,ABBA
2024-04-02,34.0,,,,,,,ABBA
2024-04-03,35.0,,,,,,,ABBA
2024-04-04,36.0,,,,,,,ABBA
2024-04-05,35.0,,,,,,,ABBA
2024-04-16,33.0,,,,,,,ABBA
2024-04-17,30.0,,,,,,,ABBA
2024-04-18,27.0,,,,,,,ABBA
2024-04-19,27.0,,,,,,,ABBA
2024-04-22,27.0,,,,,,,ABBA
2024-04-23,29.0,,,,,,,ABBA
2024-04-24,29.0,,,,,,,ABBA
2024-04-25,29.0,,,,,,,ABBA
2024-04-26,29.0,,,,,,,ABBA
2024-04-29,29.0,,,,,,,ABBA
2024-04-30,29.0,,,,,,,ABBA
2024-05-02,29.0,,,,,,,ABBA
2024-05-03,29.0,,,,,,,ABBA
2024-05-06,30.0,,,,,,,ABBA
2024-05-07,30.0,,,,,,,ABBA
2024-05-08,30.0,,,,,,,ABBA
2024-05-13,30.0,,,,,,,ABBA
2024-05-14,29.0,,,,,,,ABBA
2024-05-15,29.0,,,,,,,ABBA
2024-05-16,30.0,,,,,,,ABBA
2024-05-17,30.0,,,,,,,ABBA
2024-05-20,30.0,,,,,,,ABBA
2024-05-21,30.0,,,,,,,ABBA
2024-05-22,30.0,,,,,,,ABBA
2024-05-27,29.0,,,,,,,ABBA
2024-05-28,30.0,,,,,,,ABBA
2024-05-29,29.0,,,,,,,ABBA
2024-05-30,29.0,,,,,,,ABBA
2024-05-31,29.0,,,,,,,ABBA
2024-06-03,28.0,,,,,,,ABBA
2024-06-04,27.0,,,,,,,ABBA
2024-06-05,26.0,,,,,,,ABBA
2024-06-06,25.0,,,,,,,ABBA
2024-06-07,24.0,,,,,,,ABBA
2024-06-10,23.0,,,,,,,ABBA
2024-06-11,22.0,,,,,,,ABBA
2024-06-12,21.0,,,,,,,ABBA
2024-06-13,21.0,,,,,,,ABBA
2024-06-14,20.0,,,,,,,ABBA
2024-06-19,20.0,,,,,,,ABBA
2024-06-20,20.0,,,,,,,ABBA
2024-06-21,21.0,,,,,,,ABBA
2024-06-24,20.0,,,,,,,ABBA
2024-06-25,19.0,,,,,,,ABBA
2024-06-26,19.0,,,,,,,ABBA
2024-06-27,19.0,,,,,,,ABBA
2024-06-28,19.0,,,,,,,ABBA
2024-07-01,20.0,,,,,,,ABBA
2024-07-02,21.0,,,,,,,ABBA
2024-07-03,21.0,,,,,,,ABBA
2024-07-04,23.0,,,,,,,ABBA
2024-07-05,22.0,,,,,,,ABBA
2024-07-08,22.0,,,,,,,ABBA
2024-07-09,23.0,,,,,,,ABBA
2024-07-10,24.0,,,,,,,ABBA
2024-07-11,24.0,,,,,,,ABBA
2024-07-12,25.0,,,,,,,ABBA
2024-07-15,24.0,,,,,,,ABBA
2024-07-16,24.0,,,,,,,ABBA
2024-07-17,25.0,,,,,,,ABBA
2024-07-18,25.0,,,,,,,ABBA
2024-07-19,25.0,,,,,,,ABBA
2024-07-22,25.0,,,,,,,ABBA
2024-07-23,26.0,,,,,,,ABBA
2024-07-24,27.0,,,,,,,ABBA
2024-07-25,29.0,,,,,,,ABBA
2024-07-26,30.0,,,,,,,ABBA
2024-07-29,30.0,,,,,,,ABBA
2024-07-30,30.0,,,,,,,ABBA
2024-07-31,30.0,,,,,,,ABBA
2024-08-01,28.0,,,,,,,ABBA
2024-08-02,26.0,,,,,,,ABBA
2024-08-05,25.0,,,,,,,ABBA
2024-08-06,24.0,,,,,,,ABBA
2024-08-07,25.0,,,,,,,ABBA
2024-08-08,27.0,,,,,,,ABBA
2024-08-09,27.0,,,,,,,ABBA
2024-08-12,28.0,,,,,,,ABBA
2024-08-13,27.0,,,,,,,ABBA
2024-08-14,27.0,,,,,,,ABBA
2024-08-15,28.0,,,,,,,ABBA
2024-08-16,27.0,,,,,,,ABBA
2024-08-19,28.0,,,,,,,ABBA
2024-08-20,28.0,,,,,,,ABBA
2024-08-21,28.0,,,,,,,ABBA
2024-08-22,28.0,,,,,,,ABBA
2024-08-23,28.0,,,,,,,ABBA
2024-08-26,28.0,,,,,,,ABBA
2024-08-27,28.0,,,,,,,ABBA
2024-08-28,29.0,,,,,,,ABBA
2024-08-29,29.0,,,,,,,ABBA
2024-08-30,31.0,,,,,,,ABBA
2024-09-02,34.0,,,,,,,ABBA
2024-09-03,31.0,,,,,,,ABBA
2024-09-04,30.0,,,,,,,ABBA
2024-09-05,30.0,,,,,,,ABBA
2024-09-06,31.0,,,,,,,ABBA
2024-09-09,34.0,,,,,,,ABBA
2024-09-10,36.0,,,,,,,ABBA
2024-09-11,39.0,,,,,,,ABBA
2024-09-12,38.0,,,,,,,ABBA
2024-09-13,38.0,,,,,,,ABBA
2024-09-17,38.0,,,,,,,ABBA
2024-09-18,41.0,,,,,,,ABBA
2024-09-19,41.0,,,,,,,ABBA
2024-09-20,41.0,,,,,,,ABBA
2024-09-23,39.0,,,,,,,ABBA
2024-09-24,38.0,,,,,,,ABBA
2024-09-25,38.0,,,,,,,ABBA
2024-09-26,38.0,,,,,,,ABBA
2024-09-27,38.0,,,,,,,ABBA
2024-09-30,36.0,,,,,,,ABBA
2024-10-01,36.0,,,,,,,ABBA
2024-10-02,35.0,,,,,,,ABBA
2024-10-03,34.0,,,,,,,ABBA
2024-10-04,34.0,,,,,,,ABBA
2024-10-07,34.0,,,,,,,ABBA
2024-10-08,34.0,,,,,,,ABBA
2024-10-09,34.0,,,,,,,ABBA
2024-10-10,33.0,,,,,,,ABBA
2024-10-11,33.0,,,,,,,ABBA
2024-10-14,34.0,,,,,,,ABBA
2024-10-15,37.0,,,,,,,ABBA
2024-10-16,40.0,,,,,,,ABBA
2024-10-17,39.0,,,,,,,ABBA
2024-10-18,38.0,,,,,,,ABBA
2024-10-21,38.0,,,,,,,ABBA
2024-10-22,37.0,,,,,,,ABBA
2024-10-23,37.0,,,,,,,ABBA
2024-10-24,36.0,,,,,,,ABBA
2024-10-25,35.0,,,,,,,ABBA
2024-10-28,32.0,,,,,,,ABBA
2024-10-29,30.0,,,,,,,ABBA
2024-10-30,31.0,,,,,,,ABBA
2024-10-31,29.0,,,,,,,ABBA
2024-11-01,29.0,,,,,,,ABBA
2024-11-04,28.0,,,,,,,ABBA
2024-11-05,28.0,,,,,,,ABBA
2024-11-06,30.0,,,,,,,ABBA
2024-11-07,30.0,,,,,,,ABBA
2024-11-08,28.0,,,,,,,ABBA
2024-11-11,28.0,,,,,,,ABBA
2024-11-12,28.0,,,,,,,ABBA
2024-11-13,28.0,,,,,,,ABBA
2024-11-14,29.0,,,,,,,ABBA
2024-11-15,29.0,,,,,,,ABBA
2024-11-18,27.0,,,,,,,ABBA
2024-11-19,29.0,,,,,,,ABBA
2024-11-20,28.0,,,,,,,ABBA
2024-11-21,28.0,,,,,,,ABBA
2024-11-22,28.0,,,,,,,ABBA
2024-11-25,28.0,,,,,,,ABBA
2024-11-26,28.0,,,,,,,ABBA
2024-11-28,27.0,,,,,,,ABBA
2024-11-29,26.0,,,,,,,ABBA
2024-12-02,28.0,,,,,,,ABBA
2024-12-03,29.0,,,,,,,ABBA
2024-12-04,31.0,,,,,,,ABBA
2024-12-05,31.0,,,,,,,ABBA
2024-12-06,30.0,,,,,,,ABBA
2024-12-09,30.0,,,,,,,ABBA
2024-12-10,28.0,,,,,,,ABBA
2024-12-11,28.0,,,,,,,ABBA
2024-12-12,30.0,,,,,,,ABBA
2024-12-13,29.0,,,,,,,ABBA
2024-12-16,28.0,,,,,,,ABBA
2024-12-17,29.0,,,,,,,ABBA
2024-12-18,27.0,,,,,,,ABBA
2024-12-19,25.0,,,,,,,ABBA
2024-12-20,26.0,,,,,,,ABBA
2024-12-23,25.0,,,,,,,ABBA
2024-12-24,25.0,,,,,,,ABBA
2024-12-27,26.0,,,,,,,ABBA
2024-12-30,26.0,,,,,,,ABBA
2025-01-02,27.0,,,,,,,ABBA
2025-01-03,27.0,,,,,,,ABBA
2025-01-06,27.0,,,,,,,ABBA
2025-01-07,27.0,,,,,,,ABBA
2025-01-08,27.0,,,,,,,ABBA
2025-01-09,27.0,,,,,,,ABBA
2025-01-10,27.0,,,,,,,ABBA
2025-01-13,27.0,,,,,,,ABBA
2025-01-14,27.0,,,,,,,ABBA
2025-01-15,27.0,,,,,,,ABBA
2025-01-16,28.0,,,,,,,ABBA
2025-01-17,28.0,,,,,,,ABBA
2025-01-20,28.0,,,,,,,ABBA
2025-01-21,27.0,,,,,,,ABBA
2025-01-22,28.0,,,,,,,ABBA
2025-01-23,28.0,,,,,,,ABBA
2025-01-24,26.0,,,,,,,ABBA
2025-01-30,24.0,,,,,,,ABBA
2025-01-31,23.0,,,,,,,ABBA
2025-02-03,21.0,,,,,,,ABBA
2025-02-04,19.0,,,,,,,ABBA
2025-02-05,19.0,,,,,,,ABBA
2025-02-06,19.0,,,,,,,ABBA
2025-02-07,20.0,,,,,,,ABBA
2025-02-10,21.0,,,,,,,ABBA
2025-02-11,19.0,,,,,,,ABBA
2025-02-12,20.0,,,,,,,ABBA
2025-02-13,20.0,,,,,,,ABBA
2025-02-14,20.0,,,,,,,ABBA
2025-02-17,21.0,,,,,,,ABBA
2025-02-18,20.0,,,,,,,ABBA
2025-02-19,20.0,,,,,,,ABBA
2025-02-20,21.0,,,,,,,ABBA
2025-02-21,21.0,,,,,,,ABBA
2025-02-24,21.0,,,,,,,ABBA
2025-02-25,20.0,,,,,,,ABBA
2025-02-26,18.0,,,,,,,ABBA
2025-02-27,19.0,,,,,,,ABBA
2025-02-28,19.0,,,,,,,ABBA
2025-03-03,19.0,,,,,,,ABBA
2025-03-04,18.0,,,,,,,ABBA
2025-03-05,17.0,,,,,,,ABBA
2025-03-06,17.0,,,,,,,ABBA
2025-03-07,17.0,,,,,,,ABBA
2025-03-10,18.0,,,,,,,ABBA
2025-03-11,18.0,,,,,,,ABBA
2025-03-12,18.0,,,,,,,ABBA
2025-03-13,17.0,,,,,,,ABBA
2025-03-14,18.0,,,,,,,ABBA
2025-03-17,18.0,,,,,,,ABBA
2025-03-18,18.0,,,,,,,ABBA
2025-03-19,18.0,,,,,,,ABBA
2025-03-20,17.0,,,,,,,ABBA
2025-03-21,16.0,,,,,,,ABBA
2025-03-24,16.0,,,,,,,ABBA
2025-03-25,17.0,,,,,,,ABBA
2025-03-26,16.0,,,,,,,ABBA
2025-03-27,17.0,,,,,,,ABBA
2025-04-08,16.0,,,,,,,ABBA
2025-04-09,16.0,,,,,,,ABBA
2025-04-10,16.0,,,,,,,ABBA
2025-04-11,16.0,,,,,,,ABBA
2025-04-14,17.0,,,,,,,ABBA
2025-04-15,18.0,,,,,,,ABBA
2025-04-16,19.0,,,,,,,ABBA
2025-04-17,20.0,,,,,,,ABBA
2025-04-21,22.0,,,,,,,ABBA
2025-04-22,24.0,,,,,,,ABBA
2025-04-23,23.0,,,,,,,ABBA
2025-04-24,24.0,,,,,,,ABBA
2025-04-25,26.0,,,,,,,ABBA
2025-04-28,28.0,,,,,,,ABBA
2025-04-29,30.0,,,,,,,ABBA
2025-04-30,33.0,,,,,,,ABBA
2025-05-02,36.0,,,,,,,ABBA
2025-05-05,39.0,,,,,,,ABBA
2025-05-06,42.0,,,,,,,ABBA
2025-05-07,46.0,,,,,,,ABBA
2025-05-08,42.0,,,,,,,ABBA
2025-05-09,38.0,,,,,,,ABBA
2025-05-14,41.0,,,,,,,ABBA
2025-05-15,42.0,,,,,,,ABBA
2025-05-16,40.0,,,,,,,ABBA
2025-05-19,37.0,,,,,,,ABBA
2025-05-20,37.0,,,,,,,ABBA
2025-05-21,36.0,,,,,,,ABBA
2025-05-22,36.0,,,,,,,ABBA
2025-05-23,37.0,,,,,,,ABBA
2025-05-26,38.0,,,,,,,ABBA
2025-05-27,37.0,,,,,,,ABBA
2025-05-28,37.0,,,,,,,ABBA
2025-06-02,37.0,,,,,,,ABBA
2025-06-03,38.0,,,,,,,ABBA
2025-06-04,39.0,,,,,,,ABBA
2025-06-05,39.0,,,,,,,ABBA
2025-06-10,39.0,,,,,,,ABBA
2025-06-11,39.0,,,,,,,ABBA
2025-06-12,39.0,,,,,,,ABBA
2025-06-13,39.0,,,,,,,ABBA
2025-06-16,40.0,,,,,,,ABBA
2025-06-17,40.0,,,,,,,ABBA
2025-06-18,39.0,,,,,,,ABBA
2025-06-19,40.0,,,,,,,ABBA
2025-06-20,39.0,,,,,,,ABBA
2025-06-23,37.0,,,,,,,ABBA
2025-06-24,37.0,,,,,,,ABBA
2025-06-25,37.0,,,,,,,ABBA
2025-06-26,35.0,,,,,,,ABBA
2025-06-30,37.0,,,,,,,ABBA
2025-07-01,37.0,,,,,,,ABBA
2025-07-02,37.0,,,,,,,ABBA
2025-07-03,37.0,,,,,,,ABBA
2025-07-04,37.0,,,,,,,ABBA
2025-07-07,37.0,,,,,,,ABBA
2025-07-08,37.0,,,,,,,ABBA
2025-07-09,37.0,,,,,,,ABBA
2025-07-10,37.0,,,,,,,ABBA
2025-07-11,37.0,,,,,,,ABBA
2025-07-14,37.0,,,,,,,ABBA
2025-07-15,37.0,,,,,,,ABBA
2025-07-16,37.0,,,,,,,ABBA
2025-07-17,38.0,,,,,,,ABBA
2025-07-18,37.0,,,,,,,ABBA
2025-07-21,38.0,,,,,,,ABBA
2025-07-22,37.0,,,,,,,ABBA
2025-07-23,37.0,,,,,,,ABBA
2025-07-24,37.0,,,,,,,ABBA
2025-07-25,37.0,,,,,,,ABBA
2025-07-28,37.0,,,,,,,ABBA
2025-07-29,36.0,,,,,,,ABBA
2025-07-30,36.0,,,,,,,ABBA
2025-07-31,37.0,,,,,,,ABBA
2025-08-01,36.0,,,,,,,ABBA
2025-08-04,37.0,,,,,,,ABBA
2025-08-05,37.0,,,,,,,ABBA
2025-08-06,37.0,,,,,,,ABBA
2025-08-07,37.0,,,,,,,ABBA
2025-08-08,37.0,,,,,,,ABBA
2025-08-11,36.0,,,,,,,ABBA
2025-08-12,36.0,,,,,,,ABBA
2025-08-13,38.0,,,,,,,ABBA
2025-08-14,38.0,,,,,,,ABBA
2025-08-15,38.0,,,,,,,ABBA
2025-08-19,38.0,,,,,,,ABBA
2025-08-20,38.0,,,,,,,ABBA
2025-08-21,38.0,,,,,,,ABBA
2025-08-22,39.0,,,,,,,ABBA
2025-08-25,42.0,,,,,,,ABBA
2025-08-26,44.0,,,,,,,ABBA
2025-08-27,43.0,,,,,,,ABBA
2025-08-28,43.0,,,,,,,ABBA
2025-08-29,42.0,,,,,,,ABBA
2025-09-01,42.0,,,,,,,ABBA
2025-09-02,43.0,,,,,,,ABBA
2025-09-03,42.0,,,,,,,ABBA
2025-09-04,42.0,,,,,,,ABBA
2025-09-08,43.0,,,,,,,ABBA
2025-09-09,43.0,,,,,,,ABBA
2025-09-10,43.0,,,,,,,ABBA
2025-09-11,44.0,,,,,,,ABBA
2025-09-12,45.0,,,,,,,ABBA
2025-09-15,48.0,,,,,,,ABBA
2025-09-16,52.0,,,,,,,ABBA
2025-09-17,57.0,,,,,,,ABBA
2025-09-18,62.0,,,,,,,ABBA
2025-09-19,62.0,,,,,,,ABBA
2025-09-22,68.0,,,,,,,ABBA
2025-09-23,72.0,,,,,,,ABBA
2025-09-24,65.0,,,,,,,ABBA
2025-09-25,59.0,,,,,,,ABBA
2025-09-26,54.0,,,,,,,ABBA
2025-09-29,55.0,,,,,,,ABBA
2025-09-30,52.0,,,,,,,ABBA
2025-10-01,57.0,,,,,,,ABBA
2025-10-02,62.0,,,,,,,ABBA
2025-10-03,68.0,,,,,,,ABBA
2025-10-06,74.0,,,,,,,ABBA
2025-10-07,81.0,,,,,,,ABBA
2025-10-08,89.0,,,,,,,ABBA
2025-10-09,89.0,,,,,,,ABBA
2025-10-10,81.0,,,,,,,ABBA
2025-10-13,73.0,,,,,,,ABBA
2025-10-14,80.0,,,,,,,ABBA
2025-10-15,72.0,,,,,,,ABBA
2025-10-16,65.0,,,,,,,ABBA
2025-10-17,67.0,,,,,,,ABBA
2025-10-20,65.0,,,,,,,ABBA
2025-10-21,60.0,,,,,,,ABBA
2025-10-22,57.0,,,,,,,ABBA
2025-10-23,62.0,,,,,,,ABBA
2025-10-24,64.0,,,,,,,ABBA
2025-10-27,61.0,,,,,,,ABBA
2025-10-28,60.0,,,,,,,ABBA
2025-10-29,60.0,,,,,,,ABBA
2025-10-30,59.0,,,,,,,ABBA
2025-10-31,59.0,,,,,,,ABBA
2025-11-03,58.0,,,,,,,ABBA
2025-11-04,58.0,,,,,,,ABBA
2025-11-05,58.0,,,,,,,ABBA
2025-11-06,60.0,,,,,,,ABBA
2025-11-07,58.0,,,,,,,ABBA
2025-11-10,62.0,,,,,,,ABBA
2025-11-11,58.0,,,,,,,ABBA
2025-11-12,59.0,,,,,,,ABBA
2025-11-13,59.0,,,,,,,ABBA
2025-11-14,58.0,,,,,,,ABBA
2025-11-17,57.0,,,,,,,ABBA
2025-11-18,57.0,,,,,,,ABBA
2025-11-19,57.0,,,,,,,ABBA
2025-11-20,58.0,,,,,,,ABBA
2025-11-21,57.0,,,,,,,ABBA
2025-11-24,58.0,,,,,,,ABBA
2025-11-25,57.0,,,,,,,ABBA
2025-11-26,57.0,,,,,,,ABBA
2025-11-27,56.0,,,,,,,ABBA
2025-11-28,55.0,,,,,,,ABBA
2025-12-01,55.0,,,,,,,ABBA
2025-12-02,54.0,,,,,,,ABBA
2025-12-03,54.0,,,,,,,ABBA
2025-12-04,54.0,,,,,,,ABBA
2025-12-05,55.0,,,,,,,ABBA
2025-12-08,57.0,,,,,,,ABBA
2025-12-09,56.0,,,,,,,ABBA
2025-12-10,56.0,,,,,,,ABBA
2025-12-11,55.0,,,,,,,ABBA
2025-12-12,55.0,,,,,,,ABBA
2025-12-15,54.0,,,,,,,ABBA
2025-12-16,52.0,,,,,,,ABBA
2025-12-17,51.0,,,,,,,ABBA
2025-12-18,50.0,,,,,,,ABBA
2025-12-19,49.0,,,,,,,ABBA
2025-12-22,51.0,,,,,,,ABBA
2025-12-23,51.0,,,,,,,ABBA
2025-12-24,50.0,,,,,,,ABBA
2025-12-29,50.0,,,,,,,ABBA
2025-12-30,55.0,,,,,,,ABBA
2026-01-02,59.0,,,,,,,ABBA
2026-01-05,54.0,,,,,,,ABBA
2026-01-06,53.0,,,,,,,ABBA
2026-01-07,53.0,,,,,,,ABBA
2026-01-08,53.0,,,,,,,ABBA
2026-01-09,53.0,,,,,,,ABBA
2026-01-12,55.0,,,,,,,ABBA
2026-01-13,60.0,,,,,,,ABBA
2026-01-14,66.0,,,,,,,ABBA
2026-01-15,72.0,,,,,,,ABBA
2026-01-19,65.0,,,,,,,ABBA
2026-01-20,59.0,,,,,,,ABBA
2026-01-21,57.0,,,,,,,ABBA
2026-01-22,55.0,,,,,,,ABBA
2026-01-23,51.0,,,,,,,ABBA
2026-01-26,53.0,,,,,,,ABBA
2026-01-27,56.0,,,,,,,ABBA
2026-01-28,51.0,,,,,,,ABBA
2026-01-29,47.0,,,,,,,ABBA
2026-01-30,51.0,,,,,,,ABBA
2026-02-02,50.0,,,,,,,ABBA
2026-02-03,51.0,,,,,,,ABBA
2026-02-04,52.0,,,,,,,ABBA
2026-02-05,52.0,,,,,,,ABBA
2026-02-06,50.0,,,,,,,ABBA
2026-02-09,50.0,,,,,,,ABBA
2026-02-10,50.0,,,,,,,ABBA
2026-02-11,51.0,,,,,,,ABBA
2026-02-12,50.0,,,,,,,ABBA
2026-02-13,50.0,,,,,,,ABBA
2026-02-18,52.0,,,,,,,ABBA
2026-02-19,50.0,,,,,,,ABBA
2026-02-20,50.0,,,,,,,ABBA
2026-02-23,51.0,,,,,,,ABBA
2026-02-24,51.0,,,,,,,ABBA
2026-02-25,51.0,,,,,,,ABBA
2026-02-26,50.0,,,,,,,ABBA
2026-02-27,50.0,,,,,,,ABBA
2026-03-02,49.0,,,,,,,ABBA
2026-03-03,45.0,,,,,,,ABBA
2026-03-04,41.0,,,,,,,ABBA
2026-03-05,45.0,,,,,,,ABBA
2026-03-06,44.0,,,,,,,ABBA
2026-03-09,40.0,,,,,,,ABBA
2026-03-10,42.0,,,,,,,ABBA
2026-03-11,44.0,,,,,,,ABBA
2026-03-12,44.0,,,,,,,ABBA
2026-03-13,41.0,,,,,,,ABBA
2026-03-16,39.0,,,,,,,ABBA
2026-03-17,41.0,,,,,,,ABBA
2026-03-25,43.0,,,,,,,ABBA
2026-03-26,44.0,,,,,,,ABBA
2026-03-27,40.0,,,,,,,ABBA
2026-03-30,40.0,,,,,,,ABBA
2026-03-31,42.0,,,,,,,ABBA
2026-04-01,45.0,,,,,,,ABBA
2026-04-02,44.0,,,,,,,ABBA
2026-04-06,42.0,,,,,,,ABBA
2026-04-07,42.0,,,,,,,ABBA
2026-04-08,43.0,,,,,,,ABBA
2026-04-09,43.0,,,,,,,ABBA
2026-04-10,44.0,,,,,,,ABBA
2026-04-13,40.0,,,,,,,ABBA
2026-04-14,41.0,,,,,,,ABBA
2026-04-15,41.0,,,,,,,ABBA
2026-04-16,42.0,,,,,,,ABBA
2026-04-17,42.0,,,,,,,ABBA
2026-04-20,41.0,,,,,,,ABBA
2026-04-21,41.0,,,,,,,ABBA
2026-04-22,41.0,,,,,,,ABBA
2026-04-23,41.0,,,,,,,ABBA
2026-04-24,42.0,,,,,,,ABBA
2026-04-27,43.0,,,,,,,ABBA
2026-04-28,45.0,2026-04-28,2026-03-31,-6.52,-27.53,,,ABBA
2026-04-29,43.0,2026-04-28,2026-03-31,-6.52,-27.53,,,ABBA
2026-04-30,42.0,2026-04-28,2026-03-31,-6.52,-27.53,,,ABBA
2026-05-04,42.0,2026-04-28,2026-03-31,-6.52,-27.53,,,ABBA
2026-05-05,41.0,2026-04-28,2026-03-31,-6.52,-27.53,,,ABBA
2026-05-06,42.0,2026-04-28,2026-03-31,-6.52,-27.53,,,ABBA
2026-05-07,42.0,2026-04-28,2026-03-31,-6.52,-27.53,,,ABBA
2026-05-08,42.0,2026-04-28,2026-03-31,-6.52,-27.53,,,ABBA
2026-05-11,39.0,2026-04-28,2026-03-31,-6.52,-27.53,,,ABBA
2026-05-12,42.0,2026-04-28,2026-03-31,-6.52,-27.53,,,ABBA
2026-05-13,41.0,2026-04-28,2026-03-31,-6.52,-27.53,,,ABBA
2026-05-14,41.0,2026-04-28,2026-03-31,-6.52,-27.53,,,ABBA
2026-05-15,41.0,2026-04-28,2026-03-31,-6.52,-27.53,,,ABBA
2026-05-18,40.0,2026-04-28,2026-03-31,-6.52,-27.53,,,ABBA
2026-05-19,38.0,2026-04-28,2026-03-31,-6.52,-27.53,,,ABBA
2026-05-20,38.0,2026-04-28,2026-03-31,-6.52,-27.53,,,ABBA
2026-05-21,36.0,2026-04-28,2026-03-31,-6.52,-27.53,,,ABBA
2026-05-22,33.0,2026-04-28,2026-03-31,-6.52,-27.53,,,ABBA
2026-05-25,31.0,2026-04-28,2026-03-31,-6.52,-27.53,,,ABBA
2026-05-26,34.0,2026-04-28,2026-03-31,-6.52,-27.53,,,ABBA
2026-05-27,34.0,2026-04-28,2026-03-31,-6.52,-27.53,,,ABBA
2026-05-28,34.0,2026-04-28,2026-03-31,-6.52,-27.53,,,ABBA
2026-05-29,36.0,2026-04-28,2026-03-31,-6.52,-27.53,,,ABBA
2026-06-02,37.0,2026-04-28,2026-03-31,-6.52,-27.53,,,ABBA
2026-06-03,37.0,2026-04-28,2026-03-31,-6.52,-27.53,,,ABBA
2026-06-04,34.0,2026-04-28,2026-03-31,-6.52,-27.53,,,ABBA
2026-06-05,32.0,2026-04-28,2026-03-31,-6.52,-27.53,,,ABBA
2026-06-08,32.0,2026-04-28,2026-03-31,-6.52,-27.53,,,ABBA
2026-06-09,35.0,2026-04-28,2026-03-31,-6.52,-27.53,,,ABBA
2026-06-10,36.0,2026-04-28,2026-03-31,-6.52,-27.53,,,ABBA
2026-06-11,35.0,2026-04-28,2026-03-31,-6.52,-27.53,,,ABBA
2026-06-12,35.0,2026-04-28,2026-03-31,-6.52,-27.53,,,ABBA
2026-06-15,36.0,2026-04-28,2026-03-31,-6.52,-27.53,,,ABBA
2026-06-17,33.0,2026-04-28,2026-03-31,-6.52,-27.53,,,ABBA
2026-06-18,34.0,2026-04-28,2026-03-31,-6.52,-27.53,,,ABBA
2026-06-19,34.0,2026-04-28,2026-03-31,-6.52,-27.53,,,ABBA
2026-06-22,34.0,2026-04-28,2026-03-31,-6.52,-27.53,,,ABBA
2026-06-23,34.0,2026-04-28,2026-03-31,-6.52,-27.53,,,ABBA
2026-06-24,33.0,2026-04-28,2026-03-31,-6.52,-27.53,,,ABBA
2026-06-25,33.0,2026-04-28,2026-03-31,-6.52,-27.53,,,ABBA
2026-06-26,33.0,2026-04-28,2026-03-31,-6.52,-27.53,,,ABBA
2026-06-29,30.0,2026-04-28,2026-03-31,-6.52,-27.53,,,ABBA
2026-06-30,30.0,2026-04-28,2026-03-31,-6.52,-27.53,,,ABBA
2026-07-01,30.0,2026-04-28,2026-03-31,-6.52,-27.53,,,ABBA
2026-07-02,30.0,2026-04-28,2026-03-31,-6.52,-27.53,,,ABBA
2026-07-03,30.0,2026-04-28,2026-03-31,-6.52,-27.53,,,ABBA
2026-07-06,30.0,2026-04-28,2026-03-31,-6.52,-27.53,,,ABBA
2026-07-07,30.0,2026-04-28,2026-03-31,-6.52,-27.53,,,ABBA
2026-07-08,30.0,2026-04-28,2026-03-31,-6.52,-27.53,,,ABBA
2026-07-09,30.0,2026-04-28,2026-03-31,-6.52,-27.53,,,ABBA
2026-07-10,30.0,2026-04-28,2026-03-31,-6.52,-27.53,,,ABBA
2026-07-13,30.0,2026-04-28,2026-03-31,-6.52,-27.53,,,ABBA
2026-07-14,30.0,2026-04-28,2026-03-31,-6.52,-27.53,,,ABBA
2026-07-15,30.0,2026-04-28,2026-03-31,-6.52,-27.53,,,ABBA
2026-07-16,30.0,2026-04-28,2026-03-31,-6.52,-27.53,,,ABBA
2026-07-17,30.0,2026-04-28,2026-03-31,-6.52,-27.53,,,ABBA
2026-07-20,30.0,2026-04-28,2026-03-31,-6.52,-27.53,,,ABBA
2026-07-21,30.0,2026-04-28,2026-03-31,-6.52,-27.53,,,ABBA
2026-07-22,30.0,2026-04-28,2026-03-31,-6.52,-27.53,,,ABBA
2026-07-23,30.0,2026-04-28,2026-03-31,-6.52,-27.53,,,ABBA
2026-07-24,30.0,2026-04-28,2026-03-31,-6.52,-27.53,,,ABBA
2026-07-27,30.0,2026-04-28,2026-03-31,-6.52,-27.53,,,ABBA
2026-07-28,30.0,2026-04-28,2026-03-31,-6.52,-27.53,,,ABBA
2026-07-29,30.0,2026-04-28,2026-03-31,-6.52,-27.53,,,ABBA
2026-07-30,30.0,2026-04-28,2026-03-31,-6.52,-27.53,,,ABBA
2026-07-31,30.0,2026-04-28,2026-03-31,-6.52,-27.53,,,ABBA
2026-08-03,30.0,2026-04-28,2026-03-31,-6.52,-27.53,,,ABBA
2026-08-04,30.0,2026-04-28,2026-03-31,-6.52,-27.53,,,ABBA
2026-08-05,30.0,2026-04-28,2026-03-31,-6.52,-27.53,,,ABBA
2026-08-06,30.0,2026-04-28,2026-03-31,-6.52,-27.53,,,ABBA
2026-08-07,30.0,2026-04-28,2026-03-31,-6.52,-27.53,,,ABBA
2026-08-10,30.0,2026-04-28,2026-03-31,-6.52,-27.53,,,ABBA
2026-08-11,30.0,2026-04-28,2026-03-31,-6.52,-27.53,,,ABBA
2026-08-12,30.0,2026-04-28,2026-03-31,-6.52,-27.53,,,ABBA
2026-08-13,30.0,2026-04-28,2026-03-31,-6.52,-27.53,,,ABBA
2026-08-14,30.0,2026-04-28,2026-03-31,-6.52,-27.53,,,ABBA
2026-08-17,30.0,2026-04-28,2026-03-31,-6.52,-27.53,,,ABBA
2026-08-18,30.0,2026-04-28,2026-03-31,-6.52,-27.53,,,ABBA
2026-08-19,30.0,2026-04-28,2026-03-31,-6.52,-27.53,,,ABBA
2026-08-20,30.0,2026-04-28,2026-03-31,-6.52,-27.53,,,ABBA
2026-08-21,30.0,2026-04-28,2026-03-31,-6.52,-27.53,,,ABBA
2026-08-24,30.0,2026-04-28,2026-03-31,-6.52,-27.53,,,ABBA
2026-08-25,30.0,2026-04-28,2026-03-31,-6.52,-27.53,,,ABBA
2026-08-26,30.0,2026-04-28,2026-03-31,-6.52,-27.53,,,ABBA
2026-08-27,30.0,2026-04-28,2026-03-31,-6.52,-27.53,,,ABBA
2026-08-28,30.0,2026-04-28,2026-03-31,-6.52,-27.53,,,ABBA
2026-08-31,30.0,2026-04-28,2026-03-31,-6.52,-27.53,,,ABBA
2026-09-01,30.0,2026-04-28,2026-03-31,-6.52,-27.53,,,ABBA
2026-09-02,30.0,2026-04-28,2026-03-31,-6.52,-27.53,,,ABBA
2026-09-03,30.0,2026-04-28,2026-03-31,-6.52,-27.53,,,ABBA
2026-09-04,30.0,2026-04-28,2026-03-31,-6.52,-27.53,,,ABBA
2026-09-07,30.0,2026-04-28,2026-03-31,-6.52,-27.53,,,ABBA
2026-09-08,30.0,2026-04-28,2026-03-31,-6.52,-27.53,,,ABBA
2026-09-09,30.0,2026-04-28,2026-03-31,-6.52,-27.53,,,ABBA
2026-09-10,30.0,2026-04-28,2026-03-31,-6.52,-27.53,,,ABBA
2026-09-11,30.0,2026-04-28,2026-03-31,-6.52,-27.53,,,ABBA
2026-09-14,30.0,2026-04-28,2026-03-31,-6.52,-27.53,,,ABBA
2026-09-15,30.0,2026-04-28,2026-03-31,-6.52,-27.53,,,ABBA
2026-09-16,30.0,2026-04-28,2026-03-31,-6.52,-27.53,,,ABBA
2026-09-17,30.0,2026-04-28,2026-03-31,-6.52,-27.53,,,ABBA
2026-09-18,30.0,2026-04-28,2026-03-31,-6.52,-27.53,,,ABBA
2026-09-21,30.0,2026-04-28,2026-03-31,-6.52,-27.53,,,ABBA
2026-09-22,30.0,2026-04-28,2026-03-31,-6.52,-27.53,,,ABBA
2026-09-23,30.0,2026-04-28,2026-03-31,-6.52,-27.53,,,ABBA
2026-09-24,30.0,2026-04-28,2026-03-31,-6.52,-27.53,,,ABBA
2026-09-25,30.0,2026-04-28,2026-03-31,-6.52,-27.53,,,ABBA
2026-09-28,30.0,2026-04-28,2026-03-31,-6.52,-27.53,,,ABBA
2026-09-29,30.0,2026-04-28,2026-03-31,-6.52,-27.53,,,ABBA
2026-09-30,30.0,2026-04-28,2026-03-31,-6.52,-27.53,,,ABBA
2026-10-01,30.0,2026-04-28,2026-03-31,-6.52,-27.53,,,ABBA
2026-10-02,30.0,2026-04-28,2026-03-31,-6.52,-27.53,,,ABBA
2026-10-05,30.0,2026-04-28,2026-03-31,-6.52,-27.53,,,ABBA
2026-10-06,30.0,2026-04-28,2026-03-31,-6.52,-27.53,,,ABBA
