analysis_date,ticker,close,eps,bvps,per,pbv,earnings_yield,revenue_growth_pct,net_profit_growth_pct,roe_pct,net_margin_pct,peg_diagnostic,sector,classification,value_trap_risk,flags,data_quality
2026-10-06,ACST,88.0,,,,,,,,,,,,INSUFFICIENT_DATA,False,,CURRENT_SNAPSHOT_ONLY
2026-10-06,ADES,35150.0,,,,,,,,,,,,INSUFFICIENT_DATA,False,,CURRENT_SNAPSHOT_ONLY
2026-10-06,ADHI,133.0,,,,,,,,,,,,INSUFFICIENT_DATA,False,,CURRENT_SNAPSHOT_ONLY
2026-10-06,ADRO,2600.0,,,,,,,,,,,,INSUFFICIENT_DATA,False,,CURRENT_SNAPSHOT_ONLY
2026-10-06,AGRO,140.0,,,,,,,,,,,,INSUFFICIENT_DATA,False,,CURRENT_SNAPSHOT_ONLY
2026-10-06,ALTO,18.0,,,,,,,,,,,,INSUFFICIENT_DATA,False,,CURRENT_SNAPSHOT_ONLY
2026-10-06,ANTM,3250.0,,,,,,,,,,,,INSUFFICIENT_DATA,False,,CURRENT_SNAPSHOT_ONLY
2026-10-06,ASII,4820.0,,,,,,,,,,,,INSUFFICIENT_DATA,False,,CURRENT_SNAPSHOT_ONLY
2026-10-06,BALI,1560.0,,,,,,,,,,,,INSUFFICIENT_DATA,False,,CURRENT_SNAPSHOT_ONLY
2026-10-06,BBCA,6100.0,,,,,,,,,,,,INSUFFICIENT_DATA,False,,CURRENT_SNAPSHOT_ONLY
2026-10-06,BBNI,3460.0,,,,,,,,,,,,INSUFFICIENT_DATA,False,,CURRENT_SNAPSHOT_ONLY
2026-10-06,BBRI,3110.0,,,,,,,,,,,,INSUFFICIENT_DATA,False,,CURRENT_SNAPSHOT_ONLY
2026-10-06,BDMN,4910.0,,,,,,,,,,,,INSUFFICIENT_DATA,False,,CURRENT_SNAPSHOT_ONLY
2026-10-06,BJBR,760.0,,,,,,,,,,,,INSUFFICIENT_DATA,False,,CURRENT_SNAPSHOT_ONLY
2026-10-06,BJTM,515.0,,,,,,,,,,,,INSUFFICIENT_DATA,False,,CURRENT_SNAPSHOT_ONLY
2026-10-06,BKSL,59.0,,,,,,,,,,,,INSUFFICIENT_DATA,False,,CURRENT_SNAPSHOT_ONLY
2026-10-06,BMRI,4100.0,,,,,,,,,,,,INSUFFICIENT_DATA,False,,CURRENT_SNAPSHOT_ONLY
2026-10-06,BNGA,1700.0,,,,,,,,,,,,INSUFFICIENT_DATA,False,,CURRENT_SNAPSHOT_ONLY
2026-10-06,BNII,189.0,,,,,,,,,,,,INSUFFICIENT_DATA,False,,CURRENT_SNAPSHOT_ONLY
2026-10-06,BNLI,1950.0,,,,,,,,,,,,INSUFFICIENT_DATA,False,,CURRENT_SNAPSHOT_ONLY
2026-10-06,BOLT,795.0,,,,,,,,,,,,INSUFFICIENT_DATA,False,,CURRENT_SNAPSHOT_ONLY
2026-10-06,BRMS,605.0,,,,,,,,,,,,INSUFFICIENT_DATA,False,,CURRENT_SNAPSHOT_ONLY
2026-10-06,BSDE,545.0,,,,,,,,,,,,INSUFFICIENT_DATA,False,,CURRENT_SNAPSHOT_ONLY
2026-10-06,BSIM,990.0,,,,,,,,,,,,INSUFFICIENT_DATA,False,,CURRENT_SNAPSHOT_ONLY
2026-10-06,BTPN,2460.0,,,,,,,,,,,,INSUFFICIENT_DATA,False,,CURRENT_SNAPSHOT_ONLY
2026-10-06,BUDI,220.0,,,,,,,,,,,,INSUFFICIENT_DATA,False,,CURRENT_SNAPSHOT_ONLY
2026-10-06,BUKA,103.0,,,,,,,,,,,,INSUFFICIENT_DATA,False,,CURRENT_SNAPSHOT_ONLY
2026-10-06,CEKA,2190.0,,,,,,,,,,,,INSUFFICIENT_DATA,False,,CURRENT_SNAPSHOT_ONLY
2026-10-06,CLEO,422.0,,,,,,,,,,,,INSUFFICIENT_DATA,False,,CURRENT_SNAPSHOT_ONLY
2026-10-06,CTRA,540.0,,,,,,,,,,,,INSUFFICIENT_DATA,False,,CURRENT_SNAPSHOT_ONLY
2026-10-06,DLTA,1765.0,,,,,,,,,,,,INSUFFICIENT_DATA,False,,CURRENT_SNAPSHOT_ONLY
2026-10-06,DVLA,1585.0,,,,,,,,,,,,INSUFFICIENT_DATA,False,,CURRENT_SNAPSHOT_ONLY
2026-10-06,ELSA,645.0,,,,,,,,,,,,INSUFFICIENT_DATA,False,,CURRENT_SNAPSHOT_ONLY
2026-10-06,EMTK,410.0,,,,,,,,,,,,INSUFFICIENT_DATA,False,,CURRENT_SNAPSHOT_ONLY
2026-10-06,EXCL,2390.0,,,,,,,,,,,,INSUFFICIENT_DATA,False,,CURRENT_SNAPSHOT_ONLY
2026-10-06,GGRM,17100.0,,,,,,,,,,,,INSUFFICIENT_DATA,False,,CURRENT_SNAPSHOT_ONLY
2026-10-06,GJTL,1285.0,,,,,,,,,,,,INSUFFICIENT_DATA,False,,CURRENT_SNAPSHOT_ONLY
2026-10-06,GOTO,31.0,,,,,,,,,,,,INSUFFICIENT_DATA,False,,CURRENT_SNAPSHOT_ONLY
2026-10-06,HMSP,625.0,,,,,,,,,,,,INSUFFICIENT_DATA,False,,CURRENT_SNAPSHOT_ONLY
2026-10-06,HRUM,850.0,,,,,,,,,,,,INSUFFICIENT_DATA,False,,CURRENT_SNAPSHOT_ONLY
2026-10-06,ICBP,6800.0,,,,,,,,,,,,INSUFFICIENT_DATA,False,,CURRENT_SNAPSHOT_ONLY
2026-10-06,INDF,6850.0,,,,,,,,,,,,INSUFFICIENT_DATA,False,,CURRENT_SNAPSHOT_ONLY
2026-10-06,INDS,258.0,,,,,,,,,,,,INSUFFICIENT_DATA,False,,CURRENT_SNAPSHOT_ONLY
2026-10-06,INDY,2710.0,,,,,,,,,,,,INSUFFICIENT_DATA,False,,CURRENT_SNAPSHOT_ONLY
2026-10-06,INKP,8450.0,,,,,,,,,,,,INSUFFICIENT_DATA,False,,CURRENT_SNAPSHOT_ONLY
2026-10-06,INPC,154.0,,,,,,,,,,,,INSUFFICIENT_DATA,False,,CURRENT_SNAPSHOT_ONLY
2026-10-06,INRU,590.0,,,,,,,,,,,,INSUFFICIENT_DATA,False,,CURRENT_SNAPSHOT_ONLY
2026-10-06,ISAT,2220.0,,,,,,,,,,,,INSUFFICIENT_DATA,False,,CURRENT_SNAPSHOT_ONLY
2026-10-06,ITMG,26100.0,,,,,,,,,,,,INSUFFICIENT_DATA,False,,CURRENT_SNAPSHOT_ONLY
2026-10-06,JSMR,2640.0,,,,,,,,,,,,INSUFFICIENT_DATA,False,,CURRENT_SNAPSHOT_ONLY
2026-10-06,KAEF,416.0,,,,,,,,,,,,INSUFFICIENT_DATA,False,,CURRENT_SNAPSHOT_ONLY
2026-10-06,KBLM,360.0,,,,,,,,,,,,INSUFFICIENT_DATA,False,,CURRENT_SNAPSHOT_ONLY
2026-10-06,KLBF,755.0,,,,,,,,,,,,INSUFFICIENT_DATA,False,,CURRENT_SNAPSHOT_ONLY
2026-10-06,LPCK,540.0,,,,,,,,,,,,INSUFFICIENT_DATA,False,,CURRENT_SNAPSHOT_ONLY
2026-10-06,LPKR,49.0,,,,,,,,,,,,INSUFFICIENT_DATA,False,,CURRENT_SNAPSHOT_ONLY
2026-10-06,MAYA,199.0,,,,,,,,,,,,INSUFFICIENT_DATA,False,,CURRENT_SNAPSHOT_ONLY
2026-10-06,MEDC,1440.0,,,,,,,,,,,,INSUFFICIENT_DATA,False,,CURRENT_SNAPSHOT_ONLY
2026-10-06,MEGA,1970.0,,,,,,,,,,,,INSUFFICIENT_DATA,False,,CURRENT_SNAPSHOT_ONLY
2026-10-06,MERK,3740.0,,,,,,,,,,,,INSUFFICIENT_DATA,False,,CURRENT_SNAPSHOT_ONLY
2026-10-06,MLBI,6850.0,,,,,,,,,,,,INSUFFICIENT_DATA,False,,CURRENT_SNAPSHOT_ONLY
2026-10-06,MLPT,950.0,,,,,,,,,,,,INSUFFICIENT_DATA,False,,CURRENT_SNAPSHOT_ONLY
2026-10-06,MTDL,505.0,,,,,,,,,,,,INSUFFICIENT_DATA,False,,CURRENT_SNAPSHOT_ONLY
2026-10-06,MYOR,1405.0,,,,,,,,,,,,INSUFFICIENT_DATA,False,,CURRENT_SNAPSHOT_ONLY
2026-10-06,NISP,1240.0,,,,,,,,,,,,INSUFFICIENT_DATA,False,,CURRENT_SNAPSHOT_ONLY
2026-10-06,NOBU,505.0,,,,,,,,,,,,INSUFFICIENT_DATA,False,,CURRENT_SNAPSHOT_ONLY
2026-10-06,PANI,4730.0,,,,,,,,,,,,INSUFFICIENT_DATA,False,,CURRENT_SNAPSHOT_ONLY
2026-10-06,PGAS,1420.0,,,,,,,,,,,,INSUFFICIENT_DATA,False,,CURRENT_SNAPSHOT_ONLY
2026-10-06,PNBN,830.0,,,,,,,,,,,,INSUFFICIENT_DATA,False,,CURRENT_SNAPSHOT_ONLY
2026-10-06,POWR,965.0,,,,,,,,,,,,INSUFFICIENT_DATA,False,,CURRENT_SNAPSHOT_ONLY
2026-10-06,PTBA,3400.0,,,,,,,,,,,,INSUFFICIENT_DATA,False,,CURRENT_SNAPSHOT_ONLY
2026-10-06,PTPP,161.0,,,,,,,,,,,,INSUFFICIENT_DATA,False,,CURRENT_SNAPSHOT_ONLY
2026-10-06,PWON,266.0,,,,,,,,,,,,INSUFFICIENT_DATA,False,,CURRENT_SNAPSHOT_ONLY
2026-10-06,PYFA,234.0,,,,,,,,,,,,INSUFFICIENT_DATA,False,,CURRENT_SNAPSHOT_ONLY
2026-10-06,ROTI,570.0,,,,,,,,,,,,INSUFFICIENT_DATA,False,,CURRENT_SNAPSHOT_ONLY
2026-10-06,SDRA,206.0,,,,,,,,,,,,INSUFFICIENT_DATA,False,,CURRENT_SNAPSHOT_ONLY
2026-10-06,SIDO,354.0,,,,,,,,,,,,INSUFFICIENT_DATA,False,,CURRENT_SNAPSHOT_ONLY
2026-10-06,SKLT,196.0,,,,,,,,,,,,INSUFFICIENT_DATA,False,,CURRENT_SNAPSHOT_ONLY
2026-10-06,SMGR,1540.0,,,,,,,,,,,,INSUFFICIENT_DATA,False,,CURRENT_SNAPSHOT_ONLY
2026-10-06,SMMT,3300.0,,,,,,,,,,,,INSUFFICIENT_DATA,False,,CURRENT_SNAPSHOT_ONLY
2026-10-06,SMRA,240.0,,,,,,,,,,,,INSUFFICIENT_DATA,False,,CURRENT_SNAPSHOT_ONLY
2026-10-06,STTP,8850.0,,,,,,,,,,,,INSUFFICIENT_DATA,False,,CURRENT_SNAPSHOT_ONLY
2026-10-06,TBIG,1430.0,,,,,,,,,,,,INSUFFICIENT_DATA,False,,CURRENT_SNAPSHOT_ONLY
2026-10-06,TIFA,328.0,,,,,,,,,,,,INSUFFICIENT_DATA,False,,CURRENT_SNAPSHOT_ONLY
2026-10-06,TINS,4670.0,,,,,,,,,,,,INSUFFICIENT_DATA,False,,CURRENT_SNAPSHOT_ONLY
2026-10-06,TKIM,7400.0,,,,,,,,,,,,INSUFFICIENT_DATA,False,,CURRENT_SNAPSHOT_ONLY
2026-10-06,TLKM,2280.0,,,,,,,,,,,,INSUFFICIENT_DATA,False,,CURRENT_SNAPSHOT_ONLY
2026-10-06,TOTL,1515.0,,,,,,,,,,,,INSUFFICIENT_DATA,False,,CURRENT_SNAPSHOT_ONLY
2026-10-06,TOWR,428.0,,,,,,,,,,,,INSUFFICIENT_DATA,False,,CURRENT_SNAPSHOT_ONLY
2026-10-06,TSPC,2680.0,,,,,,,,,,,,INSUFFICIENT_DATA,False,,CURRENT_SNAPSHOT_ONLY
2026-10-06,ULTJ,2070.0,,,,,,,,,,,,INSUFFICIENT_DATA,False,,CURRENT_SNAPSHOT_ONLY
2026-10-06,UNVR,1595.0,,,,,,,,,,,,INSUFFICIENT_DATA,False,,CURRENT_SNAPSHOT_ONLY
2026-10-06,WIKA,204.0,,,,,,,,,,,,INSUFFICIENT_DATA,False,,CURRENT_SNAPSHOT_ONLY
2026-10-06,WSBP,14.0,,,,,,,,,,,,INSUFFICIENT_DATA,False,,CURRENT_SNAPSHOT_ONLY
2026-10-06,WTON,73.0,,,,,,,,,,,,INSUFFICIENT_DATA,False,,CURRENT_SNAPSHOT_ONLY
