date,ticker,close,opportunity_score,p3,p5,p8,rsi,ret20,ma20_dist,ma50_dist,ma200_dist,vol_ratio,rs20,liq20,regime,risk_reward_5,stop,target3,target5,target8,decision
2026-07-01,ADES,33850.0,71.16007499995682,0.2630908554455612,0.2802108686753192,0.2422267537982775,87.19135802469135,0.5230596175478066,0.26695985777112385,0.47684387338845147,0.9919673988201199,1.1235459507139314,0.6038144333874262,1462470000.0,BEAR,1.6666666666666667,32834.5,34865.5,35542.5,36558.0,NO TRADE
2026-07-01,UNVR,1775.0,60.03231115613639,0.33656509254508904,0.21887488966158228,0.1219096583583075,80.6264126574104,0.1444229529335912,0.09233659721457244,0.1017064346483263,-0.07599390520374216,0.5662410128372447,0.22517776877321083,27788547982.0,BEAR,1.6666666666666667,1721.75,1828.25,1863.75,1917.0000000000002,NO TRADE
2026-07-01,MLBI,6300.0,52.97263459734174,0.26080413082191417,0.15728171663728321,0.09300727600372434,80.16188582788979,0.12093261593645921,0.06312570432077913,0.10049600228232403,0.16473087317091162,0.08249840342556822,0.20168743177607884,1629665150.0,BEAR,1.6666666666666667,6111.0,6489.0,6615.0,6804.0,NO TRADE
2026-07-01,KLBF,765.0,48.22278027212307,0.25049777641414134,0.24085325269826657,0.19011703088754828,63.04347826086957,0.05576946963110174,0.04651162790697683,-0.03293482663365743,-0.25668134162313394,0.2859010231197716,0.13652428547072137,69673762750.0,BEAR,1.6666666666666634,742.05,787.95,803.25,826.2,NO TRADE
2026-07-01,MYOR,1810.0,47.4823367456019,0.3261000846566135,0.1891745676823582,0.08764509043530201,65.9282460817483,0.03373045335648284,0.03425114074758073,0.03690939130554338,-0.07683789334611268,0.6171638109155412,0.11448526919610247,12027956253.0,BEAR,1.666666666666668,1755.7,1864.3,1900.5,1954.8000000000002,NO TRADE
2026-07-01,ICBP,6800.0,46.20967585437013,0.29582526340633064,0.1789061268640832,0.07913739638745557,72.0,0.0,0.0415470036377561,0.007258183972744803,-0.1439676470125415,0.6143046475479966,0.08075481583961963,37500808750.0,BEAR,1.6666666666666667,6596.0,7004.0,7140.0,7344.000000000001,NO TRADE
2026-07-01,TINS,3320.0,43.86693042784774,0.4053868056808689,0.27969160296041945,0.12679559784757963,51.59226788921955,0.07963266474153863,0.0036001131166152334,-0.025506944789332908,0.08230705549938544,0.36512643206657097,0.16038748058115826,149213088500.0,BEAR,1.6666666666666683,3220.4,3419.6,3486.0,3585.6000000000004,NO TRADE
2026-07-01,HMSP,660.0,41.89403862523645,0.27282751194590255,0.12967577618335474,0.054478953734489834,60.46511627906977,-0.04347826086956519,0.03570027461749703,-0.010649607467736799,-0.06174586491144918,0.7505927828998539,0.03727655497005444,12651097750.0,BEAR,1.666666666666661,640.1999999999999,679.8000000000001,693.0,712.8000000000001,NO TRADE
2026-07-01,TSPC,2480.0,41.88087153415717,0.1825378322712475,0.098849393773978,0.05058524157208428,67.85714285714286,0.024793388429751984,0.01162553538649802,0.017477640108312098,-0.03863858819424937,0.6524676432939838,0.10554820426937161,1868910000.0,BEAR,1.6666666666666645,2405.6,2554.4,2604.0,2678.4,NO TRADE
2026-07-01,INDF,6600.0,39.424746470886845,0.2130980506739476,0.08288874520369814,0.039303318257680235,67.5,0.0038022813688212143,0.014994232987312506,-0.017857142857142905,-0.04130730821606898,0.45994575427300355,0.08455709720844085,60484797500.0,BEAR,1.6666666666666667,6402.0,6798.0,6930.0,7128.000000000001,NO TRADE
2026-07-01,CLEO,374.0,38.71160327623011,0.3041005948910633,0.16598200167447977,0.08552559240949013,63.81932428740553,-0.03446495417581008,0.014358323433846909,-0.0237816194262237,-0.1615051968181589,0.7971589603902728,0.04628986166380955,1403663505.0,BEAR,1.6666666666666616,362.78,385.22,392.7,403.92,NO TRADE
2026-07-01,ITMG,22350.0,37.98947656779993,0.24058824894521375,0.14533784043341136,0.09304000820010906,54.06976744186046,0.015909090909090873,0.003930376193149954,-0.05045313396095019,-0.006905783892021122,0.4478161259590714,0.0966639067487105,45786911250.0,BEAR,1.6666666666666667,21679.5,23020.5,23467.5,24138.0,NO TRADE
2026-07-01,BJBR,750.0,37.23317316696817,0.2961067696317541,0.164146474257827,0.0554527901577814,52.38095238095237,-0.038461538461538436,-0.009574116870254223,-0.02849715764175076,0.01752979988648451,1.2935416227966756,0.042293277378081195,2608819500.0,BEAR,1.6666666666666667,727.5,772.5,787.5,810.0,NO TRADE
2026-07-01,TBIG,1425.0,36.59122796614108,0.25882975308151074,0.2062712961760174,0.12044479043627818,44.20920750870636,0.009314020611254747,0.011991208104451756,-0.04053364912456936,-0.1876340225712324,0.21577162184236065,0.09006883645087438,2537443912.5,BEAR,1.6666666666666667,1382.25,1467.75,1496.25,1539.0,NO TRADE
2026-07-01,POWR,700.0,35.716785341495395,0.12209706646828325,0.07064506316420031,0.029538502175249774,58.82352941176471,0.0,0.009009009009008917,0.002510572906149422,0.051170294167754315,0.1426058513110443,0.08075481583961963,5136938500.0,BEAR,1.6666666666666667,679.0,721.0,735.0,756.0,NO TRADE
2026-07-01,GGRM,16000.0,35.631974624664885,0.2525755762726362,0.12314596814083746,0.044821551363523594,58.771929824561404,-0.05604719764011801,0.007001809456376407,0.005309289686155072,0.0918613677269664,0.5201405446103652,0.024707618199501624,18608750000.0,BEAR,1.6666666666666667,15520.0,16480.0,16800.0,17280.0,NO TRADE
2026-07-01,TOTL,1035.0,35.21604430417586,0.270216072440908,0.13014731162435017,0.047391931560332536,54.054054054054056,-0.004807692307692291,-0.013816102906145766,-0.033180859260277806,0.11197866934830802,0.6978938908393951,0.07594712353192734,3636257500.0,BEAR,1.666666666666663,1003.9499999999999,1066.05,1086.75,1117.8000000000002,NO TRADE
2026-07-01,GJTL,1100.0,33.581739363594096,0.32680888114783674,0.13053013230019006,0.05741885897033307,55.35714285714286,-0.01824283317268216,-0.012679882993590463,-0.013727125193892187,0.08357751588475404,0.4425869997007047,0.06251198266693747,3645494000.0,BEAR,1.6666666666666667,1067.0,1133.0,1155.0,1188.0,NO TRADE
2026-07-01,ADRO,2260.0,33.26103776615155,0.232851959766669,0.12099650480519054,0.05893822837710647,45.83333333333333,-0.00877192982456143,-0.0008841732979664174,-0.0381300567333025,0.13878441213756743,0.30927602075821164,0.0719828860150582,72802892000.0,BEAR,1.6666666666666623,2192.2,2327.8,2373.0,2440.8,NO TRADE
2026-07-01,BBCA,5600.0,32.11988704274067,0.34910038576931474,0.2534365014420484,0.1262698457364205,48.93617021276596,-0.03862660944206009,-0.03364969801553064,-0.05985058339628979,-0.20246072199165766,0.31801359804703816,0.04212820639755954,2377824607500.0,BEAR,1.6666666666666667,5432.0,5768.0,5880.0,6048.0,NO TRADE
