ticker,metric,value,unit,currency,period_start,period_end,publication_date,publication_time,publication_timestamp,pit_ready,period_type,is_cumulative,report_date,source,source_url,document_id,version,confidence
AADI,cash_from_financing,-492594.0,reported_thousand,USD,2025-01-01,2025-06-30,2025-08-27,,2025-08-27,True,H1_YTD,True,2025-06-30,IDX FinancialStatement XLSX,,AADI-2025-H1_YTD,FinancialStatement-2025-II-AADI.xlsx,HIGH
AADI,cash_from_investing,-129901.0,reported_thousand,USD,2025-01-01,2025-06-30,2025-08-27,,2025-08-27,True,H1_YTD,True,2025-06-30,IDX FinancialStatement XLSX,,AADI-2025-H1_YTD,FinancialStatement-2025-II-AADI.xlsx,HIGH
AADI,cash_from_operations,542224.0,reported_thousand,USD,2025-01-01,2025-06-30,2025-08-27,,2025-08-27,True,H1_YTD,True,2025-06-30,IDX FinancialStatement XLSX,,AADI-2025-H1_YTD,FinancialStatement-2025-II-AADI.xlsx,HIGH
AADI,current_maturities_of_bank_loans,21670.0,reported_thousand,USD,,2025-06-30,2025-08-27,,2025-08-27,True,POINT_IN_TIME,,2025-06-30,IDX FinancialStatement XLSX,,AADI-2025-H1_YTD,FinancialStatement-2025-II-AADI.xlsx,HIGH
AADI,current_maturities_of_finance_lease_liabilities,4894.0,reported_thousand,USD,,2025-06-30,2025-08-27,,2025-08-27,True,POINT_IN_TIME,,2025-06-30,IDX FinancialStatement XLSX,,AADI-2025-H1_YTD,FinancialStatement-2025-II-AADI.xlsx,HIGH
AADI,gross_profit,695523.0,reported_thousand,USD,2025-01-01,2025-06-30,2025-08-27,,2025-08-27,True,H1_YTD,True,2025-06-30,IDX FinancialStatement XLSX,,AADI-2025-H1_YTD,FinancialStatement-2025-II-AADI.xlsx,HIGH
AADI,long_term_bank_loans,495427.0,reported_thousand,USD,,2025-06-30,2025-08-27,,2025-08-27,True,POINT_IN_TIME,,2025-06-30,IDX FinancialStatement XLSX,,AADI-2025-H1_YTD,FinancialStatement-2025-II-AADI.xlsx,HIGH
AADI,long_term_finance_lease_liabilities,10619.0,reported_thousand,USD,,2025-06-30,2025-08-27,,2025-08-27,True,POINT_IN_TIME,,2025-06-30,IDX FinancialStatement XLSX,,AADI-2025-H1_YTD,FinancialStatement-2025-II-AADI.xlsx,HIGH
AADI,net_income,481280.0,reported_thousand,USD,2025-01-01,2025-06-30,2025-08-27,,2025-08-27,True,H1_YTD,True,2025-06-30,IDX FinancialStatement XLSX,,AADI-2025-H1_YTD,FinancialStatement-2025-II-AADI.xlsx,HIGH
AADI,net_income_parent,428683.0,reported_thousand,USD,2025-01-01,2025-06-30,2025-08-27,,2025-08-27,True,H1_YTD,True,2025-06-30,IDX FinancialStatement XLSX,,AADI-2025-H1_YTD,FinancialStatement-2025-II-AADI.xlsx,HIGH
AADI,payments_for_acquisition_of_intangible_assets,61.0,reported_thousand,USD,2025-01-01,2025-06-30,2025-08-27,,2025-08-27,True,H1_YTD,True,2025-06-30,IDX FinancialStatement XLSX,,AADI-2025-H1_YTD,FinancialStatement-2025-II-AADI.xlsx,HIGH
AADI,payments_for_acquisition_of_mining_properties,7176.0,reported_thousand,USD,2025-01-01,2025-06-30,2025-08-27,,2025-08-27,True,H1_YTD,True,2025-06-30,IDX FinancialStatement XLSX,,AADI-2025-H1_YTD,FinancialStatement-2025-II-AADI.xlsx,HIGH
AADI,payments_for_acquisition_of_property_plant_and_equipment,150268.0,reported_thousand,USD,2025-01-01,2025-06-30,2025-08-27,,2025-08-27,True,H1_YTD,True,2025-06-30,IDX FinancialStatement XLSX,,AADI-2025-H1_YTD,FinancialStatement-2025-II-AADI.xlsx,HIGH
AADI,profit_before_tax,595592.0,reported_thousand,USD,2025-01-01,2025-06-30,2025-08-27,,2025-08-27,True,H1_YTD,True,2025-06-30,IDX FinancialStatement XLSX,,AADI-2025-H1_YTD,FinancialStatement-2025-II-AADI.xlsx,HIGH
AADI,revenue,2399555.0,reported_thousand,USD,2025-01-01,2025-06-30,2025-08-27,,2025-08-27,True,H1_YTD,True,2025-06-30,IDX FinancialStatement XLSX,,AADI-2025-H1_YTD,FinancialStatement-2025-II-AADI.xlsx,HIGH
AADI,total_assets,6088069.0,reported_thousand,USD,,2025-06-30,2025-08-27,,2025-08-27,True,POINT_IN_TIME,,2025-06-30,IDX FinancialStatement XLSX,,AADI-2025-H1_YTD,FinancialStatement-2025-II-AADI.xlsx,HIGH
AADI,total_current_assets,2196629.0,reported_thousand,USD,,2025-06-30,2025-08-27,,2025-08-27,True,POINT_IN_TIME,,2025-06-30,IDX FinancialStatement XLSX,,AADI-2025-H1_YTD,FinancialStatement-2025-II-AADI.xlsx,HIGH
AADI,total_current_liabilities,981508.0,reported_thousand,USD,,2025-06-30,2025-08-27,,2025-08-27,True,POINT_IN_TIME,,2025-06-30,IDX FinancialStatement XLSX,,AADI-2025-H1_YTD,FinancialStatement-2025-II-AADI.xlsx,HIGH
AADI,total_equity,3726138.0,reported_thousand,USD,,2025-06-30,2025-08-27,,2025-08-27,True,POINT_IN_TIME,,2025-06-30,IDX FinancialStatement XLSX,,AADI-2025-H1_YTD,FinancialStatement-2025-II-AADI.xlsx,HIGH
AADI,total_equity_attributable_to_equity_owners_of_parent_entity,3376151.0,reported_thousand,USD,,2025-06-30,2025-08-27,,2025-08-27,True,POINT_IN_TIME,,2025-06-30,IDX FinancialStatement XLSX,,AADI-2025-H1_YTD,FinancialStatement-2025-II-AADI.xlsx,HIGH
AADI,total_liabilities,2361931.0,reported_thousand,USD,,2025-06-30,2025-08-27,,2025-08-27,True,POINT_IN_TIME,,2025-06-30,IDX FinancialStatement XLSX,,AADI-2025-H1_YTD,FinancialStatement-2025-II-AADI.xlsx,HIGH
AADI,cash_from_financing,-29198.0,reported_thousand,USD,2026-01-01,2026-06-30,2026-08-26,,2026-08-26,True,H1_YTD,True,2026-06-30,IDX FinancialStatement XLSX,,AADI-2026-H1_YTD,FinancialStatement-2026-II-AADI.xlsx,HIGH
AADI,cash_from_investing,-138504.0,reported_thousand,USD,2026-01-01,2026-06-30,2026-08-26,,2026-08-26,True,H1_YTD,True,2026-06-30,IDX FinancialStatement XLSX,,AADI-2026-H1_YTD,FinancialStatement-2026-II-AADI.xlsx,HIGH
AADI,cash_from_operations,449870.0,reported_thousand,USD,2026-01-01,2026-06-30,2026-08-26,,2026-08-26,True,H1_YTD,True,2026-06-30,IDX FinancialStatement XLSX,,AADI-2026-H1_YTD,FinancialStatement-2026-II-AADI.xlsx,HIGH
AADI,current_maturities_of_bank_loans,96484.0,reported_thousand,USD,,2026-06-30,2026-08-26,,2026-08-26,True,POINT_IN_TIME,,2026-06-30,IDX FinancialStatement XLSX,,AADI-2026-H1_YTD,FinancialStatement-2026-II-AADI.xlsx,HIGH
AADI,current_maturities_of_finance_lease_liabilities,7051.0,reported_thousand,USD,,2026-06-30,2026-08-26,,2026-08-26,True,POINT_IN_TIME,,2026-06-30,IDX FinancialStatement XLSX,,AADI-2026-H1_YTD,FinancialStatement-2026-II-AADI.xlsx,HIGH
AADI,gross_profit,782702.0,reported_thousand,USD,2026-01-01,2026-06-30,2026-08-26,,2026-08-26,True,H1_YTD,True,2026-06-30,IDX FinancialStatement XLSX,,AADI-2026-H1_YTD,FinancialStatement-2026-II-AADI.xlsx,HIGH
AADI,long_term_bank_loans,584490.0,reported_thousand,USD,,2026-06-30,2026-08-26,,2026-08-26,True,POINT_IN_TIME,,2026-06-30,IDX FinancialStatement XLSX,,AADI-2026-H1_YTD,FinancialStatement-2026-II-AADI.xlsx,HIGH
AADI,long_term_finance_lease_liabilities,14874.0,reported_thousand,USD,,2026-06-30,2026-08-26,,2026-08-26,True,POINT_IN_TIME,,2026-06-30,IDX FinancialStatement XLSX,,AADI-2026-H1_YTD,FinancialStatement-2026-II-AADI.xlsx,HIGH
AADI,net_income,524432.0,reported_thousand,USD,2026-01-01,2026-06-30,2026-08-26,,2026-08-26,True,H1_YTD,True,2026-06-30,IDX FinancialStatement XLSX,,AADI-2026-H1_YTD,FinancialStatement-2026-II-AADI.xlsx,HIGH
AADI,net_income_parent,473765.0,reported_thousand,USD,2026-01-01,2026-06-30,2026-08-26,,2026-08-26,True,H1_YTD,True,2026-06-30,IDX FinancialStatement XLSX,,AADI-2026-H1_YTD,FinancialStatement-2026-II-AADI.xlsx,HIGH
AADI,payments_for_acquisition_of_intangible_assets,370.0,reported_thousand,USD,2026-01-01,2026-06-30,2026-08-26,,2026-08-26,True,H1_YTD,True,2026-06-30,IDX FinancialStatement XLSX,,AADI-2026-H1_YTD,FinancialStatement-2026-II-AADI.xlsx,HIGH
AADI,payments_for_acquisition_of_mining_properties,902.0,reported_thousand,USD,2026-01-01,2026-06-30,2026-08-26,,2026-08-26,True,H1_YTD,True,2026-06-30,IDX FinancialStatement XLSX,,AADI-2026-H1_YTD,FinancialStatement-2026-II-AADI.xlsx,HIGH
AADI,payments_for_acquisition_of_property_plant_and_equipment,124999.0,reported_thousand,USD,2026-01-01,2026-06-30,2026-08-26,,2026-08-26,True,H1_YTD,True,2026-06-30,IDX FinancialStatement XLSX,,AADI-2026-H1_YTD,FinancialStatement-2026-II-AADI.xlsx,HIGH
AADI,profit_before_tax,664664.0,reported_thousand,USD,2026-01-01,2026-06-30,2026-08-26,,2026-08-26,True,H1_YTD,True,2026-06-30,IDX FinancialStatement XLSX,,AADI-2026-H1_YTD,FinancialStatement-2026-II-AADI.xlsx,HIGH
AADI,revenue,2546596.0,reported_thousand,USD,2026-01-01,2026-06-30,2026-08-26,,2026-08-26,True,H1_YTD,True,2026-06-30,IDX FinancialStatement XLSX,,AADI-2026-H1_YTD,FinancialStatement-2026-II-AADI.xlsx,HIGH
AADI,total_assets,6321478.0,reported_thousand,USD,,2026-06-30,2026-08-26,,2026-08-26,True,POINT_IN_TIME,,2026-06-30,IDX FinancialStatement XLSX,,AADI-2026-H1_YTD,FinancialStatement-2026-II-AADI.xlsx,HIGH
AADI,total_current_assets,3012733.0,reported_thousand,USD,,2026-06-30,2026-08-26,,2026-08-26,True,POINT_IN_TIME,,2026-06-30,IDX FinancialStatement XLSX,,AADI-2026-H1_YTD,FinancialStatement-2026-II-AADI.xlsx,HIGH
AADI,total_current_liabilities,1161929.0,reported_thousand,USD,,2026-06-30,2026-08-26,,2026-08-26,True,POINT_IN_TIME,,2026-06-30,IDX FinancialStatement XLSX,,AADI-2026-H1_YTD,FinancialStatement-2026-II-AADI.xlsx,HIGH
AADI,total_equity,3934279.0,reported_thousand,USD,,2026-06-30,2026-08-26,,2026-08-26,True,POINT_IN_TIME,,2026-06-30,IDX FinancialStatement XLSX,,AADI-2026-H1_YTD,FinancialStatement-2026-II-AADI.xlsx,HIGH
AADI,total_equity_attributable_to_equity_owners_of_parent_entity,3588108.0,reported_thousand,USD,,2026-06-30,2026-08-26,,2026-08-26,True,POINT_IN_TIME,,2026-06-30,IDX FinancialStatement XLSX,,AADI-2026-H1_YTD,FinancialStatement-2026-II-AADI.xlsx,HIGH
AADI,total_liabilities,2387199.0,reported_thousand,USD,,2026-06-30,2026-08-26,,2026-08-26,True,POINT_IN_TIME,,2026-06-30,IDX FinancialStatement XLSX,,AADI-2026-H1_YTD,FinancialStatement-2026-II-AADI.xlsx,HIGH
AALI,cash_from_financing,-477786.0,reported_million,IDR,2025-01-01,2025-06-30,2025-07-28,,2025-07-28,True,H1_YTD,True,2025-06-30,IDX FinancialStatement XLSX,,AALI-2025-H1_YTD,FinancialStatement-2025-II-AALI.xlsx,HIGH
AALI,cash_from_investing,-249828.0,reported_million,IDR,2025-01-01,2025-06-30,2025-07-28,,2025-07-28,True,H1_YTD,True,2025-06-30,IDX FinancialStatement XLSX,,AALI-2025-H1_YTD,FinancialStatement-2025-II-AALI.xlsx,HIGH
AALI,cash_from_operations,3847709.0,reported_million,IDR,2025-01-01,2025-06-30,2025-07-28,,2025-07-28,True,H1_YTD,True,2025-06-30,IDX FinancialStatement XLSX,,AALI-2025-H1_YTD,FinancialStatement-2025-II-AALI.xlsx,HIGH
AALI,current_maturities_of_bank_loans,1689879.0,reported_million,IDR,,2025-06-30,2025-07-28,,2025-07-28,True,POINT_IN_TIME,,2025-06-30,IDX FinancialStatement XLSX,,AALI-2025-H1_YTD,FinancialStatement-2025-II-AALI.xlsx,HIGH
AALI,gross_profit,2247661.0,reported_million,IDR,2025-01-01,2025-06-30,2025-07-28,,2025-07-28,True,H1_YTD,True,2025-06-30,IDX FinancialStatement XLSX,,AALI-2025-H1_YTD,FinancialStatement-2025-II-AALI.xlsx,HIGH
AALI,long_term_bank_loans,1500000.0,reported_million,IDR,,2025-06-30,2025-07-28,,2025-07-28,True,POINT_IN_TIME,,2025-06-30,IDX FinancialStatement XLSX,,AALI-2025-H1_YTD,FinancialStatement-2025-II-AALI.xlsx,HIGH
AALI,net_income,727090.0,reported_million,IDR,2025-01-01,2025-06-30,2025-07-28,,2025-07-28,True,H1_YTD,True,2025-06-30,IDX FinancialStatement XLSX,,AALI-2025-H1_YTD,FinancialStatement-2025-II-AALI.xlsx,HIGH
AALI,net_income_parent,702121.0,reported_million,IDR,2025-01-01,2025-06-30,2025-07-28,,2025-07-28,True,H1_YTD,True,2025-06-30,IDX FinancialStatement XLSX,,AALI-2025-H1_YTD,FinancialStatement-2025-II-AALI.xlsx,HIGH
AALI,payments_for_acquisition_of_property_plant_and_equipment,76301.0,reported_million,IDR,2025-01-01,2025-06-30,2025-07-28,,2025-07-28,True,H1_YTD,True,2025-06-30,IDX FinancialStatement XLSX,,AALI-2025-H1_YTD,FinancialStatement-2025-II-AALI.xlsx,HIGH
AALI,profit_before_tax,989719.0,reported_million,IDR,2025-01-01,2025-06-30,2025-07-28,,2025-07-28,True,H1_YTD,True,2025-06-30,IDX FinancialStatement XLSX,,AALI-2025-H1_YTD,FinancialStatement-2025-II-AALI.xlsx,HIGH
AALI,revenue,14446789.0,reported_million,IDR,2025-01-01,2025-06-30,2025-07-28,,2025-07-28,True,H1_YTD,True,2025-06-30,IDX FinancialStatement XLSX,,AALI-2025-H1_YTD,FinancialStatement-2025-II-AALI.xlsx,HIGH
AALI,total_assets,30505379.0,reported_million,IDR,,2025-06-30,2025-07-28,,2025-07-28,True,POINT_IN_TIME,,2025-06-30,IDX FinancialStatement XLSX,,AALI-2025-H1_YTD,FinancialStatement-2025-II-AALI.xlsx,HIGH
AALI,total_current_assets,11413558.0,reported_million,IDR,,2025-06-30,2025-07-28,,2025-07-28,True,POINT_IN_TIME,,2025-06-30,IDX FinancialStatement XLSX,,AALI-2025-H1_YTD,FinancialStatement-2025-II-AALI.xlsx,HIGH
AALI,total_current_liabilities,4556675.0,reported_million,IDR,,2025-06-30,2025-07-28,,2025-07-28,True,POINT_IN_TIME,,2025-06-30,IDX FinancialStatement XLSX,,AALI-2025-H1_YTD,FinancialStatement-2025-II-AALI.xlsx,HIGH
AALI,total_equity,23549593.0,reported_million,IDR,,2025-06-30,2025-07-28,,2025-07-28,True,POINT_IN_TIME,,2025-06-30,IDX FinancialStatement XLSX,,AALI-2025-H1_YTD,FinancialStatement-2025-II-AALI.xlsx,HIGH
AALI,total_equity_attributable_to_equity_owners_of_parent_entity,22989897.0,reported_million,IDR,,2025-06-30,2025-07-28,,2025-07-28,True,POINT_IN_TIME,,2025-06-30,IDX FinancialStatement XLSX,,AALI-2025-H1_YTD,FinancialStatement-2025-II-AALI.xlsx,HIGH
AALI,total_liabilities,6955786.0,reported_million,IDR,,2025-06-30,2025-07-28,,2025-07-28,True,POINT_IN_TIME,,2025-06-30,IDX FinancialStatement XLSX,,AALI-2025-H1_YTD,FinancialStatement-2025-II-AALI.xlsx,HIGH
AALI,cash_from_financing,-681291.0,reported_million,IDR,2026-01-01,2026-06-30,2026-07-29,,2026-07-29,True,H1_YTD,True,2026-06-30,IDX FinancialStatement XLSX,,AALI-2026-H1_YTD,FinancialStatement-2026-II-AALI.xlsx,HIGH
AALI,cash_from_investing,-334599.0,reported_million,IDR,2026-01-01,2026-06-30,2026-07-29,,2026-07-29,True,H1_YTD,True,2026-06-30,IDX FinancialStatement XLSX,,AALI-2026-H1_YTD,FinancialStatement-2026-II-AALI.xlsx,HIGH
AALI,cash_from_operations,3340321.0,reported_million,IDR,2026-01-01,2026-06-30,2026-07-29,,2026-07-29,True,H1_YTD,True,2026-06-30,IDX FinancialStatement XLSX,,AALI-2026-H1_YTD,FinancialStatement-2026-II-AALI.xlsx,HIGH
AALI,current_maturities_of_bank_loans,0.0,reported_million,IDR,,2026-06-30,2026-07-29,,2026-07-29,True,POINT_IN_TIME,,2026-06-30,IDX FinancialStatement XLSX,,AALI-2026-H1_YTD,FinancialStatement-2026-II-AALI.xlsx,HIGH
AALI,gross_profit,2529363.0,reported_million,IDR,2026-01-01,2026-06-30,2026-07-29,,2026-07-29,True,H1_YTD,True,2026-06-30,IDX FinancialStatement XLSX,,AALI-2026-H1_YTD,FinancialStatement-2026-II-AALI.xlsx,HIGH
AALI,long_term_bank_loans,0.0,reported_million,IDR,,2026-06-30,2026-07-29,,2026-07-29,True,POINT_IN_TIME,,2026-06-30,IDX FinancialStatement XLSX,,AALI-2026-H1_YTD,FinancialStatement-2026-II-AALI.xlsx,HIGH
AALI,net_income,1140886.0,reported_million,IDR,2026-01-01,2026-06-30,2026-07-29,,2026-07-29,True,H1_YTD,True,2026-06-30,IDX FinancialStatement XLSX,,AALI-2026-H1_YTD,FinancialStatement-2026-II-AALI.xlsx,HIGH
AALI,net_income_parent,1098889.0,reported_million,IDR,2026-01-01,2026-06-30,2026-07-29,,2026-07-29,True,H1_YTD,True,2026-06-30,IDX FinancialStatement XLSX,,AALI-2026-H1_YTD,FinancialStatement-2026-II-AALI.xlsx,HIGH
AALI,payments_for_acquisition_of_property_plant_and_equipment,91883.0,reported_million,IDR,2026-01-01,2026-06-30,2026-07-29,,2026-07-29,True,H1_YTD,True,2026-06-30,IDX FinancialStatement XLSX,,AALI-2026-H1_YTD,FinancialStatement-2026-II-AALI.xlsx,HIGH
AALI,profit_before_tax,1520954.0,reported_million,IDR,2026-01-01,2026-06-30,2026-07-29,,2026-07-29,True,H1_YTD,True,2026-06-30,IDX FinancialStatement XLSX,,AALI-2026-H1_YTD,FinancialStatement-2026-II-AALI.xlsx,HIGH
AALI,revenue,15259047.0,reported_million,IDR,2026-01-01,2026-06-30,2026-07-29,,2026-07-29,True,H1_YTD,True,2026-06-30,IDX FinancialStatement XLSX,,AALI-2026-H1_YTD,FinancialStatement-2026-II-AALI.xlsx,HIGH
AALI,total_assets,28854423.0,reported_million,IDR,,2026-06-30,2026-07-29,,2026-07-29,True,POINT_IN_TIME,,2026-06-30,IDX FinancialStatement XLSX,,AALI-2026-H1_YTD,FinancialStatement-2026-II-AALI.xlsx,HIGH
AALI,total_current_assets,10999829.0,reported_million,IDR,,2026-06-30,2026-07-29,,2026-07-29,True,POINT_IN_TIME,,2026-06-30,IDX FinancialStatement XLSX,,AALI-2026-H1_YTD,FinancialStatement-2026-II-AALI.xlsx,HIGH
AALI,total_current_liabilities,3300969.0,reported_million,IDR,,2026-06-30,2026-07-29,,2026-07-29,True,POINT_IN_TIME,,2026-06-30,IDX FinancialStatement XLSX,,AALI-2026-H1_YTD,FinancialStatement-2026-II-AALI.xlsx,HIGH
AALI,total_equity,24606390.0,reported_million,IDR,,2026-06-30,2026-07-29,,2026-07-29,True,POINT_IN_TIME,,2026-06-30,IDX FinancialStatement XLSX,,AALI-2026-H1_YTD,FinancialStatement-2026-II-AALI.xlsx,HIGH
AALI,total_equity_attributable_to_equity_owners_of_parent_entity,23998090.0,reported_million,IDR,,2026-06-30,2026-07-29,,2026-07-29,True,POINT_IN_TIME,,2026-06-30,IDX FinancialStatement XLSX,,AALI-2026-H1_YTD,FinancialStatement-2026-II-AALI.xlsx,HIGH
AALI,total_liabilities,4248033.0,reported_million,IDR,,2026-06-30,2026-07-29,,2026-07-29,True,POINT_IN_TIME,,2026-06-30,IDX FinancialStatement XLSX,,AALI-2026-H1_YTD,FinancialStatement-2026-II-AALI.xlsx,HIGH
ABBA,cash_from_financing,-8141788385.0,reported_full,IDR,2025-01-01,2025-03-31,2025-04-29,,2025-04-29,True,Q1_YTD,True,2025-03-31,IDX FinancialStatement XLSX,,ABBA-2025-Q1_YTD,FinancialStatement-2025-I-ABBA.xlsx,HIGH
ABBA,cash_from_investing,-196800440.0,reported_full,IDR,2025-01-01,2025-03-31,2025-04-29,,2025-04-29,True,Q1_YTD,True,2025-03-31,IDX FinancialStatement XLSX,,ABBA-2025-Q1_YTD,FinancialStatement-2025-I-ABBA.xlsx,HIGH
ABBA,cash_from_operations,1974625935.0,reported_full,IDR,2025-01-01,2025-03-31,2025-04-29,,2025-04-29,True,Q1_YTD,True,2025-03-31,IDX FinancialStatement XLSX,,ABBA-2025-Q1_YTD,FinancialStatement-2025-I-ABBA.xlsx,HIGH
ABBA,current_maturities_of_finance_lease_liabilities,29488512.0,reported_full,IDR,,2025-03-31,2025-04-29,,2025-04-29,True,POINT_IN_TIME,,2025-03-31,IDX FinancialStatement XLSX,,ABBA-2025-Q1_YTD,FinancialStatement-2025-I-ABBA.xlsx,HIGH
ABBA,gross_profit,17820895544.0,reported_full,IDR,2025-01-01,2025-03-31,2025-04-29,,2025-04-29,True,Q1_YTD,True,2025-03-31,IDX FinancialStatement XLSX,,ABBA-2025-Q1_YTD,FinancialStatement-2025-I-ABBA.xlsx,HIGH
ABBA,long_term_finance_lease_liabilities,2597218915.0,reported_full,IDR,,2025-03-31,2025-04-29,,2025-04-29,True,POINT_IN_TIME,,2025-03-31,IDX FinancialStatement XLSX,,ABBA-2025-Q1_YTD,FinancialStatement-2025-I-ABBA.xlsx,HIGH
ABBA,net_income,-5757235021.0,reported_full,IDR,2025-01-01,2025-03-31,2025-04-29,,2025-04-29,True,Q1_YTD,True,2025-03-31,IDX FinancialStatement XLSX,,ABBA-2025-Q1_YTD,FinancialStatement-2025-I-ABBA.xlsx,HIGH
ABBA,net_income_parent,-4580211250.0,reported_full,IDR,2025-01-01,2025-03-31,2025-04-29,,2025-04-29,True,Q1_YTD,True,2025-03-31,IDX FinancialStatement XLSX,,ABBA-2025-Q1_YTD,FinancialStatement-2025-I-ABBA.xlsx,HIGH
ABBA,payments_for_acquisition_of_property_plant_and_equipment,196800440.0,reported_full,IDR,2025-01-01,2025-03-31,2025-04-29,,2025-04-29,True,Q1_YTD,True,2025-03-31,IDX FinancialStatement XLSX,,ABBA-2025-Q1_YTD,FinancialStatement-2025-I-ABBA.xlsx,HIGH
ABBA,profit_before_tax,-5118686898.0,reported_full,IDR,2025-01-01,2025-03-31,2025-04-29,,2025-04-29,True,Q1_YTD,True,2025-03-31,IDX FinancialStatement XLSX,,ABBA-2025-Q1_YTD,FinancialStatement-2025-I-ABBA.xlsx,HIGH
ABBA,revenue,47750348753.0,reported_full,IDR,2025-01-01,2025-03-31,2025-04-29,,2025-04-29,True,Q1_YTD,True,2025-03-31,IDX FinancialStatement XLSX,,ABBA-2025-Q1_YTD,FinancialStatement-2025-I-ABBA.xlsx,HIGH
ABBA,short_term_bank_loans,14931023592.0,reported_full,IDR,,2025-03-31,2025-04-29,,2025-04-29,True,POINT_IN_TIME,,2025-03-31,IDX FinancialStatement XLSX,,ABBA-2025-Q1_YTD,FinancialStatement-2025-I-ABBA.xlsx,HIGH
ABBA,total_assets,231057199576.0,reported_full,IDR,,2025-03-31,2025-04-29,,2025-04-29,True,POINT_IN_TIME,,2025-03-31,IDX FinancialStatement XLSX,,ABBA-2025-Q1_YTD,FinancialStatement-2025-I-ABBA.xlsx,HIGH
ABBA,total_current_assets,110611547671.0,reported_full,IDR,,2025-03-31,2025-04-29,,2025-04-29,True,POINT_IN_TIME,,2025-03-31,IDX FinancialStatement XLSX,,ABBA-2025-Q1_YTD,FinancialStatement-2025-I-ABBA.xlsx,HIGH
ABBA,total_current_liabilities,204476268849.0,reported_full,IDR,,2025-03-31,2025-04-29,,2025-04-29,True,POINT_IN_TIME,,2025-03-31,IDX FinancialStatement XLSX,,ABBA-2025-Q1_YTD,FinancialStatement-2025-I-ABBA.xlsx,HIGH
ABBA,total_equity,-119473755642.0,reported_full,IDR,,2025-03-31,2025-04-29,,2025-04-29,True,POINT_IN_TIME,,2025-03-31,IDX FinancialStatement XLSX,,ABBA-2025-Q1_YTD,FinancialStatement-2025-I-ABBA.xlsx,HIGH
ABBA,total_equity_attributable_to_equity_owners_of_parent_entity,11658550545.0,reported_full,IDR,,2025-03-31,2025-04-29,,2025-04-29,True,POINT_IN_TIME,,2025-03-31,IDX FinancialStatement XLSX,,ABBA-2025-Q1_YTD,FinancialStatement-2025-I-ABBA.xlsx,HIGH
ABBA,total_liabilities,350530955218.0,reported_full,IDR,,2025-03-31,2025-04-29,,2025-04-29,True,POINT_IN_TIME,,2025-03-31,IDX FinancialStatement XLSX,,ABBA-2025-Q1_YTD,FinancialStatement-2025-I-ABBA.xlsx,HIGH
ABBA,cash_from_financing,3045791517.0,reported_full,IDR,2026-01-01,2026-03-31,2026-04-28,,2026-04-28,True,Q1_YTD,True,2026-03-31,IDX FinancialStatement XLSX,,ABBA-2026-Q1_YTD,FinancialStatement-2026-I-ABBA.xlsx,HIGH
ABBA,cash_from_investing,-74058066.0,reported_full,IDR,2026-01-01,2026-03-31,2026-04-28,,2026-04-28,True,Q1_YTD,True,2026-03-31,IDX FinancialStatement XLSX,,ABBA-2026-Q1_YTD,FinancialStatement-2026-I-ABBA.xlsx,HIGH
ABBA,cash_from_operations,-5410062220.0,reported_full,IDR,2026-01-01,2026-03-31,2026-04-28,,2026-04-28,True,Q1_YTD,True,2026-03-31,IDX FinancialStatement XLSX,,ABBA-2026-Q1_YTD,FinancialStatement-2026-I-ABBA.xlsx,HIGH
ABBA,current_maturities_of_finance_lease_liabilities,142887592.0,reported_full,IDR,,2026-03-31,2026-04-28,,2026-04-28,True,POINT_IN_TIME,,2026-03-31,IDX FinancialStatement XLSX,,ABBA-2026-Q1_YTD,FinancialStatement-2026-I-ABBA.xlsx,HIGH
ABBA,gross_profit,13063985935.0,reported_full,IDR,2026-01-01,2026-03-31,2026-04-28,,2026-04-28,True,Q1_YTD,True,2026-03-31,IDX FinancialStatement XLSX,,ABBA-2026-Q1_YTD,FinancialStatement-2026-I-ABBA.xlsx,HIGH
ABBA,long_term_finance_lease_liabilities,1205799253.0,reported_full,IDR,,2026-03-31,2026-04-28,,2026-04-28,True,POINT_IN_TIME,,2026-03-31,IDX FinancialStatement XLSX,,ABBA-2026-Q1_YTD,FinancialStatement-2026-I-ABBA.xlsx,HIGH
ABBA,net_income,-7669409862.0,reported_full,IDR,2026-01-01,2026-03-31,2026-04-28,,2026-04-28,True,Q1_YTD,True,2026-03-31,IDX FinancialStatement XLSX,,ABBA-2026-Q1_YTD,FinancialStatement-2026-I-ABBA.xlsx,HIGH
ABBA,net_income_parent,-6610330158.0,reported_full,IDR,2026-01-01,2026-03-31,2026-04-28,,2026-04-28,True,Q1_YTD,True,2026-03-31,IDX FinancialStatement XLSX,,ABBA-2026-Q1_YTD,FinancialStatement-2026-I-ABBA.xlsx,HIGH
ABBA,payments_for_acquisition_of_property_plant_and_equipment,174058066.0,reported_full,IDR,2026-01-01,2026-03-31,2026-04-28,,2026-04-28,True,Q1_YTD,True,2026-03-31,IDX FinancialStatement XLSX,,ABBA-2026-Q1_YTD,FinancialStatement-2026-I-ABBA.xlsx,HIGH
ABBA,profit_before_tax,-7636997621.0,reported_full,IDR,2026-01-01,2026-03-31,2026-04-28,,2026-04-28,True,Q1_YTD,True,2026-03-31,IDX FinancialStatement XLSX,,ABBA-2026-Q1_YTD,FinancialStatement-2026-I-ABBA.xlsx,HIGH
ABBA,revenue,28176314178.0,reported_full,IDR,2026-01-01,2026-03-31,2026-04-28,,2026-04-28,True,Q1_YTD,True,2026-03-31,IDX FinancialStatement XLSX,,ABBA-2026-Q1_YTD,FinancialStatement-2026-I-ABBA.xlsx,HIGH
ABBA,short_term_bank_loans,14964945173.0,reported_full,IDR,,2026-03-31,2026-04-28,,2026-04-28,True,POINT_IN_TIME,,2026-03-31,IDX FinancialStatement XLSX,,ABBA-2026-Q1_YTD,FinancialStatement-2026-I-ABBA.xlsx,HIGH
ABBA,total_assets,231255416879.0,reported_full,IDR,,2026-03-31,2026-04-28,,2026-04-28,True,POINT_IN_TIME,,2026-03-31,IDX FinancialStatement XLSX,,ABBA-2026-Q1_YTD,FinancialStatement-2026-I-ABBA.xlsx,HIGH
ABBA,total_current_assets,89804351709.0,reported_full,IDR,,2026-03-31,2026-04-28,,2026-04-28,True,POINT_IN_TIME,,2026-03-31,IDX FinancialStatement XLSX,,ABBA-2026-Q1_YTD,FinancialStatement-2026-I-ABBA.xlsx,HIGH
ABBA,total_current_liabilities,197865538038.0,reported_full,IDR,,2026-03-31,2026-04-28,,2026-04-28,True,POINT_IN_TIME,,2026-03-31,IDX FinancialStatement XLSX,,ABBA-2026-Q1_YTD,FinancialStatement-2026-I-ABBA.xlsx,HIGH
ABBA,total_equity,-108367703054.0,reported_full,IDR,,2026-03-31,2026-04-28,,2026-04-28,True,POINT_IN_TIME,,2026-03-31,IDX FinancialStatement XLSX,,ABBA-2026-Q1_YTD,FinancialStatement-2026-I-ABBA.xlsx,HIGH
ABBA,total_equity_attributable_to_equity_owners_of_parent_entity,24717892681.0,reported_full,IDR,,2026-03-31,2026-04-28,,2026-04-28,True,POINT_IN_TIME,,2026-03-31,IDX FinancialStatement XLSX,,ABBA-2026-Q1_YTD,FinancialStatement-2026-I-ABBA.xlsx,HIGH
ABBA,total_liabilities,339623119933.0,reported_full,IDR,,2026-03-31,2026-04-28,,2026-04-28,True,POINT_IN_TIME,,2026-03-31,IDX FinancialStatement XLSX,,ABBA-2026-Q1_YTD,FinancialStatement-2026-I-ABBA.xlsx,HIGH
