ticker,analysis_timestamp,coverage_status,latest_period_end,critical_metrics_present,critical_metrics_required,missing_critical_metrics,acquisition_needed,reason
AADI,2026-09-01T23:59:59,COVERED,2026-06-30,6,6,,False,
AALI,2026-09-01T23:59:59,COVERED,2026-06-30,6,6,,False,
ABMM,2026-09-01T23:59:59,MISSING,,0,6,cash_from_operations;net_income;revenue;total_assets;total_equity;total_liabilities,True,NO_PIT_SAFE_FINANCIAL_STATEMENT
ACES,2026-09-01T23:59:59,MISSING,,0,6,cash_from_operations;net_income;revenue;total_assets;total_equity;total_liabilities,True,NO_PIT_SAFE_FINANCIAL_STATEMENT
ADMR,2026-09-01T23:59:59,MISSING,,0,6,cash_from_operations;net_income;revenue;total_assets;total_equity;total_liabilities,True,NO_PIT_SAFE_FINANCIAL_STATEMENT
ADRO,2026-09-01T23:59:59,MISSING,,0,6,cash_from_operations;net_income;revenue;total_assets;total_equity;total_liabilities,True,NO_PIT_SAFE_FINANCIAL_STATEMENT
AHAP,2026-09-01T23:59:59,MISSING,,0,6,cash_from_operations;net_income;revenue;total_assets;total_equity;total_liabilities,True,NO_PIT_SAFE_FINANCIAL_STATEMENT
AKRA,2026-09-01T23:59:59,MISSING,,0,6,cash_from_operations;net_income;revenue;total_assets;total_equity;total_liabilities,True,NO_PIT_SAFE_FINANCIAL_STATEMENT
AMMN,2026-09-01T23:59:59,MISSING,,0,6,cash_from_operations;net_income;revenue;total_assets;total_equity;total_liabilities,True,NO_PIT_SAFE_FINANCIAL_STATEMENT
AMRT,2026-09-01T23:59:59,MISSING,,0,6,cash_from_operations;net_income;revenue;total_assets;total_equity;total_liabilities,True,NO_PIT_SAFE_FINANCIAL_STATEMENT
ANTM,2026-09-01T23:59:59,MISSING,,0,6,cash_from_operations;net_income;revenue;total_assets;total_equity;total_liabilities,True,NO_PIT_SAFE_FINANCIAL_STATEMENT
APEX,2026-09-01T23:59:59,MISSING,,0,6,cash_from_operations;net_income;revenue;total_assets;total_equity;total_liabilities,True,NO_PIT_SAFE_FINANCIAL_STATEMENT
APLN,2026-09-01T23:59:59,MISSING,,0,6,cash_from_operations;net_income;revenue;total_assets;total_equity;total_liabilities,True,NO_PIT_SAFE_FINANCIAL_STATEMENT
ARCI,2026-09-01T23:59:59,MISSING,,0,6,cash_from_operations;net_income;revenue;total_assets;total_equity;total_liabilities,True,NO_PIT_SAFE_FINANCIAL_STATEMENT
ARKO,2026-09-01T23:59:59,MISSING,,0,6,cash_from_operations;net_income;revenue;total_assets;total_equity;total_liabilities,True,NO_PIT_SAFE_FINANCIAL_STATEMENT
ARNA,2026-09-01T23:59:59,MISSING,,0,6,cash_from_operations;net_income;revenue;total_assets;total_equity;total_liabilities,True,NO_PIT_SAFE_FINANCIAL_STATEMENT
ARTO,2026-09-01T23:59:59,MISSING,,0,6,cash_from_operations;net_income;revenue;total_assets;total_equity;total_liabilities,True,NO_PIT_SAFE_FINANCIAL_STATEMENT
ASGR,2026-09-01T23:59:59,MISSING,,0,6,cash_from_operations;net_income;revenue;total_assets;total_equity;total_liabilities,True,NO_PIT_SAFE_FINANCIAL_STATEMENT
ASHA,2026-09-01T23:59:59,MISSING,,0,6,cash_from_operations;net_income;revenue;total_assets;total_equity;total_liabilities,True,NO_PIT_SAFE_FINANCIAL_STATEMENT
ASII,2026-09-01T23:59:59,MISSING,,0,6,cash_from_operations;net_income;revenue;total_assets;total_equity;total_liabilities,True,NO_PIT_SAFE_FINANCIAL_STATEMENT
ASLI,2026-09-01T23:59:59,MISSING,,0,6,cash_from_operations;net_income;revenue;total_assets;total_equity;total_liabilities,True,NO_PIT_SAFE_FINANCIAL_STATEMENT
ASPR,2026-09-01T23:59:59,MISSING,,0,6,cash_from_operations;net_income;revenue;total_assets;total_equity;total_liabilities,True,NO_PIT_SAFE_FINANCIAL_STATEMENT
ASSA,2026-09-01T23:59:59,MISSING,,0,6,cash_from_operations;net_income;revenue;total_assets;total_equity;total_liabilities,True,NO_PIT_SAFE_FINANCIAL_STATEMENT
AUTO,2026-09-01T23:59:59,MISSING,,0,6,cash_from_operations;net_income;revenue;total_assets;total_equity;total_liabilities,True,NO_PIT_SAFE_FINANCIAL_STATEMENT
AVIA,2026-09-01T23:59:59,MISSING,,0,6,cash_from_operations;net_income;revenue;total_assets;total_equity;total_liabilities,True,NO_PIT_SAFE_FINANCIAL_STATEMENT
BAIK,2026-09-01T23:59:59,MISSING,,0,6,cash_from_operations;net_income;revenue;total_assets;total_equity;total_liabilities,True,NO_PIT_SAFE_FINANCIAL_STATEMENT
BAJA,2026-09-01T23:59:59,MISSING,,0,6,cash_from_operations;net_income;revenue;total_assets;total_equity;total_liabilities,True,NO_PIT_SAFE_FINANCIAL_STATEMENT
BBCA,2026-09-01T23:59:59,MISSING,,0,6,cash_from_operations;net_income;revenue;total_assets;total_equity;total_liabilities,True,NO_PIT_SAFE_FINANCIAL_STATEMENT
BBKP,2026-09-01T23:59:59,MISSING,,0,6,cash_from_operations;net_income;revenue;total_assets;total_equity;total_liabilities,True,NO_PIT_SAFE_FINANCIAL_STATEMENT
BBNI,2026-09-01T23:59:59,MISSING,,0,6,cash_from_operations;net_income;revenue;total_assets;total_equity;total_liabilities,True,NO_PIT_SAFE_FINANCIAL_STATEMENT
BBRI,2026-09-01T23:59:59,MISSING,,0,6,cash_from_operations;net_income;revenue;total_assets;total_equity;total_liabilities,True,NO_PIT_SAFE_FINANCIAL_STATEMENT
BBTN,2026-09-01T23:59:59,MISSING,,0,6,cash_from_operations;net_income;revenue;total_assets;total_equity;total_liabilities,True,NO_PIT_SAFE_FINANCIAL_STATEMENT
BBYB,2026-09-01T23:59:59,MISSING,,0,6,cash_from_operations;net_income;revenue;total_assets;total_equity;total_liabilities,True,NO_PIT_SAFE_FINANCIAL_STATEMENT
BDKR,2026-09-01T23:59:59,MISSING,,0,6,cash_from_operations;net_income;revenue;total_assets;total_equity;total_liabilities,True,NO_PIT_SAFE_FINANCIAL_STATEMENT
BDMN,2026-09-01T23:59:59,MISSING,,0,6,cash_from_operations;net_income;revenue;total_assets;total_equity;total_liabilities,True,NO_PIT_SAFE_FINANCIAL_STATEMENT
BEEF,2026-09-01T23:59:59,MISSING,,0,6,cash_from_operations;net_income;revenue;total_assets;total_equity;total_liabilities,True,NO_PIT_SAFE_FINANCIAL_STATEMENT
BELL,2026-09-01T23:59:59,MISSING,,0,6,cash_from_operations;net_income;revenue;total_assets;total_equity;total_liabilities,True,NO_PIT_SAFE_FINANCIAL_STATEMENT
BEST,2026-09-01T23:59:59,MISSING,,0,6,cash_from_operations;net_income;revenue;total_assets;total_equity;total_liabilities,True,NO_PIT_SAFE_FINANCIAL_STATEMENT
BFIN,2026-09-01T23:59:59,MISSING,,0,6,cash_from_operations;net_income;revenue;total_assets;total_equity;total_liabilities,True,NO_PIT_SAFE_FINANCIAL_STATEMENT
BIPI,2026-09-01T23:59:59,MISSING,,0,6,cash_from_operations;net_income;revenue;total_assets;total_equity;total_liabilities,True,NO_PIT_SAFE_FINANCIAL_STATEMENT
BIPP,2026-09-01T23:59:59,MISSING,,0,6,cash_from_operations;net_income;revenue;total_assets;total_equity;total_liabilities,True,NO_PIT_SAFE_FINANCIAL_STATEMENT
BIRD,2026-09-01T23:59:59,MISSING,,0,6,cash_from_operations;net_income;revenue;total_assets;total_equity;total_liabilities,True,NO_PIT_SAFE_FINANCIAL_STATEMENT
BJBR,2026-09-01T23:59:59,MISSING,,0,6,cash_from_operations;net_income;revenue;total_assets;total_equity;total_liabilities,True,NO_PIT_SAFE_FINANCIAL_STATEMENT
BJTM,2026-09-01T23:59:59,MISSING,,0,6,cash_from_operations;net_income;revenue;total_assets;total_equity;total_liabilities,True,NO_PIT_SAFE_FINANCIAL_STATEMENT
BKSL,2026-09-01T23:59:59,MISSING,,0,6,cash_from_operations;net_income;revenue;total_assets;total_equity;total_liabilities,True,NO_PIT_SAFE_FINANCIAL_STATEMENT
BLES,2026-09-01T23:59:59,MISSING,,0,6,cash_from_operations;net_income;revenue;total_assets;total_equity;total_liabilities,True,NO_PIT_SAFE_FINANCIAL_STATEMENT
BMRI,2026-09-01T23:59:59,MISSING,,0,6,cash_from_operations;net_income;revenue;total_assets;total_equity;total_liabilities,True,NO_PIT_SAFE_FINANCIAL_STATEMENT
BMTR,2026-09-01T23:59:59,MISSING,,0,6,cash_from_operations;net_income;revenue;total_assets;total_equity;total_liabilities,True,NO_PIT_SAFE_FINANCIAL_STATEMENT
BNBR,2026-09-01T23:59:59,MISSING,,0,6,cash_from_operations;net_income;revenue;total_assets;total_equity;total_liabilities,True,NO_PIT_SAFE_FINANCIAL_STATEMENT
BNGA,2026-09-01T23:59:59,MISSING,,0,6,cash_from_operations;net_income;revenue;total_assets;total_equity;total_liabilities,True,NO_PIT_SAFE_FINANCIAL_STATEMENT
BREN,2026-09-01T23:59:59,MISSING,,0,6,cash_from_operations;net_income;revenue;total_assets;total_equity;total_liabilities,True,NO_PIT_SAFE_FINANCIAL_STATEMENT
BRIS,2026-09-01T23:59:59,MISSING,,0,6,cash_from_operations;net_income;revenue;total_assets;total_equity;total_liabilities,True,NO_PIT_SAFE_FINANCIAL_STATEMENT
BRMS,2026-09-01T23:59:59,MISSING,,0,6,cash_from_operations;net_income;revenue;total_assets;total_equity;total_liabilities,True,NO_PIT_SAFE_FINANCIAL_STATEMENT
BRPT,2026-09-01T23:59:59,MISSING,,0,6,cash_from_operations;net_income;revenue;total_assets;total_equity;total_liabilities,True,NO_PIT_SAFE_FINANCIAL_STATEMENT
BSDE,2026-09-01T23:59:59,MISSING,,0,6,cash_from_operations;net_income;revenue;total_assets;total_equity;total_liabilities,True,NO_PIT_SAFE_FINANCIAL_STATEMENT
BSML,2026-09-01T23:59:59,MISSING,,0,6,cash_from_operations;net_income;revenue;total_assets;total_equity;total_liabilities,True,NO_PIT_SAFE_FINANCIAL_STATEMENT
BSSR,2026-09-01T23:59:59,MISSING,,0,6,cash_from_operations;net_income;revenue;total_assets;total_equity;total_liabilities,True,NO_PIT_SAFE_FINANCIAL_STATEMENT
BTPS,2026-09-01T23:59:59,MISSING,,0,6,cash_from_operations;net_income;revenue;total_assets;total_equity;total_liabilities,True,NO_PIT_SAFE_FINANCIAL_STATEMENT
BUKA,2026-09-01T23:59:59,MISSING,,0,6,cash_from_operations;net_income;revenue;total_assets;total_equity;total_liabilities,True,NO_PIT_SAFE_FINANCIAL_STATEMENT
BULL,2026-09-01T23:59:59,MISSING,,0,6,cash_from_operations;net_income;revenue;total_assets;total_equity;total_liabilities,True,NO_PIT_SAFE_FINANCIAL_STATEMENT
BUMI,2026-09-01T23:59:59,MISSING,,0,6,cash_from_operations;net_income;revenue;total_assets;total_equity;total_liabilities,True,NO_PIT_SAFE_FINANCIAL_STATEMENT
BUVA,2026-09-01T23:59:59,MISSING,,0,6,cash_from_operations;net_income;revenue;total_assets;total_equity;total_liabilities,True,NO_PIT_SAFE_FINANCIAL_STATEMENT
BWPT,2026-09-01T23:59:59,MISSING,,0,6,cash_from_operations;net_income;revenue;total_assets;total_equity;total_liabilities,True,NO_PIT_SAFE_FINANCIAL_STATEMENT
BYAN,2026-09-01T23:59:59,MISSING,,0,6,cash_from_operations;net_income;revenue;total_assets;total_equity;total_liabilities,True,NO_PIT_SAFE_FINANCIAL_STATEMENT
CBDK,2026-09-01T23:59:59,MISSING,,0,6,cash_from_operations;net_income;revenue;total_assets;total_equity;total_liabilities,True,NO_PIT_SAFE_FINANCIAL_STATEMENT
CBRE,2026-09-01T23:59:59,MISSING,,0,6,cash_from_operations;net_income;revenue;total_assets;total_equity;total_liabilities,True,NO_PIT_SAFE_FINANCIAL_STATEMENT
CDIA,2026-09-01T23:59:59,MISSING,,0,6,cash_from_operations;net_income;revenue;total_assets;total_equity;total_liabilities,True,NO_PIT_SAFE_FINANCIAL_STATEMENT
CLEO,2026-09-01T23:59:59,MISSING,,0,6,cash_from_operations;net_income;revenue;total_assets;total_equity;total_liabilities,True,NO_PIT_SAFE_FINANCIAL_STATEMENT
CMNT,2026-09-01T23:59:59,MISSING,,0,6,cash_from_operations;net_income;revenue;total_assets;total_equity;total_liabilities,True,NO_PIT_SAFE_FINANCIAL_STATEMENT
CMRY,2026-09-01T23:59:59,MISSING,,0,6,cash_from_operations;net_income;revenue;total_assets;total_equity;total_liabilities,True,NO_PIT_SAFE_FINANCIAL_STATEMENT
CNMA,2026-09-01T23:59:59,MISSING,,0,6,cash_from_operations;net_income;revenue;total_assets;total_equity;total_liabilities,True,NO_PIT_SAFE_FINANCIAL_STATEMENT
COCO,2026-09-01T23:59:59,MISSING,,0,6,cash_from_operations;net_income;revenue;total_assets;total_equity;total_liabilities,True,NO_PIT_SAFE_FINANCIAL_STATEMENT
COIN,2026-09-01T23:59:59,MISSING,,0,6,cash_from_operations;net_income;revenue;total_assets;total_equity;total_liabilities,True,NO_PIT_SAFE_FINANCIAL_STATEMENT
CPIN,2026-09-01T23:59:59,MISSING,,0,6,cash_from_operations;net_income;revenue;total_assets;total_equity;total_liabilities,True,NO_PIT_SAFE_FINANCIAL_STATEMENT
CSMI,2026-09-01T23:59:59,MISSING,,0,6,cash_from_operations;net_income;revenue;total_assets;total_equity;total_liabilities,True,NO_PIT_SAFE_FINANCIAL_STATEMENT
CTRA,2026-09-01T23:59:59,MISSING,,0,6,cash_from_operations;net_income;revenue;total_assets;total_equity;total_liabilities,True,NO_PIT_SAFE_FINANCIAL_STATEMENT
CTTH,2026-09-01T23:59:59,MISSING,,0,6,cash_from_operations;net_income;revenue;total_assets;total_equity;total_liabilities,True,NO_PIT_SAFE_FINANCIAL_STATEMENT
CUAN,2026-09-01T23:59:59,MISSING,,0,6,cash_from_operations;net_income;revenue;total_assets;total_equity;total_liabilities,True,NO_PIT_SAFE_FINANCIAL_STATEMENT
CYBR,2026-09-01T23:59:59,MISSING,,0,6,cash_from_operations;net_income;revenue;total_assets;total_equity;total_liabilities,True,NO_PIT_SAFE_FINANCIAL_STATEMENT
DATA,2026-09-01T23:59:59,MISSING,,0,6,cash_from_operations;net_income;revenue;total_assets;total_equity;total_liabilities,True,NO_PIT_SAFE_FINANCIAL_STATEMENT
DEFI,2026-09-01T23:59:59,MISSING,,0,6,cash_from_operations;net_income;revenue;total_assets;total_equity;total_liabilities,True,NO_PIT_SAFE_FINANCIAL_STATEMENT
DEWA,2026-09-01T23:59:59,MISSING,,0,6,cash_from_operations;net_income;revenue;total_assets;total_equity;total_liabilities,True,NO_PIT_SAFE_FINANCIAL_STATEMENT
DEWI,2026-09-01T23:59:59,MISSING,,0,6,cash_from_operations;net_income;revenue;total_assets;total_equity;total_liabilities,True,NO_PIT_SAFE_FINANCIAL_STATEMENT
DGWG,2026-09-01T23:59:59,MISSING,,0,6,cash_from_operations;net_income;revenue;total_assets;total_equity;total_liabilities,True,NO_PIT_SAFE_FINANCIAL_STATEMENT
DILD,2026-09-01T23:59:59,MISSING,,0,6,cash_from_operations;net_income;revenue;total_assets;total_equity;total_liabilities,True,NO_PIT_SAFE_FINANCIAL_STATEMENT
DKFT,2026-09-01T23:59:59,MISSING,,0,6,cash_from_operations;net_income;revenue;total_assets;total_equity;total_liabilities,True,NO_PIT_SAFE_FINANCIAL_STATEMENT
DMAS,2026-09-01T23:59:59,MISSING,,0,6,cash_from_operations;net_income;revenue;total_assets;total_equity;total_liabilities,True,NO_PIT_SAFE_FINANCIAL_STATEMENT
DOOH,2026-09-01T23:59:59,MISSING,,0,6,cash_from_operations;net_income;revenue;total_assets;total_equity;total_liabilities,True,NO_PIT_SAFE_FINANCIAL_STATEMENT
DPUM,2026-09-01T23:59:59,MISSING,,0,6,cash_from_operations;net_income;revenue;total_assets;total_equity;total_liabilities,True,NO_PIT_SAFE_FINANCIAL_STATEMENT
DSNG,2026-09-01T23:59:59,MISSING,,0,6,cash_from_operations;net_income;revenue;total_assets;total_equity;total_liabilities,True,NO_PIT_SAFE_FINANCIAL_STATEMENT
DSSA,2026-09-01T23:59:59,MISSING,,0,6,cash_from_operations;net_income;revenue;total_assets;total_equity;total_liabilities,True,NO_PIT_SAFE_FINANCIAL_STATEMENT
EKAD,2026-09-01T23:59:59,MISSING,,0,6,cash_from_operations;net_income;revenue;total_assets;total_equity;total_liabilities,True,NO_PIT_SAFE_FINANCIAL_STATEMENT
ELIT,2026-09-01T23:59:59,MISSING,,0,6,cash_from_operations;net_income;revenue;total_assets;total_equity;total_liabilities,True,NO_PIT_SAFE_FINANCIAL_STATEMENT
ELSA,2026-09-01T23:59:59,MISSING,,0,6,cash_from_operations;net_income;revenue;total_assets;total_equity;total_liabilities,True,NO_PIT_SAFE_FINANCIAL_STATEMENT
ELTY,2026-09-01T23:59:59,MISSING,,0,6,cash_from_operations;net_income;revenue;total_assets;total_equity;total_liabilities,True,NO_PIT_SAFE_FINANCIAL_STATEMENT
EMAS,2026-09-01T23:59:59,MISSING,,0,6,cash_from_operations;net_income;revenue;total_assets;total_equity;total_liabilities,True,NO_PIT_SAFE_FINANCIAL_STATEMENT
EMTK,2026-09-01T23:59:59,MISSING,,0,6,cash_from_operations;net_income;revenue;total_assets;total_equity;total_liabilities,True,NO_PIT_SAFE_FINANCIAL_STATEMENT
ENRG,2026-09-01T23:59:59,MISSING,,0,6,cash_from_operations;net_income;revenue;total_assets;total_equity;total_liabilities,True,NO_PIT_SAFE_FINANCIAL_STATEMENT
ENZO,2026-09-01T23:59:59,MISSING,,0,6,cash_from_operations;net_income;revenue;total_assets;total_equity;total_liabilities,True,NO_PIT_SAFE_FINANCIAL_STATEMENT
EPAC,2026-09-01T23:59:59,MISSING,,0,6,cash_from_operations;net_income;revenue;total_assets;total_equity;total_liabilities,True,NO_PIT_SAFE_FINANCIAL_STATEMENT
ERAA,2026-09-01T23:59:59,MISSING,,0,6,cash_from_operations;net_income;revenue;total_assets;total_equity;total_liabilities,True,NO_PIT_SAFE_FINANCIAL_STATEMENT
ERAL,2026-09-01T23:59:59,MISSING,,0,6,cash_from_operations;net_income;revenue;total_assets;total_equity;total_liabilities,True,NO_PIT_SAFE_FINANCIAL_STATEMENT
ESIP,2026-09-01T23:59:59,MISSING,,0,6,cash_from_operations;net_income;revenue;total_assets;total_equity;total_liabilities,True,NO_PIT_SAFE_FINANCIAL_STATEMENT
ESSA,2026-09-01T23:59:59,MISSING,,0,6,cash_from_operations;net_income;revenue;total_assets;total_equity;total_liabilities,True,NO_PIT_SAFE_FINANCIAL_STATEMENT
EXCL,2026-09-01T23:59:59,MISSING,,0,6,cash_from_operations;net_income;revenue;total_assets;total_equity;total_liabilities,True,NO_PIT_SAFE_FINANCIAL_STATEMENT
FAST,2026-09-01T23:59:59,MISSING,,0,6,cash_from_operations;net_income;revenue;total_assets;total_equity;total_liabilities,True,NO_PIT_SAFE_FINANCIAL_STATEMENT
FILM,2026-09-01T23:59:59,MISSING,,0,6,cash_from_operations;net_income;revenue;total_assets;total_equity;total_liabilities,True,NO_PIT_SAFE_FINANCIAL_STATEMENT
FOLK,2026-09-01T23:59:59,MISSING,,0,6,cash_from_operations;net_income;revenue;total_assets;total_equity;total_liabilities,True,NO_PIT_SAFE_FINANCIAL_STATEMENT
FORE,2026-09-01T23:59:59,MISSING,,0,6,cash_from_operations;net_income;revenue;total_assets;total_equity;total_liabilities,True,NO_PIT_SAFE_FINANCIAL_STATEMENT
FORU,2026-09-01T23:59:59,MISSING,,0,6,cash_from_operations;net_income;revenue;total_assets;total_equity;total_liabilities,True,NO_PIT_SAFE_FINANCIAL_STATEMENT
FPNI,2026-09-01T23:59:59,MISSING,,0,6,cash_from_operations;net_income;revenue;total_assets;total_equity;total_liabilities,True,NO_PIT_SAFE_FINANCIAL_STATEMENT
FUTR,2026-09-01T23:59:59,MISSING,,0,6,cash_from_operations;net_income;revenue;total_assets;total_equity;total_liabilities,True,NO_PIT_SAFE_FINANCIAL_STATEMENT
GGRM,2026-09-01T23:59:59,MISSING,,0,6,cash_from_operations;net_income;revenue;total_assets;total_equity;total_liabilities,True,NO_PIT_SAFE_FINANCIAL_STATEMENT
GIAA,2026-09-01T23:59:59,MISSING,,0,6,cash_from_operations;net_income;revenue;total_assets;total_equity;total_liabilities,True,NO_PIT_SAFE_FINANCIAL_STATEMENT
GJTL,2026-09-01T23:59:59,MISSING,,0,6,cash_from_operations;net_income;revenue;total_assets;total_equity;total_liabilities,True,NO_PIT_SAFE_FINANCIAL_STATEMENT
GMFI,2026-09-01T23:59:59,MISSING,,0,6,cash_from_operations;net_income;revenue;total_assets;total_equity;total_liabilities,True,NO_PIT_SAFE_FINANCIAL_STATEMENT
GPRA,2026-09-01T23:59:59,MISSING,,0,6,cash_from_operations;net_income;revenue;total_assets;total_equity;total_liabilities,True,NO_PIT_SAFE_FINANCIAL_STATEMENT
GPSO,2026-09-01T23:59:59,MISSING,,0,6,cash_from_operations;net_income;revenue;total_assets;total_equity;total_liabilities,True,NO_PIT_SAFE_FINANCIAL_STATEMENT
GTSI,2026-09-01T23:59:59,MISSING,,0,6,cash_from_operations;net_income;revenue;total_assets;total_equity;total_liabilities,True,NO_PIT_SAFE_FINANCIAL_STATEMENT
GULA,2026-09-01T23:59:59,MISSING,,0,6,cash_from_operations;net_income;revenue;total_assets;total_equity;total_liabilities,True,NO_PIT_SAFE_FINANCIAL_STATEMENT
GZCO,2026-09-01T23:59:59,MISSING,,0,6,cash_from_operations;net_income;revenue;total_assets;total_equity;total_liabilities,True,NO_PIT_SAFE_FINANCIAL_STATEMENT
HATM,2026-09-01T23:59:59,MISSING,,0,6,cash_from_operations;net_income;revenue;total_assets;total_equity;total_liabilities,True,NO_PIT_SAFE_FINANCIAL_STATEMENT
HEAL,2026-09-01T23:59:59,MISSING,,0,6,cash_from_operations;net_income;revenue;total_assets;total_equity;total_liabilities,True,NO_PIT_SAFE_FINANCIAL_STATEMENT
HEXA,2026-09-01T23:59:59,MISSING,,0,6,cash_from_operations;net_income;revenue;total_assets;total_equity;total_liabilities,True,NO_PIT_SAFE_FINANCIAL_STATEMENT
HMSP,2026-09-01T23:59:59,MISSING,,0,6,cash_from_operations;net_income;revenue;total_assets;total_equity;total_liabilities,True,NO_PIT_SAFE_FINANCIAL_STATEMENT
HOPE,2026-09-01T23:59:59,MISSING,,0,6,cash_from_operations;net_income;revenue;total_assets;total_equity;total_liabilities,True,NO_PIT_SAFE_FINANCIAL_STATEMENT
HRTA,2026-09-01T23:59:59,MISSING,,0,6,cash_from_operations;net_income;revenue;total_assets;total_equity;total_liabilities,True,NO_PIT_SAFE_FINANCIAL_STATEMENT
HRUM,2026-09-01T23:59:59,MISSING,,0,6,cash_from_operations;net_income;revenue;total_assets;total_equity;total_liabilities,True,NO_PIT_SAFE_FINANCIAL_STATEMENT
HUMI,2026-09-01T23:59:59,MISSING,,0,6,cash_from_operations;net_income;revenue;total_assets;total_equity;total_liabilities,True,NO_PIT_SAFE_FINANCIAL_STATEMENT
IATA,2026-09-01T23:59:59,MISSING,,0,6,cash_from_operations;net_income;revenue;total_assets;total_equity;total_liabilities,True,NO_PIT_SAFE_FINANCIAL_STATEMENT
ICBP,2026-09-01T23:59:59,MISSING,,0,6,cash_from_operations;net_income;revenue;total_assets;total_equity;total_liabilities,True,NO_PIT_SAFE_FINANCIAL_STATEMENT
ICON,2026-09-01T23:59:59,MISSING,,0,6,cash_from_operations;net_income;revenue;total_assets;total_equity;total_liabilities,True,NO_PIT_SAFE_FINANCIAL_STATEMENT
IMPC,2026-09-01T23:59:59,MISSING,,0,6,cash_from_operations;net_income;revenue;total_assets;total_equity;total_liabilities,True,NO_PIT_SAFE_FINANCIAL_STATEMENT
INCO,2026-09-01T23:59:59,MISSING,,0,6,cash_from_operations;net_income;revenue;total_assets;total_equity;total_liabilities,True,NO_PIT_SAFE_FINANCIAL_STATEMENT
INDF,2026-09-01T23:59:59,MISSING,,0,6,cash_from_operations;net_income;revenue;total_assets;total_equity;total_liabilities,True,NO_PIT_SAFE_FINANCIAL_STATEMENT
INDO,2026-09-01T23:59:59,MISSING,,0,6,cash_from_operations;net_income;revenue;total_assets;total_equity;total_liabilities,True,NO_PIT_SAFE_FINANCIAL_STATEMENT
INDY,2026-09-01T23:59:59,MISSING,,0,6,cash_from_operations;net_income;revenue;total_assets;total_equity;total_liabilities,True,NO_PIT_SAFE_FINANCIAL_STATEMENT
INET,2026-09-01T23:59:59,MISSING,,0,6,cash_from_operations;net_income;revenue;total_assets;total_equity;total_liabilities,True,NO_PIT_SAFE_FINANCIAL_STATEMENT
INKP,2026-09-01T23:59:59,MISSING,,0,6,cash_from_operations;net_income;revenue;total_assets;total_equity;total_liabilities,True,NO_PIT_SAFE_FINANCIAL_STATEMENT
INTP,2026-09-01T23:59:59,MISSING,,0,6,cash_from_operations;net_income;revenue;total_assets;total_equity;total_liabilities,True,NO_PIT_SAFE_FINANCIAL_STATEMENT
IOTF,2026-09-01T23:59:59,MISSING,,0,6,cash_from_operations;net_income;revenue;total_assets;total_equity;total_liabilities,True,NO_PIT_SAFE_FINANCIAL_STATEMENT
IRSX,2026-09-01T23:59:59,MISSING,,0,6,cash_from_operations;net_income;revenue;total_assets;total_equity;total_liabilities,True,NO_PIT_SAFE_FINANCIAL_STATEMENT
ISAT,2026-09-01T23:59:59,MISSING,,0,6,cash_from_operations;net_income;revenue;total_assets;total_equity;total_liabilities,True,NO_PIT_SAFE_FINANCIAL_STATEMENT
ITMG,2026-09-01T23:59:59,MISSING,,0,6,cash_from_operations;net_income;revenue;total_assets;total_equity;total_liabilities,True,NO_PIT_SAFE_FINANCIAL_STATEMENT
JARR,2026-09-01T23:59:59,MISSING,,0,6,cash_from_operations;net_income;revenue;total_assets;total_equity;total_liabilities,True,NO_PIT_SAFE_FINANCIAL_STATEMENT
JATI,2026-09-01T23:59:59,MISSING,,0,6,cash_from_operations;net_income;revenue;total_assets;total_equity;total_liabilities,True,NO_PIT_SAFE_FINANCIAL_STATEMENT
JGLE,2026-09-01T23:59:59,MISSING,,0,6,cash_from_operations;net_income;revenue;total_assets;total_equity;total_liabilities,True,NO_PIT_SAFE_FINANCIAL_STATEMENT
JPFA,2026-09-01T23:59:59,MISSING,,0,6,cash_from_operations;net_income;revenue;total_assets;total_equity;total_liabilities,True,NO_PIT_SAFE_FINANCIAL_STATEMENT
JSMR,2026-09-01T23:59:59,MISSING,,0,6,cash_from_operations;net_income;revenue;total_assets;total_equity;total_liabilities,True,NO_PIT_SAFE_FINANCIAL_STATEMENT
KAQI,2026-09-01T23:59:59,MISSING,,0,6,cash_from_operations;net_income;revenue;total_assets;total_equity;total_liabilities,True,NO_PIT_SAFE_FINANCIAL_STATEMENT
KDTN,2026-09-01T23:59:59,MISSING,,0,6,cash_from_operations;net_income;revenue;total_assets;total_equity;total_liabilities,True,NO_PIT_SAFE_FINANCIAL_STATEMENT
KEEN,2026-09-01T23:59:59,MISSING,,0,6,cash_from_operations;net_income;revenue;total_assets;total_equity;total_liabilities,True,NO_PIT_SAFE_FINANCIAL_STATEMENT
KETR,2026-09-01T23:59:59,MISSING,,0,6,cash_from_operations;net_income;revenue;total_assets;total_equity;total_liabilities,True,NO_PIT_SAFE_FINANCIAL_STATEMENT
KIJA,2026-09-01T23:59:59,MISSING,,0,6,cash_from_operations;net_income;revenue;total_assets;total_equity;total_liabilities,True,NO_PIT_SAFE_FINANCIAL_STATEMENT
KJEN,2026-09-01T23:59:59,MISSING,,0,6,cash_from_operations;net_income;revenue;total_assets;total_equity;total_liabilities,True,NO_PIT_SAFE_FINANCIAL_STATEMENT
KLBF,2026-09-01T23:59:59,MISSING,,0,6,cash_from_operations;net_income;revenue;total_assets;total_equity;total_liabilities,True,NO_PIT_SAFE_FINANCIAL_STATEMENT
KOCI,2026-09-01T23:59:59,MISSING,,0,6,cash_from_operations;net_income;revenue;total_assets;total_equity;total_liabilities,True,NO_PIT_SAFE_FINANCIAL_STATEMENT
KOKA,2026-09-01T23:59:59,MISSING,,0,6,cash_from_operations;net_income;revenue;total_assets;total_equity;total_liabilities,True,NO_PIT_SAFE_FINANCIAL_STATEMENT
KOTA,2026-09-01T23:59:59,MISSING,,0,6,cash_from_operations;net_income;revenue;total_assets;total_equity;total_liabilities,True,NO_PIT_SAFE_FINANCIAL_STATEMENT
KPIG,2026-09-01T23:59:59,MISSING,,0,6,cash_from_operations;net_income;revenue;total_assets;total_equity;total_liabilities,True,NO_PIT_SAFE_FINANCIAL_STATEMENT
KRYA,2026-09-01T23:59:59,MISSING,,0,6,cash_from_operations;net_income;revenue;total_assets;total_equity;total_liabilities,True,NO_PIT_SAFE_FINANCIAL_STATEMENT
KUAS,2026-09-01T23:59:59,MISSING,,0,6,cash_from_operations;net_income;revenue;total_assets;total_equity;total_liabilities,True,NO_PIT_SAFE_FINANCIAL_STATEMENT
LABA,2026-09-01T23:59:59,MISSING,,0,6,cash_from_operations;net_income;revenue;total_assets;total_equity;total_liabilities,True,NO_PIT_SAFE_FINANCIAL_STATEMENT
LAJU,2026-09-01T23:59:59,MISSING,,0,6,cash_from_operations;net_income;revenue;total_assets;total_equity;total_liabilities,True,NO_PIT_SAFE_FINANCIAL_STATEMENT
LAND,2026-09-01T23:59:59,MISSING,,0,6,cash_from_operations;net_income;revenue;total_assets;total_equity;total_liabilities,True,NO_PIT_SAFE_FINANCIAL_STATEMENT
LAPD,2026-09-01T23:59:59,MISSING,,0,6,cash_from_operations;net_income;revenue;total_assets;total_equity;total_liabilities,True,NO_PIT_SAFE_FINANCIAL_STATEMENT
LEAD,2026-09-01T23:59:59,MISSING,,0,6,cash_from_operations;net_income;revenue;total_assets;total_equity;total_liabilities,True,NO_PIT_SAFE_FINANCIAL_STATEMENT
LPKR,2026-09-01T23:59:59,MISSING,,0,6,cash_from_operations;net_income;revenue;total_assets;total_equity;total_liabilities,True,NO_PIT_SAFE_FINANCIAL_STATEMENT
LPPF,2026-09-01T23:59:59,MISSING,,0,6,cash_from_operations;net_income;revenue;total_assets;total_equity;total_liabilities,True,NO_PIT_SAFE_FINANCIAL_STATEMENT
LSIP,2026-09-01T23:59:59,MISSING,,0,6,cash_from_operations;net_income;revenue;total_assets;total_equity;total_liabilities,True,NO_PIT_SAFE_FINANCIAL_STATEMENT
LUCY,2026-09-01T23:59:59,MISSING,,0,6,cash_from_operations;net_income;revenue;total_assets;total_equity;total_liabilities,True,NO_PIT_SAFE_FINANCIAL_STATEMENT
MAPA,2026-09-01T23:59:59,MISSING,,0,6,cash_from_operations;net_income;revenue;total_assets;total_equity;total_liabilities,True,NO_PIT_SAFE_FINANCIAL_STATEMENT
MAPI,2026-09-01T23:59:59,MISSING,,0,6,cash_from_operations;net_income;revenue;total_assets;total_equity;total_liabilities,True,NO_PIT_SAFE_FINANCIAL_STATEMENT
MARK,2026-09-01T23:59:59,MISSING,,0,6,cash_from_operations;net_income;revenue;total_assets;total_equity;total_liabilities,True,NO_PIT_SAFE_FINANCIAL_STATEMENT
MBMA,2026-09-01T23:59:59,MISSING,,0,6,cash_from_operations;net_income;revenue;total_assets;total_equity;total_liabilities,True,NO_PIT_SAFE_FINANCIAL_STATEMENT
MBSS,2026-09-01T23:59:59,MISSING,,0,6,cash_from_operations;net_income;revenue;total_assets;total_equity;total_liabilities,True,NO_PIT_SAFE_FINANCIAL_STATEMENT
MDIA,2026-09-01T23:59:59,MISSING,,0,6,cash_from_operations;net_income;revenue;total_assets;total_equity;total_liabilities,True,NO_PIT_SAFE_FINANCIAL_STATEMENT
MDKA,2026-09-01T23:59:59,MISSING,,0,6,cash_from_operations;net_income;revenue;total_assets;total_equity;total_liabilities,True,NO_PIT_SAFE_FINANCIAL_STATEMENT
MEDC,2026-09-01T23:59:59,MISSING,,0,6,cash_from_operations;net_income;revenue;total_assets;total_equity;total_liabilities,True,NO_PIT_SAFE_FINANCIAL_STATEMENT
MEDS,2026-09-01T23:59:59,MISSING,,0,6,cash_from_operations;net_income;revenue;total_assets;total_equity;total_liabilities,True,NO_PIT_SAFE_FINANCIAL_STATEMENT
MEJA,2026-09-01T23:59:59,MISSING,,0,6,cash_from_operations;net_income;revenue;total_assets;total_equity;total_liabilities,True,NO_PIT_SAFE_FINANCIAL_STATEMENT
MGLV,2026-09-01T23:59:59,MISSING,,0,6,cash_from_operations;net_income;revenue;total_assets;total_equity;total_liabilities,True,NO_PIT_SAFE_FINANCIAL_STATEMENT
MGRO,2026-09-01T23:59:59,MISSING,,0,6,cash_from_operations;net_income;revenue;total_assets;total_equity;total_liabilities,True,NO_PIT_SAFE_FINANCIAL_STATEMENT
MIDI,2026-09-01T23:59:59,MISSING,,0,6,cash_from_operations;net_income;revenue;total_assets;total_equity;total_liabilities,True,NO_PIT_SAFE_FINANCIAL_STATEMENT
MIKA,2026-09-01T23:59:59,MISSING,,0,6,cash_from_operations;net_income;revenue;total_assets;total_equity;total_liabilities,True,NO_PIT_SAFE_FINANCIAL_STATEMENT
MINA,2026-09-01T23:59:59,MISSING,,0,6,cash_from_operations;net_income;revenue;total_assets;total_equity;total_liabilities,True,NO_PIT_SAFE_FINANCIAL_STATEMENT
MITI,2026-09-01T23:59:59,MISSING,,0,6,cash_from_operations;net_income;revenue;total_assets;total_equity;total_liabilities,True,NO_PIT_SAFE_FINANCIAL_STATEMENT
MLPL,2026-09-01T23:59:59,MISSING,,0,6,cash_from_operations;net_income;revenue;total_assets;total_equity;total_liabilities,True,NO_PIT_SAFE_FINANCIAL_STATEMENT
MLPT,2026-09-01T23:59:59,MISSING,,0,6,cash_from_operations;net_income;revenue;total_assets;total_equity;total_liabilities,True,NO_PIT_SAFE_FINANCIAL_STATEMENT
MMIX,2026-09-01T23:59:59,MISSING,,0,6,cash_from_operations;net_income;revenue;total_assets;total_equity;total_liabilities,True,NO_PIT_SAFE_FINANCIAL_STATEMENT
MNCN,2026-09-01T23:59:59,MISSING,,0,6,cash_from_operations;net_income;revenue;total_assets;total_equity;total_liabilities,True,NO_PIT_SAFE_FINANCIAL_STATEMENT
MOLI,2026-09-01T23:59:59,MISSING,,0,6,cash_from_operations;net_income;revenue;total_assets;total_equity;total_liabilities,True,NO_PIT_SAFE_FINANCIAL_STATEMENT
MPMX,2026-09-01T23:59:59,MISSING,,0,6,cash_from_operations;net_income;revenue;total_assets;total_equity;total_liabilities,True,NO_PIT_SAFE_FINANCIAL_STATEMENT
MSIN,2026-09-01T23:59:59,MISSING,,0,6,cash_from_operations;net_income;revenue;total_assets;total_equity;total_liabilities,True,NO_PIT_SAFE_FINANCIAL_STATEMENT
MSJA,2026-09-01T23:59:59,MISSING,,0,6,cash_from_operations;net_income;revenue;total_assets;total_equity;total_liabilities,True,NO_PIT_SAFE_FINANCIAL_STATEMENT
MSTI,2026-09-01T23:59:59,MISSING,,0,6,cash_from_operations;net_income;revenue;total_assets;total_equity;total_liabilities,True,NO_PIT_SAFE_FINANCIAL_STATEMENT
MTEL,2026-09-01T23:59:59,MISSING,,0,6,cash_from_operations;net_income;revenue;total_assets;total_equity;total_liabilities,True,NO_PIT_SAFE_FINANCIAL_STATEMENT
MYOR,2026-09-01T23:59:59,MISSING,,0,6,cash_from_operations;net_income;revenue;total_assets;total_equity;total_liabilities,True,NO_PIT_SAFE_FINANCIAL_STATEMENT
NANO,2026-09-01T23:59:59,MISSING,,0,6,cash_from_operations;net_income;revenue;total_assets;total_equity;total_liabilities,True,NO_PIT_SAFE_FINANCIAL_STATEMENT
NAYZ,2026-09-01T23:59:59,MISSING,,0,6,cash_from_operations;net_income;revenue;total_assets;total_equity;total_liabilities,True,NO_PIT_SAFE_FINANCIAL_STATEMENT
NCKL,2026-09-01T23:59:59,MISSING,,0,6,cash_from_operations;net_income;revenue;total_assets;total_equity;total_liabilities,True,NO_PIT_SAFE_FINANCIAL_STATEMENT
NEST,2026-09-01T23:59:59,MISSING,,0,6,cash_from_operations;net_income;revenue;total_assets;total_equity;total_liabilities,True,NO_PIT_SAFE_FINANCIAL_STATEMENT
NICL,2026-09-01T23:59:59,MISSING,,0,6,cash_from_operations;net_income;revenue;total_assets;total_equity;total_liabilities,True,NO_PIT_SAFE_FINANCIAL_STATEMENT
NISP,2026-09-01T23:59:59,MISSING,,0,6,cash_from_operations;net_income;revenue;total_assets;total_equity;total_liabilities,True,NO_PIT_SAFE_FINANCIAL_STATEMENT
NRCA,2026-09-01T23:59:59,MISSING,,0,6,cash_from_operations;net_income;revenue;total_assets;total_equity;total_liabilities,True,NO_PIT_SAFE_FINANCIAL_STATEMENT
NSSS,2026-09-01T23:59:59,MISSING,,0,6,cash_from_operations;net_income;revenue;total_assets;total_equity;total_liabilities,True,NO_PIT_SAFE_FINANCIAL_STATEMENT
NTBK,2026-09-01T23:59:59,MISSING,,0,6,cash_from_operations;net_income;revenue;total_assets;total_equity;total_liabilities,True,NO_PIT_SAFE_FINANCIAL_STATEMENT
NZIA,2026-09-01T23:59:59,MISSING,,0,6,cash_from_operations;net_income;revenue;total_assets;total_equity;total_liabilities,True,NO_PIT_SAFE_FINANCIAL_STATEMENT
OASA,2026-09-01T23:59:59,MISSING,,0,6,cash_from_operations;net_income;revenue;total_assets;total_equity;total_liabilities,True,NO_PIT_SAFE_FINANCIAL_STATEMENT
OILS,2026-09-01T23:59:59,MISSING,,0,6,cash_from_operations;net_income;revenue;total_assets;total_equity;total_liabilities,True,NO_PIT_SAFE_FINANCIAL_STATEMENT
OMED,2026-09-01T23:59:59,MISSING,,0,6,cash_from_operations;net_income;revenue;total_assets;total_equity;total_liabilities,True,NO_PIT_SAFE_FINANCIAL_STATEMENT
PACK,2026-09-01T23:59:59,MISSING,,0,6,cash_from_operations;net_income;revenue;total_assets;total_equity;total_liabilities,True,NO_PIT_SAFE_FINANCIAL_STATEMENT
PADA,2026-09-01T23:59:59,MISSING,,0,6,cash_from_operations;net_income;revenue;total_assets;total_equity;total_liabilities,True,NO_PIT_SAFE_FINANCIAL_STATEMENT
PADI,2026-09-01T23:59:59,MISSING,,0,6,cash_from_operations;net_income;revenue;total_assets;total_equity;total_liabilities,True,NO_PIT_SAFE_FINANCIAL_STATEMENT
PANI,2026-09-01T23:59:59,MISSING,,0,6,cash_from_operations;net_income;revenue;total_assets;total_equity;total_liabilities,True,NO_PIT_SAFE_FINANCIAL_STATEMENT
PEGE,2026-09-01T23:59:59,MISSING,,0,6,cash_from_operations;net_income;revenue;total_assets;total_equity;total_liabilities,True,NO_PIT_SAFE_FINANCIAL_STATEMENT
PGAS,2026-09-01T23:59:59,MISSING,,0,6,cash_from_operations;net_income;revenue;total_assets;total_equity;total_liabilities,True,NO_PIT_SAFE_FINANCIAL_STATEMENT
PGEO,2026-09-01T23:59:59,MISSING,,0,6,cash_from_operations;net_income;revenue;total_assets;total_equity;total_liabilities,True,NO_PIT_SAFE_FINANCIAL_STATEMENT
PIPA,2026-09-01T23:59:59,MISSING,,0,6,cash_from_operations;net_income;revenue;total_assets;total_equity;total_liabilities,True,NO_PIT_SAFE_FINANCIAL_STATEMENT
PKPK,2026-09-01T23:59:59,MISSING,,0,6,cash_from_operations;net_income;revenue;total_assets;total_equity;total_liabilities,True,NO_PIT_SAFE_FINANCIAL_STATEMENT
PNBN,2026-09-01T23:59:59,MISSING,,0,6,cash_from_operations;net_income;revenue;total_assets;total_equity;total_liabilities,True,NO_PIT_SAFE_FINANCIAL_STATEMENT
PNLF,2026-09-01T23:59:59,MISSING,,0,6,cash_from_operations;net_income;revenue;total_assets;total_equity;total_liabilities,True,NO_PIT_SAFE_FINANCIAL_STATEMENT
POWR,2026-09-01T23:59:59,MISSING,,0,6,cash_from_operations;net_income;revenue;total_assets;total_equity;total_liabilities,True,NO_PIT_SAFE_FINANCIAL_STATEMENT
PPRE,2026-09-01T23:59:59,MISSING,,0,6,cash_from_operations;net_income;revenue;total_assets;total_equity;total_liabilities,True,NO_PIT_SAFE_FINANCIAL_STATEMENT
PRDA,2026-09-01T23:59:59,MISSING,,0,6,cash_from_operations;net_income;revenue;total_assets;total_equity;total_liabilities,True,NO_PIT_SAFE_FINANCIAL_STATEMENT
PSAB,2026-09-01T23:59:59,MISSING,,0,6,cash_from_operations;net_income;revenue;total_assets;total_equity;total_liabilities,True,NO_PIT_SAFE_FINANCIAL_STATEMENT
PSKT,2026-09-01T23:59:59,MISSING,,0,6,cash_from_operations;net_income;revenue;total_assets;total_equity;total_liabilities,True,NO_PIT_SAFE_FINANCIAL_STATEMENT
PTBA,2026-09-01T23:59:59,MISSING,,0,6,cash_from_operations;net_income;revenue;total_assets;total_equity;total_liabilities,True,NO_PIT_SAFE_FINANCIAL_STATEMENT
PTRO,2026-09-01T23:59:59,MISSING,,0,6,cash_from_operations;net_income;revenue;total_assets;total_equity;total_liabilities,True,NO_PIT_SAFE_FINANCIAL_STATEMENT
PWON,2026-09-01T23:59:59,MISSING,,0,6,cash_from_operations;net_income;revenue;total_assets;total_equity;total_liabilities,True,NO_PIT_SAFE_FINANCIAL_STATEMENT
PYFA,2026-09-01T23:59:59,MISSING,,0,6,cash_from_operations;net_income;revenue;total_assets;total_equity;total_liabilities,True,NO_PIT_SAFE_FINANCIAL_STATEMENT
RAJA,2026-09-01T23:59:59,MISSING,,0,6,cash_from_operations;net_income;revenue;total_assets;total_equity;total_liabilities,True,NO_PIT_SAFE_FINANCIAL_STATEMENT
RATU,2026-09-01T23:59:59,MISSING,,0,6,cash_from_operations;net_income;revenue;total_assets;total_equity;total_liabilities,True,NO_PIT_SAFE_FINANCIAL_STATEMENT
RGAS,2026-09-01T23:59:59,MISSING,,0,6,cash_from_operations;net_income;revenue;total_assets;total_equity;total_liabilities,True,NO_PIT_SAFE_FINANCIAL_STATEMENT
RISE,2026-09-01T23:59:59,MISSING,,0,6,cash_from_operations;net_income;revenue;total_assets;total_equity;total_liabilities,True,NO_PIT_SAFE_FINANCIAL_STATEMENT
RLCO,2026-09-01T23:59:59,MISSING,,0,6,cash_from_operations;net_income;revenue;total_assets;total_equity;total_liabilities,True,NO_PIT_SAFE_FINANCIAL_STATEMENT
RMKE,2026-09-01T23:59:59,MISSING,,0,6,cash_from_operations;net_income;revenue;total_assets;total_equity;total_liabilities,True,NO_PIT_SAFE_FINANCIAL_STATEMENT
RMKO,2026-09-01T23:59:59,MISSING,,0,6,cash_from_operations;net_income;revenue;total_assets;total_equity;total_liabilities,True,NO_PIT_SAFE_FINANCIAL_STATEMENT
RODA,2026-09-01T23:59:59,MISSING,,0,6,cash_from_operations;net_income;revenue;total_assets;total_equity;total_liabilities,True,NO_PIT_SAFE_FINANCIAL_STATEMENT
RSCH,2026-09-01T23:59:59,MISSING,,0,6,cash_from_operations;net_income;revenue;total_assets;total_equity;total_liabilities,True,NO_PIT_SAFE_FINANCIAL_STATEMENT
SCMA,2026-09-01T23:59:59,MISSING,,0,6,cash_from_operations;net_income;revenue;total_assets;total_equity;total_liabilities,True,NO_PIT_SAFE_FINANCIAL_STATEMENT
SDMU,2026-09-01T23:59:59,MISSING,,0,6,cash_from_operations;net_income;revenue;total_assets;total_equity;total_liabilities,True,NO_PIT_SAFE_FINANCIAL_STATEMENT
SGER,2026-09-01T23:59:59,MISSING,,0,6,cash_from_operations;net_income;revenue;total_assets;total_equity;total_liabilities,True,NO_PIT_SAFE_FINANCIAL_STATEMENT
SIDO,2026-09-01T23:59:59,MISSING,,0,6,cash_from_operations;net_income;revenue;total_assets;total_equity;total_liabilities,True,NO_PIT_SAFE_FINANCIAL_STATEMENT
SILO,2026-09-01T23:59:59,MISSING,,0,6,cash_from_operations;net_income;revenue;total_assets;total_equity;total_liabilities,True,NO_PIT_SAFE_FINANCIAL_STATEMENT
SIMP,2026-09-01T23:59:59,MISSING,,0,6,cash_from_operations;net_income;revenue;total_assets;total_equity;total_liabilities,True,NO_PIT_SAFE_FINANCIAL_STATEMENT
SINI,2026-09-01T23:59:59,MISSING,,0,6,cash_from_operations;net_income;revenue;total_assets;total_equity;total_liabilities,True,NO_PIT_SAFE_FINANCIAL_STATEMENT
SLIS,2026-09-01T23:59:59,MISSING,,0,6,cash_from_operations;net_income;revenue;total_assets;total_equity;total_liabilities,True,NO_PIT_SAFE_FINANCIAL_STATEMENT
SMDR,2026-09-01T23:59:59,MISSING,,0,6,cash_from_operations;net_income;revenue;total_assets;total_equity;total_liabilities,True,NO_PIT_SAFE_FINANCIAL_STATEMENT
SMGR,2026-09-01T23:59:59,MISSING,,0,6,cash_from_operations;net_income;revenue;total_assets;total_equity;total_liabilities,True,NO_PIT_SAFE_FINANCIAL_STATEMENT
SMIL,2026-09-01T23:59:59,MISSING,,0,6,cash_from_operations;net_income;revenue;total_assets;total_equity;total_liabilities,True,NO_PIT_SAFE_FINANCIAL_STATEMENT
SMLE,2026-09-01T23:59:59,MISSING,,0,6,cash_from_operations;net_income;revenue;total_assets;total_equity;total_liabilities,True,NO_PIT_SAFE_FINANCIAL_STATEMENT
SMRA,2026-09-01T23:59:59,MISSING,,0,6,cash_from_operations;net_income;revenue;total_assets;total_equity;total_liabilities,True,NO_PIT_SAFE_FINANCIAL_STATEMENT
SMSM,2026-09-01T23:59:59,MISSING,,0,6,cash_from_operations;net_income;revenue;total_assets;total_equity;total_liabilities,True,NO_PIT_SAFE_FINANCIAL_STATEMENT
SNLK,2026-09-01T23:59:59,MISSING,,0,6,cash_from_operations;net_income;revenue;total_assets;total_equity;total_liabilities,True,NO_PIT_SAFE_FINANCIAL_STATEMENT
SOCI,2026-09-01T23:59:59,MISSING,,0,6,cash_from_operations;net_income;revenue;total_assets;total_equity;total_liabilities,True,NO_PIT_SAFE_FINANCIAL_STATEMENT
SOFA,2026-09-01T23:59:59,MISSING,,0,6,cash_from_operations;net_income;revenue;total_assets;total_equity;total_liabilities,True,NO_PIT_SAFE_FINANCIAL_STATEMENT
SQMI,2026-09-01T23:59:59,MISSING,,0,6,cash_from_operations;net_income;revenue;total_assets;total_equity;total_liabilities,True,NO_PIT_SAFE_FINANCIAL_STATEMENT
SRSN,2026-09-01T23:59:59,MISSING,,0,6,cash_from_operations;net_income;revenue;total_assets;total_equity;total_liabilities,True,NO_PIT_SAFE_FINANCIAL_STATEMENT
SRTG,2026-09-01T23:59:59,MISSING,,0,6,cash_from_operations;net_income;revenue;total_assets;total_equity;total_liabilities,True,NO_PIT_SAFE_FINANCIAL_STATEMENT
SSIA,2026-09-01T23:59:59,MISSING,,0,6,cash_from_operations;net_income;revenue;total_assets;total_equity;total_liabilities,True,NO_PIT_SAFE_FINANCIAL_STATEMENT
SSMS,2026-09-01T23:59:59,MISSING,,0,6,cash_from_operations;net_income;revenue;total_assets;total_equity;total_liabilities,True,NO_PIT_SAFE_FINANCIAL_STATEMENT
STAA,2026-09-01T23:59:59,MISSING,,0,6,cash_from_operations;net_income;revenue;total_assets;total_equity;total_liabilities,True,NO_PIT_SAFE_FINANCIAL_STATEMENT
TAPG,2026-09-01T23:59:59,MISSING,,0,6,cash_from_operations;net_income;revenue;total_assets;total_equity;total_liabilities,True,NO_PIT_SAFE_FINANCIAL_STATEMENT
TCPI,2026-09-01T23:59:59,MISSING,,0,6,cash_from_operations;net_income;revenue;total_assets;total_equity;total_liabilities,True,NO_PIT_SAFE_FINANCIAL_STATEMENT
TEBE,2026-09-01T23:59:59,MISSING,,0,6,cash_from_operations;net_income;revenue;total_assets;total_equity;total_liabilities,True,NO_PIT_SAFE_FINANCIAL_STATEMENT
TINS,2026-09-01T23:59:59,MISSING,,0,6,cash_from_operations;net_income;revenue;total_assets;total_equity;total_liabilities,True,NO_PIT_SAFE_FINANCIAL_STATEMENT
TKIM,2026-09-01T23:59:59,MISSING,,0,6,cash_from_operations;net_income;revenue;total_assets;total_equity;total_liabilities,True,NO_PIT_SAFE_FINANCIAL_STATEMENT
TLKM,2026-09-01T23:59:59,MISSING,,0,6,cash_from_operations;net_income;revenue;total_assets;total_equity;total_liabilities,True,NO_PIT_SAFE_FINANCIAL_STATEMENT
TMPO,2026-09-01T23:59:59,MISSING,,0,6,cash_from_operations;net_income;revenue;total_assets;total_equity;total_liabilities,True,NO_PIT_SAFE_FINANCIAL_STATEMENT
TOBA,2026-09-01T23:59:59,MISSING,,0,6,cash_from_operations;net_income;revenue;total_assets;total_equity;total_liabilities,True,NO_PIT_SAFE_FINANCIAL_STATEMENT
TOOL,2026-09-01T23:59:59,MISSING,,0,6,cash_from_operations;net_income;revenue;total_assets;total_equity;total_liabilities,True,NO_PIT_SAFE_FINANCIAL_STATEMENT
TOTL,2026-09-01T23:59:59,MISSING,,0,6,cash_from_operations;net_income;revenue;total_assets;total_equity;total_liabilities,True,NO_PIT_SAFE_FINANCIAL_STATEMENT
TOWR,2026-09-01T23:59:59,MISSING,,0,6,cash_from_operations;net_income;revenue;total_assets;total_equity;total_liabilities,True,NO_PIT_SAFE_FINANCIAL_STATEMENT
TPIA,2026-09-01T23:59:59,MISSING,,0,6,cash_from_operations;net_income;revenue;total_assets;total_equity;total_liabilities,True,NO_PIT_SAFE_FINANCIAL_STATEMENT
TRIN,2026-09-01T23:59:59,MISSING,,0,6,cash_from_operations;net_income;revenue;total_assets;total_equity;total_liabilities,True,NO_PIT_SAFE_FINANCIAL_STATEMENT
TRON,2026-09-01T23:59:59,MISSING,,0,6,cash_from_operations;net_income;revenue;total_assets;total_equity;total_liabilities,True,NO_PIT_SAFE_FINANCIAL_STATEMENT
TSPC,2026-09-01T23:59:59,MISSING,,0,6,cash_from_operations;net_income;revenue;total_assets;total_equity;total_liabilities,True,NO_PIT_SAFE_FINANCIAL_STATEMENT
TUGU,2026-09-01T23:59:59,MISSING,,0,6,cash_from_operations;net_income;revenue;total_assets;total_equity;total_liabilities,True,NO_PIT_SAFE_FINANCIAL_STATEMENT
UDNG,2026-09-01T23:59:59,MISSING,,0,6,cash_from_operations;net_income;revenue;total_assets;total_equity;total_liabilities,True,NO_PIT_SAFE_FINANCIAL_STATEMENT
ULTJ,2026-09-01T23:59:59,MISSING,,0,6,cash_from_operations;net_income;revenue;total_assets;total_equity;total_liabilities,True,NO_PIT_SAFE_FINANCIAL_STATEMENT
UNTR,2026-09-01T23:59:59,MISSING,,0,6,cash_from_operations;net_income;revenue;total_assets;total_equity;total_liabilities,True,NO_PIT_SAFE_FINANCIAL_STATEMENT
UNVR,2026-09-01T23:59:59,MISSING,,0,6,cash_from_operations;net_income;revenue;total_assets;total_equity;total_liabilities,True,NO_PIT_SAFE_FINANCIAL_STATEMENT
UVCR,2026-09-01T23:59:59,MISSING,,0,6,cash_from_operations;net_income;revenue;total_assets;total_equity;total_liabilities,True,NO_PIT_SAFE_FINANCIAL_STATEMENT
VERN,2026-09-01T23:59:59,MISSING,,0,6,cash_from_operations;net_income;revenue;total_assets;total_equity;total_liabilities,True,NO_PIT_SAFE_FINANCIAL_STATEMENT
VICI,2026-09-01T23:59:59,MISSING,,0,6,cash_from_operations;net_income;revenue;total_assets;total_equity;total_liabilities,True,NO_PIT_SAFE_FINANCIAL_STATEMENT
VIVA,2026-09-01T23:59:59,MISSING,,0,6,cash_from_operations;net_income;revenue;total_assets;total_equity;total_liabilities,True,NO_PIT_SAFE_FINANCIAL_STATEMENT
VKTR,2026-09-01T23:59:59,MISSING,,0,6,cash_from_operations;net_income;revenue;total_assets;total_equity;total_liabilities,True,NO_PIT_SAFE_FINANCIAL_STATEMENT
VTNY,2026-09-01T23:59:59,MISSING,,0,6,cash_from_operations;net_income;revenue;total_assets;total_equity;total_liabilities,True,NO_PIT_SAFE_FINANCIAL_STATEMENT
WIFI,2026-09-01T23:59:59,MISSING,,0,6,cash_from_operations;net_income;revenue;total_assets;total_equity;total_liabilities,True,NO_PIT_SAFE_FINANCIAL_STATEMENT
WIIM,2026-09-01T23:59:59,MISSING,,0,6,cash_from_operations;net_income;revenue;total_assets;total_equity;total_liabilities,True,NO_PIT_SAFE_FINANCIAL_STATEMENT
WINS,2026-09-01T23:59:59,MISSING,,0,6,cash_from_operations;net_income;revenue;total_assets;total_equity;total_liabilities,True,NO_PIT_SAFE_FINANCIAL_STATEMENT
WIRG,2026-09-01T23:59:59,MISSING,,0,6,cash_from_operations;net_income;revenue;total_assets;total_equity;total_liabilities,True,NO_PIT_SAFE_FINANCIAL_STATEMENT
WMPP,2026-09-01T23:59:59,MISSING,,0,6,cash_from_operations;net_income;revenue;total_assets;total_equity;total_liabilities,True,NO_PIT_SAFE_FINANCIAL_STATEMENT
WOWS,2026-09-01T23:59:59,MISSING,,0,6,cash_from_operations;net_income;revenue;total_assets;total_equity;total_liabilities,True,NO_PIT_SAFE_FINANCIAL_STATEMENT
YELO,2026-09-01T23:59:59,MISSING,,0,6,cash_from_operations;net_income;revenue;total_assets;total_equity;total_liabilities,True,NO_PIT_SAFE_FINANCIAL_STATEMENT
ZATA,2026-09-01T23:59:59,MISSING,,0,6,cash_from_operations;net_income;revenue;total_assets;total_equity;total_liabilities,True,NO_PIT_SAFE_FINANCIAL_STATEMENT
