ticker,metric,value,unit,period_start,period_end,basis,source_document_id,confidence,note
AADI,gross_margin,111.02156028368795,ratio,2026-01-01,2026-06-30,period,10825030ab29eb8cfdef24559ee61eee3473717c0845f9e885e24f1490599e18,HIGH,
AADI,net_margin,67.20070921985815,ratio,2026-01-01,2026-06-30,period,10825030ab29eb8cfdef24559ee61eee3473717c0845f9e885e24f1490599e18,HIGH,
AADI,pre_tax_margin,94.27858156028368,ratio,2026-01-01,2026-06-30,period,10825030ab29eb8cfdef24559ee61eee3473717c0845f9e885e24f1490599e18,HIGH,
AADI,debt_to_equity,0.0,ratio,2026-06-30,2026-06-30,instant,10825030ab29eb8cfdef24559ee61eee3473717c0845f9e885e24f1490599e18,HIGH,
AADI,liabilities_to_equity,0.32382776661126145,ratio,2026-06-30,2026-06-30,instant,10825030ab29eb8cfdef24559ee61eee3473717c0845f9e885e24f1490599e18,HIGH,
AADI,interest_bearing_debt,0.0,reporting_currency_thousand,2026-06-30,2026-06-30,instant,10825030ab29eb8cfdef24559ee61eee3473717c0845f9e885e24f1490599e18,HIGH,
AADI,net_debt,0.0,reporting_currency_thousand,2026-06-30,2026-06-30,instant,10825030ab29eb8cfdef24559ee61eee3473717c0845f9e885e24f1490599e18,HIGH,
AADI,cfo,449870.0,reporting_currency_thousand,2026-01-01,2026-06-30,period,10825030ab29eb8cfdef24559ee61eee3473717c0845f9e885e24f1490599e18,HIGH,
AADI,cfi,-138504.0,reporting_currency_thousand,2026-01-01,2026-06-30,period,10825030ab29eb8cfdef24559ee61eee3473717c0845f9e885e24f1490599e18,HIGH,
AADI,cff,-29198.0,reporting_currency_thousand,2026-01-01,2026-06-30,period,10825030ab29eb8cfdef24559ee61eee3473717c0845f9e885e24f1490599e18,HIGH,
AADI,free_cash_flow,449870.0,reporting_currency_thousand,2026-01-01,2026-06-30,CFO+investment_capex,10825030ab29eb8cfdef24559ee61eee3473717c0845f9e885e24f1490599e18,HIGH,Capex defined as PPE + mining properties + intangible acquisitions; source cash-flow signs retained
AADI,cfo_to_net_income,0.9495636022078456,ratio,2026-01-01,2026-06-30,period,10825030ab29eb8cfdef24559ee61eee3473717c0845f9e885e24f1490599e18,HIGH,
AALI,gross_margin,0.16576153150324527,ratio,2026-01-01,2026-06-30,period,4d62f6bd97f75378162ea764e34c3f4c8b78f0ab2c0e916a97c6694eb970837a,HIGH,
AALI,net_margin,0.07201557213894158,ratio,2026-01-01,2026-06-30,period,4d62f6bd97f75378162ea764e34c3f4c8b78f0ab2c0e916a97c6694eb970837a,HIGH,
AALI,pre_tax_margin,0.09967555640925675,ratio,2026-01-01,2026-06-30,period,4d62f6bd97f75378162ea764e34c3f4c8b78f0ab2c0e916a97c6694eb970837a,HIGH,
AALI,debt_to_equity,0.0,ratio,2026-06-30,2026-06-30,instant,4d62f6bd97f75378162ea764e34c3f4c8b78f0ab2c0e916a97c6694eb970837a,HIGH,
AALI,liabilities_to_equity,0.13755132179269267,ratio,2026-06-30,2026-06-30,instant,4d62f6bd97f75378162ea764e34c3f4c8b78f0ab2c0e916a97c6694eb970837a,HIGH,
AALI,interest_bearing_debt,0.0,reporting_currency_thousand,2026-06-30,2026-06-30,instant,4d62f6bd97f75378162ea764e34c3f4c8b78f0ab2c0e916a97c6694eb970837a,HIGH,
AALI,net_debt,0.0,reporting_currency_thousand,2026-06-30,2026-06-30,instant,4d62f6bd97f75378162ea764e34c3f4c8b78f0ab2c0e916a97c6694eb970837a,HIGH,
AALI,cfo,3847709.0,reporting_currency_thousand,2026-01-01,2026-06-30,period,4d62f6bd97f75378162ea764e34c3f4c8b78f0ab2c0e916a97c6694eb970837a,HIGH,
AALI,cfi,-334599.0,reporting_currency_thousand,2026-01-01,2026-06-30,period,4d62f6bd97f75378162ea764e34c3f4c8b78f0ab2c0e916a97c6694eb970837a,HIGH,
AALI,cff,-681291.0,reporting_currency_thousand,2026-01-01,2026-06-30,period,4d62f6bd97f75378162ea764e34c3f4c8b78f0ab2c0e916a97c6694eb970837a,HIGH,
AALI,free_cash_flow,3847709.0,reporting_currency_thousand,2026-01-01,2026-06-30,CFO+investment_capex,4d62f6bd97f75378162ea764e34c3f4c8b78f0ab2c0e916a97c6694eb970837a,HIGH,Capex defined as PPE + mining properties + intangible acquisitions; source cash-flow signs retained
AALI,cfo_to_net_income,3.5014537410056885,ratio,2026-01-01,2026-06-30,period,4d62f6bd97f75378162ea764e34c3f4c8b78f0ab2c0e916a97c6694eb970837a,HIGH,
ABBA,gross_margin,1.8976039603557882,ratio,2026-01-01,2026-03-31,period,c39821575419882a2694cb3df342296c6c8546800ac07554ac41c1f399814171,HIGH,
ABBA,net_margin,-0.9601808169031915,ratio,2026-01-01,2026-03-31,period,c39821575419882a2694cb3df342296c6c8546800ac07554ac41c1f399814171,HIGH,
ABBA,pre_tax_margin,-1.1093089814197916,ratio,2026-01-01,2026-03-31,period,c39821575419882a2694cb3df342296c6c8546800ac07554ac41c1f399814171,HIGH,
ABBA,debt_to_equity,0.0,ratio,2026-03-31,2026-03-31,instant,c39821575419882a2694cb3df342296c6c8546800ac07554ac41c1f399814171,HIGH,
ABBA,liabilities_to_equity,8.004951740489354,ratio,2026-03-31,2026-03-31,instant,c39821575419882a2694cb3df342296c6c8546800ac07554ac41c1f399814171,HIGH,
ABBA,interest_bearing_debt,0.0,reporting_currency_thousand,2026-03-31,2026-03-31,instant,c39821575419882a2694cb3df342296c6c8546800ac07554ac41c1f399814171,HIGH,
ABBA,net_debt,0.0,reporting_currency_thousand,2026-03-31,2026-03-31,instant,c39821575419882a2694cb3df342296c6c8546800ac07554ac41c1f399814171,HIGH,
ABBA,cfo,-5410062220.0,reporting_currency_thousand,2026-01-01,2026-03-31,period,c39821575419882a2694cb3df342296c6c8546800ac07554ac41c1f399814171,HIGH,
ABBA,cfi,-74058066.0,reporting_currency_thousand,2026-01-01,2026-03-31,period,c39821575419882a2694cb3df342296c6c8546800ac07554ac41c1f399814171,HIGH,
ABBA,cff,3045791517.0,reporting_currency_thousand,2026-01-01,2026-03-31,period,c39821575419882a2694cb3df342296c6c8546800ac07554ac41c1f399814171,HIGH,
ABBA,free_cash_flow,-5410062220.0,reporting_currency_thousand,2026-01-01,2026-03-31,CFO+investment_capex,c39821575419882a2694cb3df342296c6c8546800ac07554ac41c1f399814171,HIGH,Capex defined as PPE + mining properties + intangible acquisitions; source cash-flow signs retained
ABBA,cfo_to_net_income,0.8184254175947017,ratio,2026-01-01,2026-03-31,period,c39821575419882a2694cb3df342296c6c8546800ac07554ac41c1f399814171,HIGH,
