ticker,period_end,publication_date,publication_timestamp,pit_ready,metric,value,unit,currency,source,confidence,source_url
AADI,2025-12-31,,,False,eps,1638.31,IDR/share,IDR,IDX Financial Data and Ratio - Apr 2026,HIGH,https://www.idx.co.id/id/data-pasar/laporan-statistik/digital-statistic/monthly/financial-report-and-ratio-of-listed-companies/financial-data-and-ratio
AADI,2025-12-31,,,False,bvps,7865.53,IDR/share,IDR,IDX Financial Data and Ratio - Apr 2026,HIGH,https://www.idx.co.id/id/data-pasar/laporan-statistik/digital-statistic/monthly/financial-report-and-ratio-of-listed-companies/financial-data-and-ratio
AALI,2025-12-31,,,False,eps,764.65,IDR/share,IDR,IDX Financial Data and Ratio - Apr 2026,HIGH,https://www.idx.co.id/id/data-pasar/laporan-statistik/digital-statistic/monthly/financial-report-and-ratio-of-listed-companies/financial-data-and-ratio
AALI,2025-12-31,,,False,bvps,12551.45,IDR/share,IDR,IDX Financial Data and Ratio - Apr 2026,HIGH,https://www.idx.co.id/id/data-pasar/laporan-statistik/digital-statistic/monthly/financial-report-and-ratio-of-listed-companies/financial-data-and-ratio
ABBA,2025-12-31,,,False,eps,-6.01,IDR/share,IDR,IDX Financial Data and Ratio - Apr 2026,HIGH,https://www.idx.co.id/id/data-pasar/laporan-statistik/digital-statistic/monthly/financial-report-and-ratio-of-listed-companies/financial-data-and-ratio
ABBA,2025-12-31,,,False,bvps,-25.37,IDR/share,IDR,IDX Financial Data and Ratio - Apr 2026,HIGH,https://www.idx.co.id/id/data-pasar/laporan-statistik/digital-statistic/monthly/financial-report-and-ratio-of-listed-companies/financial-data-and-ratio
AADI,2026-03-31,2026-04-30,2026-04-30 16:51+07:00,True,eps,1533.6,IDR/share,IDR,IDX Financial Data and Ratio - May/Jun 2026,HIGH,https://www.idx.co.id/id/data-pasar/laporan-statistik/digital-statistic/monthly/financial-report-and-ratio-of-listed-companies/financial-data-and-ratio
AADI,2026-03-31,2026-04-30,2026-04-30 16:51+07:00,True,bvps,8254.53,IDR/share,IDR,IDX Financial Data and Ratio - May/Jun 2026,HIGH,https://www.idx.co.id/id/data-pasar/laporan-statistik/digital-statistic/monthly/financial-report-and-ratio-of-listed-companies/financial-data-and-ratio
AALI,2026-03-31,2026-04-28,2026-04-28 16:30+07:00,True,eps,814.72,IDR/share,IDR,IDX Financial Data and Ratio - May/Jun 2026,HIGH,https://www.idx.co.id/id/data-pasar/laporan-statistik/digital-statistic/monthly/financial-report-and-ratio-of-listed-companies/financial-data-and-ratio
AALI,2026-03-31,2026-04-28,2026-04-28 16:30+07:00,True,bvps,12746.75,IDR/share,IDR,IDX Financial Data and Ratio - May/Jun 2026,HIGH,https://www.idx.co.id/id/data-pasar/laporan-statistik/digital-statistic/monthly/financial-report-and-ratio-of-listed-companies/financial-data-and-ratio
ABBA,2026-03-31,2026-04-28,2026-04-28 17:14+07:00,True,eps,-6.52,IDR/share,IDR,IDX Financial Data and Ratio - May/Jun 2026,HIGH,https://www.idx.co.id/id/data-pasar/laporan-statistik/digital-statistic/monthly/financial-report-and-ratio-of-listed-companies/financial-data-and-ratio
ABBA,2026-03-31,2026-04-28,2026-04-28 17:14+07:00,True,bvps,-27.53,IDR/share,IDR,IDX Financial Data and Ratio - May/Jun 2026,HIGH,https://www.idx.co.id/id/data-pasar/laporan-statistik/digital-statistic/monthly/financial-report-and-ratio-of-listed-companies/financial-data-and-ratio
AADI,2026-06-30,2026-08-28,2026-08-28 16:13+07:00,True,eps,1833.76,IDR/share,IDR,IDX Financial Data and Ratio - Aug/Sep 2026,HIGH,https://www.idx.co.id/id/data-pasar/laporan-statistik/digital-statistic/monthly/financial-report-and-ratio-of-listed-companies/financial-data-and-ratio
AADI,2026-06-30,2026-08-28,2026-08-28 16:13+07:00,True,bvps,9043.36,IDR/share,IDR,IDX Financial Data and Ratio - Aug/Sep 2026,HIGH,https://www.idx.co.id/id/data-pasar/laporan-statistik/digital-statistic/monthly/financial-report-and-ratio-of-listed-companies/financial-data-and-ratio
AALI,2026-06-30,2026-07-29,2026-07-29 18:19+07:00,True,eps,970.8,IDR/share,IDR,IDX Financial Data and Ratio - Jul/Sep 2026,HIGH,https://www.idx.co.id/id/data-pasar/laporan-statistik/digital-statistic/monthly/financial-report-and-ratio-of-listed-companies/financial-data-and-ratio
AALI,2026-06-30,2026-07-29,2026-07-29 18:19+07:00,True,bvps,12784.61,IDR/share,IDR,IDX Financial Data and Ratio - Jul/Sep 2026,HIGH,https://www.idx.co.id/id/data-pasar/laporan-statistik/digital-statistic/monthly/financial-report-and-ratio-of-listed-companies/financial-data-and-ratio
ABBA,2026-06-30,,,False,eps,-6.27,IDR/share,IDR,IDX Financial Data and Ratio - Aug/Sep 2026,HIGH,https://www.idx.co.id/id/data-pasar/laporan-statistik/digital-statistic/monthly/financial-report-and-ratio-of-listed-companies/financial-data-and-ratio
ABBA,2026-06-30,,,False,bvps,-30.36,IDR/share,IDR,IDX Financial Data and Ratio - Aug/Sep 2026,HIGH,https://www.idx.co.id/id/data-pasar/laporan-statistik/digital-statistic/monthly/financial-report-and-ratio-of-listed-companies/financial-data-and-ratio
