ticker,period_end,publication_date,metric,value,unit,currency,pit_ready,source,confidence,source_url
AADI,2025-12-31,,eps,1638.31,IDR/share,IDR,False,IDX Financial Data and Ratio - Apr 2026,HIGH,https://www.idx.co.id/id/data-pasar/laporan-statistik/digital-statistic/monthly/financial-report-and-ratio-of-listed-companies/financial-data-and-ratio
AADI,2025-12-31,,bvps,7865.53,IDR/share,IDR,False,IDX Financial Data and Ratio - Apr 2026,HIGH,https://www.idx.co.id/id/data-pasar/laporan-statistik/digital-statistic/monthly/financial-report-and-ratio-of-listed-companies/financial-data-and-ratio
AALI,2025-12-31,,eps,764.65,IDR/share,IDR,False,IDX Financial Data and Ratio - Apr 2026,HIGH,https://www.idx.co.id/id/data-pasar/laporan-statistik/digital-statistic/monthly/financial-report-and-ratio-of-listed-companies/financial-data-and-ratio
AALI,2025-12-31,,bvps,12551.45,IDR/share,IDR,False,IDX Financial Data and Ratio - Apr 2026,HIGH,https://www.idx.co.id/id/data-pasar/laporan-statistik/digital-statistic/monthly/financial-report-and-ratio-of-listed-companies/financial-data-and-ratio
ABBA,2025-12-31,,eps,-6.01,IDR/share,IDR,False,IDX Financial Data and Ratio - Apr 2026,HIGH,https://www.idx.co.id/id/data-pasar/laporan-statistik/digital-statistic/monthly/financial-report-and-ratio-of-listed-companies/financial-data-and-ratio
ABBA,2025-12-31,,bvps,-25.37,IDR/share,IDR,False,IDX Financial Data and Ratio - Apr 2026,HIGH,https://www.idx.co.id/id/data-pasar/laporan-statistik/digital-statistic/monthly/financial-report-and-ratio-of-listed-companies/financial-data-and-ratio
AADI,2026-03-31,2026-04-30,eps,1533.6,IDR/share,IDR,True,IDX Financial Data and Ratio - May/Jun 2026,HIGH,https://www.idx.co.id/id/data-pasar/laporan-statistik/digital-statistic/monthly/financial-report-and-ratio-of-listed-companies/financial-data-and-ratio
AADI,2026-03-31,2026-04-30,bvps,8254.53,IDR/share,IDR,True,IDX Financial Data and Ratio - May/Jun 2026,HIGH,https://www.idx.co.id/id/data-pasar/laporan-statistik/digital-statistic/monthly/financial-report-and-ratio-of-listed-companies/financial-data-and-ratio
AALI,2026-03-31,2026-04-28,eps,814.72,IDR/share,IDR,True,IDX Financial Data and Ratio - May/Jun 2026,HIGH,https://www.idx.co.id/id/data-pasar/laporan-statistik/digital-statistic/monthly/financial-report-and-ratio-of-listed-companies/financial-data-and-ratio
AALI,2026-03-31,2026-04-28,bvps,12746.75,IDR/share,IDR,True,IDX Financial Data and Ratio - May/Jun 2026,HIGH,https://www.idx.co.id/id/data-pasar/laporan-statistik/digital-statistic/monthly/financial-report-and-ratio-of-listed-companies/financial-data-and-ratio
ABBA,2026-03-31,2026-04-28,eps,-6.52,IDR/share,IDR,True,IDX Financial Data and Ratio - May/Jun 2026,HIGH,https://www.idx.co.id/id/data-pasar/laporan-statistik/digital-statistic/monthly/financial-report-and-ratio-of-listed-companies/financial-data-and-ratio
ABBA,2026-03-31,2026-04-28,bvps,-27.53,IDR/share,IDR,True,IDX Financial Data and Ratio - May/Jun 2026,HIGH,https://www.idx.co.id/id/data-pasar/laporan-statistik/digital-statistic/monthly/financial-report-and-ratio-of-listed-companies/financial-data-and-ratio
AADI,2026-06-30,2026-08-28,eps,1833.76,IDR/share,IDR,True,IDX Financial Data and Ratio - Aug/Sep 2026,HIGH,https://www.idx.co.id/id/data-pasar/laporan-statistik/digital-statistic/monthly/financial-report-and-ratio-of-listed-companies/financial-data-and-ratio
AADI,2026-06-30,2026-08-28,bvps,9043.36,IDR/share,IDR,True,IDX Financial Data and Ratio - Aug/Sep 2026,HIGH,https://www.idx.co.id/id/data-pasar/laporan-statistik/digital-statistic/monthly/financial-report-and-ratio-of-listed-companies/financial-data-and-ratio
AALI,2026-06-30,2026-07-29,eps,970.8,IDR/share,IDR,True,IDX Financial Data and Ratio - Jul/Sep 2026,HIGH,https://www.idx.co.id/id/data-pasar/laporan-statistik/digital-statistic/monthly/financial-report-and-ratio-of-listed-companies/financial-data-and-ratio
AALI,2026-06-30,2026-07-29,bvps,12784.61,IDR/share,IDR,True,IDX Financial Data and Ratio - Jul/Sep 2026,HIGH,https://www.idx.co.id/id/data-pasar/laporan-statistik/digital-statistic/monthly/financial-report-and-ratio-of-listed-companies/financial-data-and-ratio
ABBA,2026-06-30,,eps,-6.27,IDR/share,IDR,False,IDX Financial Data and Ratio - Aug/Sep 2026,HIGH,https://www.idx.co.id/id/data-pasar/laporan-statistik/digital-statistic/monthly/financial-report-and-ratio-of-listed-companies/financial-data-and-ratio
ABBA,2026-06-30,,bvps,-30.36,IDR/share,IDR,False,IDX Financial Data and Ratio - Aug/Sep 2026,HIGH,https://www.idx.co.id/id/data-pasar/laporan-statistik/digital-statistic/monthly/financial-report-and-ratio-of-listed-companies/financial-data-and-ratio
