ticker,period_end,status,publication_timestamp
ABBA,2026-03-31,EVIDENCE_SCHEMA_UNAVAILABLE,
ABBA,2026-03-31,EVIDENCE_SCHEMA_UNAVAILABLE,
ABBA,2026-03-31,EVIDENCE_SCHEMA_UNAVAILABLE,
ABBA,2026-03-31,EVIDENCE_SCHEMA_UNAVAILABLE,
ABBA,2026-03-31,EVIDENCE_SCHEMA_UNAVAILABLE,
ABBA,2026-03-31,EVIDENCE_SCHEMA_UNAVAILABLE,
ABBA,2026-03-31,EVIDENCE_SCHEMA_UNAVAILABLE,
ABBA,2026-03-31,EVIDENCE_SCHEMA_UNAVAILABLE,
ABBA,2026-03-31,EVIDENCE_SCHEMA_UNAVAILABLE,
ABBA,2026-03-31,EVIDENCE_SCHEMA_UNAVAILABLE,
AADI,2026-06-30,EVIDENCE_SCHEMA_UNAVAILABLE,
AADI,2026-06-30,EVIDENCE_SCHEMA_UNAVAILABLE,
AADI,2026-06-30,EVIDENCE_SCHEMA_UNAVAILABLE,
AADI,2026-06-30,EVIDENCE_SCHEMA_UNAVAILABLE,
AADI,2026-06-30,EVIDENCE_SCHEMA_UNAVAILABLE,
AADI,2026-06-30,EVIDENCE_SCHEMA_UNAVAILABLE,
AADI,2026-06-30,EVIDENCE_SCHEMA_UNAVAILABLE,
AADI,2026-06-30,EVIDENCE_SCHEMA_UNAVAILABLE,
AADI,2026-06-30,EVIDENCE_SCHEMA_UNAVAILABLE,
AADI,2026-06-30,EVIDENCE_SCHEMA_UNAVAILABLE,
AALI,2026-06-30,EVIDENCE_SCHEMA_UNAVAILABLE,
AALI,2026-06-30,EVIDENCE_SCHEMA_UNAVAILABLE,
AALI,2026-06-30,EVIDENCE_SCHEMA_UNAVAILABLE,
AALI,2026-06-30,EVIDENCE_SCHEMA_UNAVAILABLE,
AALI,2026-06-30,EVIDENCE_SCHEMA_UNAVAILABLE,
AALI,2026-06-30,EVIDENCE_SCHEMA_UNAVAILABLE,
AALI,2026-06-30,EVIDENCE_SCHEMA_UNAVAILABLE,
AALI,2026-06-30,EVIDENCE_SCHEMA_UNAVAILABLE,
AALI,2026-06-30,EVIDENCE_SCHEMA_UNAVAILABLE,
AALI,2026-06-30,EVIDENCE_SCHEMA_UNAVAILABLE,
