date,ticker,broker_code,buy_freq,buy_volume,buy_value,sell_freq,sell_volume,sell_value,buy_avg,sell_avg,investor,market,source
2026-10-07,AADI,AG,7,3500,42235000.0,0,0,0.0,12067.142857142857,0.0,all,RG,indexalpha
2026-10-07,AADI,AI,39,89100,1083315000.0,0,0,0.0,12158.417508417508,0.0,all,RG,indexalpha
2026-10-07,AADI,AK,3094,625600,7590210000.0,1616,1335600,16226562500.0,12132.688618925831,12149.268119197364,all,RG,indexalpha
2026-10-07,AADI,AO,12,12000,145425000.0,4,1700,20607500.0,12118.75,12122.058823529413,all,RG,indexalpha
2026-10-07,AADI,AT,10,2600,31557500.0,5,700,8480000.0,12137.5,12114.285714285714,all,RG,indexalpha
2026-10-07,AADI,AZ,4,7300,88437500.0,82,25000,303792500.0,12114.72602739726,12151.7,all,RG,indexalpha
2026-10-07,AADI,BB,59,25000,301955000.0,2,200,2420000.0,12078.2,12100.0,all,RG,indexalpha
2026-10-07,AADI,BK,693,625700,7582855000.0,404,171900,2083730000.0,12118.994725906983,12121.7568353694,all,RG,indexalpha
2026-10-07,AADI,BQ,14,15000,182007500.0,16,6400,77870000.0,12133.833333333334,12167.1875,all,RG,indexalpha
2026-10-07,AADI,BS,5,7100,85860000.0,4,2000,24450000.0,12092.957746478873,12225.0,all,RG,indexalpha
2026-10-07,AADI,CC,321,445700,5426890000.0,601,462100,5603140000.0,12176.105003365492,12125.38411599221,all,RG,indexalpha
2026-10-07,AADI,CP,41,36000,436182500.0,92,62900,766342500.0,12116.180555555557,12183.505564387917,all,RG,indexalpha
2026-10-07,AADI,DH,15,11600,140367500.0,80,178100,2156067500.0,12100.646551724138,12105.937675463225,all,RG,indexalpha
2026-10-07,AADI,DR,275,74100,898295000.0,44,29900,362960000.0,12122.739541160594,12139.130434782608,all,RG,indexalpha
2026-10-07,AADI,DU,6,6000,72675000.0,2,2000,24250000.0,12112.5,12125.0,all,RG,indexalpha
2026-10-07,AADI,DX,7,2000,24300000.0,38,40100,484715000.0,12150.0,12087.655860349128,all,RG,indexalpha
2026-10-07,AADI,EP,40,43100,523237500.0,45,18000,218160000.0,12140.08120649652,12120.0,all,RG,indexalpha
2026-10-07,AADI,GR,60,130000,1590942500.0,27,32300,392830000.0,12238.01923076923,12161.919504643964,all,RG,indexalpha
2026-10-07,AADI,HD,9,11300,138165000.0,4,12400,150712500.0,12226.991150442478,12154.233870967742,all,RG,indexalpha
2026-10-07,AADI,HP,0,0,0.0,7,2300,27865000.0,0.0,12115.217391304348,all,RG,indexalpha
2026-10-07,AADI,ID,1,400,4840000.0,0,0,0.0,12100.0,0.0,all,RG,indexalpha
2026-10-07,AADI,IF,27,183100,2215885000.0,1,100,1207500.0,12102.04806116876,12075.0,all,RG,indexalpha
2026-10-07,AADI,KI,1,400,4820000.0,4,400,4850000.0,12050.0,12125.0,all,RG,indexalpha
2026-10-07,AADI,KK,35,26100,316165000.0,73,35000,425882500.0,12113.60153256705,12168.07142857143,all,RG,indexalpha
2026-10-07,AADI,LG,136,219100,2643482500.0,17,11100,134895000.0,12065.187129164766,12152.702702702703,all,RG,indexalpha
2026-10-07,AADI,LS,0,0,0.0,2,1000,12100000.0,0.0,12100.0,all,RG,indexalpha
2026-10-07,AADI,MG,0,0,0.0,1,200,2435000.0,0.0,12175.0,all,RG,indexalpha
2026-10-07,AADI,NI,104,70700,857857500.0,99,58600,711510000.0,12133.769448373409,12141.808873720136,all,RG,indexalpha
2026-10-07,AADI,OD,116,94900,1153280000.0,76,43600,533705000.0,12152.581664910433,12240.940366972478,all,RG,indexalpha
2026-10-07,AADI,PD,88,101900,1234472500.0,145,92200,1119375000.0,12114.54857703631,12140.726681127982,all,RG,indexalpha
2026-10-07,AADI,QA,1,100,1207500.0,0,0,0.0,12075.0,0.0,all,RG,indexalpha
2026-10-07,AADI,RG,4,5000,60750000.0,2,5000,60500000.0,12150.0,12100.0,all,RG,indexalpha
2026-10-07,AADI,RO,5,700,8532500.0,1,200,2455000.0,12189.285714285714,12275.0,all,RG,indexalpha
2026-10-07,AADI,RX,0,0,0.0,1408,787500,9552557500.0,0.0,12130.231746031746,all,RG,indexalpha
2026-10-07,AADI,SQ,77,223000,2713305000.0,132,163600,1982147500.0,12167.286995515697,12115.816014669928,all,RG,indexalpha
2026-10-07,AADI,TF,1,1000,12050000.0,0,0,0.0,12050.0,0.0,all,RG,indexalpha
2026-10-07,AADI,TP,88,206900,2506377500.0,2,1100,13297500.0,12113.95601739971,12088.636363636364,all,RG,indexalpha
2026-10-07,AADI,XA,59,301500,3650687500.0,44,12500,152337500.0,12108.416252072968,12187.0,all,RG,indexalpha
2026-10-07,AADI,XC,133,105500,1285387500.0,186,90600,1100495000.0,12183.767772511848,12146.743929359824,all,RG,indexalpha
2026-10-07,AADI,XL,764,472700,5741282500.0,821,478100,5798387500.0,12145.721387772372,12127.98054800251,all,RG,indexalpha
2026-10-07,AADI,YB,14,14300,173447500.0,21,33900,412387500.0,12129.195804195804,12164.823008849558,all,RG,indexalpha
2026-10-07,AADI,YJ,3,500,6105000.0,0,0,0.0,12210.0,0.0,all,RG,indexalpha
2026-10-07,AADI,YP,146,252800,3074057500.0,268,341300,4142537500.0,12160.037579113923,12137.525637269264,all,RG,indexalpha
2026-10-07,AADI,YU,2,2600,31710000.0,430,260000,3146482500.0,12196.153846153846,12101.85576923077,all,RG,indexalpha
2026-10-07,AADI,ZP,320,350700,4248410000.0,30,7000,84525000.0,12114.08611348731,12075.0,all,RG,indexalpha
2026-10-07,AALI,AG,0,0,0.0,1,2000,17050000.0,0.0,8525.0,all,RG,indexalpha
2026-10-07,AALI,AI,0,0,0.0,11,6500,55250000.0,0.0,8500.0,all,RG,indexalpha
2026-10-07,AALI,AK,173,173400,1477442500.0,265,302600,2580830000.0,8520.429642445213,8528.849966953074,all,RG,indexalpha
2026-10-07,AALI,AR,1,5000,42750000.0,0,0,0.0,8550.0,0.0,all,RG,indexalpha
2026-10-07,AALI,AT,4,800,6787500.0,1,100,852500.0,8484.375,8525.0,all,RG,indexalpha
2026-10-07,AALI,AZ,0,0,0.0,16,41200,353142500.0,0.0,8571.419902912621,all,RG,indexalpha
2026-10-07,AALI,BK,33,84700,721007500.0,5,1800,15345000.0,8512.485242030696,8525.0,all,RG,indexalpha
2026-10-07,AALI,BQ,1,1100,9432500.0,7,2800,23932500.0,8575.0,8547.32142857143,all,RG,indexalpha
2026-10-07,AALI,BS,0,0,0.0,39,50000,425107500.0,0.0,8502.15,all,RG,indexalpha
2026-10-07,AALI,CC,48,86900,739555000.0,82,138400,1178415000.0,8510.414269275028,8514.559248554913,all,RG,indexalpha
2026-10-07,AALI,CP,2,700,5955000.0,1,100,857500.0,8507.142857142857,8575.0,all,RG,indexalpha
2026-10-07,AALI,DH,0,0,0.0,9,22400,191905000.0,0.0,8567.1875,all,RG,indexalpha
2026-10-07,AALI,DR,0,0,0.0,4,1300,11115000.0,0.0,8550.0,all,RG,indexalpha
2026-10-07,AALI,DX,1,1400,11900000.0,2,1400,11970000.0,8500.0,8550.0,all,RG,indexalpha
2026-10-07,AALI,EP,27,46500,395305000.0,28,45700,390660000.0,8501.182795698925,8548.35886214442,all,RG,indexalpha
2026-10-07,AALI,ES,0,0,0.0,2,2500,21362500.0,0.0,8545.0,all,RG,indexalpha
2026-10-07,AALI,FZ,0,0,0.0,2,5000,42875000.0,0.0,8575.0,all,RG,indexalpha
2026-10-07,AALI,GR,2,400,3415000.0,9,4500,38362500.0,8537.5,8525.0,all,RG,indexalpha
2026-10-07,AALI,HD,1,300,2557500.0,0,0,0.0,8525.0,0.0,all,RG,indexalpha
2026-10-07,AALI,HP,0,0,0.0,2,1100,9380000.0,0.0,8527.272727272728,all,RG,indexalpha
2026-10-07,AALI,IF,1,400,3400000.0,2,200,1705000.0,8500.0,8525.0,all,RG,indexalpha
2026-10-07,AALI,KI,0,0,0.0,2,500,4272500.0,0.0,8545.0,all,RG,indexalpha
2026-10-07,AALI,KK,11,4200,35760000.0,40,38200,326252500.0,8514.285714285714,8540.641361256545,all,RG,indexalpha
2026-10-07,AALI,LG,3,700,5967500.0,10,10800,92217500.0,8525.0,8538.657407407407,all,RG,indexalpha
2026-10-07,AALI,MU,0,0,0.0,1,100,852500.0,0.0,8525.0,all,RG,indexalpha
2026-10-07,AALI,NI,37,112400,963237500.0,65,140000,1192705000.0,8569.728647686832,8519.32142857143,all,RG,indexalpha
2026-10-07,AALI,OD,24,36300,310257500.0,53,101200,863657500.0,8547.038567493113,8534.165019762846,all,RG,indexalpha
2026-10-07,AALI,PC,0,0,0.0,3,300,2565000.0,0.0,8550.0,all,RG,indexalpha
2026-10-07,AALI,PD,36,20200,172310000.0,61,45800,391127500.0,8530.198019801981,8539.90174672489,all,RG,indexalpha
2026-10-07,AALI,RG,1,2500,21187500.0,1,2500,21437500.0,8475.0,8575.0,all,RG,indexalpha
2026-10-07,AALI,RO,4,700,5962500.0,1,1000,8525000.0,8517.857142857143,8525.0,all,RG,indexalpha
2026-10-07,AALI,SQ,178,286300,2441882500.0,83,73700,629622500.0,8529.104086622425,8543.046132971505,all,RG,indexalpha
2026-10-07,AALI,TP,1,200,1700000.0,0,0,0.0,8500.0,0.0,all,RG,indexalpha
2026-10-07,AALI,XA,5,800,6795000.0,0,0,0.0,8493.75,0.0,all,RG,indexalpha
2026-10-07,AALI,XC,38,18500,157742500.0,36,36900,315460000.0,8526.621621621622,8549.051490514905,all,RG,indexalpha
2026-10-07,AALI,XL,212,137100,1167402500.0,207,118900,1013435000.0,8514.970824215901,8523.423044575273,all,RG,indexalpha
2026-10-07,AALI,YB,4,4700,39980000.0,10,2600,22192500.0,8506.382978723404,8535.576923076924,all,RG,indexalpha
2026-10-07,AALI,YP,14,14800,125790000.0,126,170800,1455962500.0,8499.324324324325,8524.370608899297,all,RG,indexalpha
2026-10-07,AALI,YU,172,184300,1573487500.0,1,200,1710000.0,8537.642430819316,8550.0,all,RG,indexalpha
2026-10-07,AALI,ZP,156,148000,1264845000.0,2,200,1702500.0,8546.25,8512.5,all,RG,indexalpha
2026-10-07,ABDA,CC,2,2000,9775000.0,0,0,0.0,4887.5,0.0,all,RG,indexalpha
2026-10-07,ABDA,PD,0,0,0.0,2,2000,9775000.0,0.0,4887.5,all,RG,indexalpha
2026-10-07,ABMM,AT,0,0,0.0,6,800,2169000.0,0.0,2711.25,all,RG,indexalpha
2026-10-07,ABMM,BK,0,0,0.0,2,700,1890000.0,0.0,2700.0,all,RG,indexalpha
2026-10-07,ABMM,BQ,3,1200,3241000.0,0,0,0.0,2700.833333333333,0.0,all,RG,indexalpha
2026-10-07,ABMM,BS,0,0,0.0,2,10000,27200000.0,0.0,2720.0,all,RG,indexalpha
2026-10-07,ABMM,CC,37,52000,140939000.0,28,27200,73511000.0,2710.3653846153848,2702.610294117647,all,RG,indexalpha
2026-10-07,ABMM,CP,10,5900,15971000.0,3,6200,16864000.0,2706.9491525423728,2720.0,all,RG,indexalpha
2026-10-07,ABMM,DH,1,100,270000.0,3,3300,8946000.0,2700.0,2710.909090909091,all,RG,indexalpha
2026-10-07,ABMM,DR,1,400,1080000.0,2,400,1089000.0,2700.0,2722.5,all,RG,indexalpha
2026-10-07,ABMM,EP,0,0,0.0,2,600,1621000.0,0.0,2701.6666666666665,all,RG,indexalpha
2026-10-07,ABMM,ES,0,0,0.0,1,2500,6825000.0,0.0,2730.0,all,RG,indexalpha
2026-10-07,ABMM,FS,0,0,0.0,2,1000,2715000.0,0.0,2715.0,all,RG,indexalpha
2026-10-07,ABMM,GR,0,0,0.0,3,20000,54300000.0,0.0,2715.0,all,RG,indexalpha
2026-10-07,ABMM,HD,4,700,1893000.0,3,600,1622000.0,2704.285714285714,2703.333333333333,all,RG,indexalpha
2026-10-07,ABMM,KK,7,2900,7851000.0,3,1300,3516000.0,2707.2413793103447,2704.6153846153848,all,RG,indexalpha
2026-10-07,ABMM,LG,0,0,0.0,1,200,538000.0,0.0,2690.0,all,RG,indexalpha
2026-10-07,ABMM,MG,14,98400,264696000.0,2,2000,5440000.0,2690.0,2720.0,all,RG,indexalpha
2026-10-07,ABMM,NI,15,2700,7316000.0,9,8200,22247000.0,2709.6296296296296,2713.048780487805,all,RG,indexalpha
2026-10-07,ABMM,OD,33,110500,300549000.0,4,11300,30817000.0,2719.900452488688,2727.16814159292,all,RG,indexalpha
2026-10-07,ABMM,PD,2,400,1083000.0,12,25500,69535000.0,2707.5,2726.86274509804,all,RG,indexalpha
2026-10-07,ABMM,SQ,0,0,0.0,9,24200,65394000.0,0.0,2702.2314049586776,all,RG,indexalpha
2026-10-07,ABMM,TP,16,13800,37267000.0,9,9800,26538000.0,2700.5072463768115,2707.9591836734694,all,RG,indexalpha
2026-10-07,ABMM,XA,0,0,0.0,5,1600,4351000.0,0.0,2719.375,all,RG,indexalpha
2026-10-07,ABMM,XC,9,2300,6251000.0,12,36400,99210000.0,2717.826086956521,2725.5494505494507,all,RG,indexalpha
2026-10-07,ABMM,XL,98,97300,263715000.0,82,131100,353424000.0,2710.32887975334,2695.8352402745995,all,RG,indexalpha
2026-10-07,ABMM,YP,5,900,2433000.0,29,43400,117340000.0,2703.333333333333,2703.6866359447004,all,RG,indexalpha
2026-10-07,ABMM,YU,0,0,0.0,5,6500,17680000.0,0.0,2720.0,all,RG,indexalpha
2026-10-07,ABMM,ZP,0,0,0.0,16,14700,39773000.0,0.0,2705.646258503401,all,RG,indexalpha
2026-10-07,ACES,AG,4,700,226000.0,1,500,163000.0,322.85714285714283,326.0,all,RG,indexalpha
2026-10-07,ACES,AI,14,122600,39887000.0,0,0,0.0,325.3425774877651,0.0,all,RG,indexalpha
2026-10-07,ACES,AK,53,594600,193519600.0,50,148300,48199000.0,325.4618230743357,325.0101146325017,all,RG,indexalpha
2026-10-07,ACES,AT,7,1400,454400.0,1,100,32600.0,324.57142857142856,326.0,all,RG,indexalpha
2026-10-07,ACES,AZ,10,202300,65547400.0,0,0,0.0,324.0108749382106,0.0,all,RG,indexalpha
2026-10-07,ACES,BK,19,392000,126588000.0,241,1381100,445815000.0,322.92857142857144,322.79704583303163,all,RG,indexalpha
2026-10-07,ACES,BQ,8,7200,2327200.0,91,3981500,1290006000.0,323.22222222222223,324.0,all,RG,indexalpha
2026-10-07,ACES,CC,289,5994000,1941799400.0,87,819600,266601200.0,323.9571905238572,325.2820888238165,all,RG,indexalpha
2026-10-07,ACES,CD,1,200,64400.0,0,0,0.0,322.0,0.0,all,RG,indexalpha
2026-10-07,ACES,CP,19,143700,46634600.0,105,1103400,357508400.0,324.5274878218511,324.0061627696212,all,RG,indexalpha
2026-10-07,ACES,DH,9,20300,6588600.0,22,311200,100834200.0,324.5615763546798,324.01735218509,all,RG,indexalpha
2026-10-07,ACES,DR,23,954100,309128400.0,118,761600,248276000.0,324.0,325.99264705882354,all,RG,indexalpha
2026-10-07,ACES,DX,1,100,32400.0,0,0,0.0,324.0,0.0,all,RG,indexalpha
2026-10-07,ACES,EP,31,1126500,363300200.0,12,153000,49712000.0,322.5035064358633,324.91503267973854,all,RG,indexalpha
2026-10-07,ACES,GR,7,115100,37122200.0,18,100000,32400000.0,322.5212858384014,324.0,all,RG,indexalpha
2026-10-07,ACES,HD,27,3687800,1195805000.0,4,72000,23328000.0,324.2597212430175,324.0,all,RG,indexalpha
2026-10-07,ACES,HP,2,800,259200.0,1,6000,1944000.0,324.0,324.0,all,RG,indexalpha
2026-10-07,ACES,IF,2,2000,650000.0,0,0,0.0,325.0,0.0,all,RG,indexalpha
2026-10-07,ACES,IH,4,6000,1944000.0,0,0,0.0,324.0,0.0,all,RG,indexalpha
2026-10-07,ACES,IU,2,40000,13000000.0,0,0,0.0,325.0,0.0,all,RG,indexalpha
2026-10-07,ACES,KI,1,4000,1296000.0,0,0,0.0,324.0,0.0,all,RG,indexalpha
2026-10-07,ACES,KK,23,96100,31092200.0,9,21100,6836400.0,323.5400624349636,324.0,all,RG,indexalpha
2026-10-07,ACES,LG,22,390200,126657400.0,11,27300,8899800.0,324.5961045617632,326.0,all,RG,indexalpha
2026-10-07,ACES,MG,20,508600,164786200.0,72,1178100,383060600.0,323.999606763665,325.15117562176385,all,RG,indexalpha
2026-10-07,ACES,NI,59,504200,162666200.0,13,48900,15914800.0,322.6223720745736,325.4560327198364,all,RG,indexalpha
2026-10-07,ACES,OD,27,43800,14172800.0,7,47200,15317200.0,323.57990867579906,324.5169491525424,all,RG,indexalpha
2026-10-07,ACES,PD,63,312000,101071000.0,20,139500,45436400.0,323.9455128205128,325.7089605734767,all,RG,indexalpha
2026-10-07,ACES,RF,1,500,162000.0,0,0,0.0,324.0,0.0,all,RG,indexalpha
2026-10-07,ACES,RO,9,15900,5139600.0,3,15000,4870000.0,323.24528301886795,324.6666666666667,all,RG,indexalpha
2026-10-07,ACES,SQ,15,28300,9158200.0,8,28200,9159800.0,323.6113074204947,324.8156028368794,all,RG,indexalpha
2026-10-07,ACES,TP,7,87700,28587200.0,9,47700,15534800.0,325.96579247434437,325.67714884696016,all,RG,indexalpha
2026-10-07,ACES,XA,3,110400,35789600.0,36,127300,41245200.0,324.1811594202899,324.0,all,RG,indexalpha
2026-10-07,ACES,XC,124,679300,220073600.0,118,1361100,441028600.0,323.9711467687325,324.02365733597827,all,RG,indexalpha
2026-10-07,ACES,XL,578,2258800,731456600.0,151,1017600,330203600.0,323.825305471932,324.4925314465409,all,RG,indexalpha
2026-10-07,ACES,YB,8,7200,2334200.0,15,85000,27700000.0,324.19444444444446,325.88235294117646,all,RG,indexalpha
2026-10-07,ACES,YJ,0,0,0.0,1,100,32800.0,0.0,328.0,all,RG,indexalpha
2026-10-07,ACES,YP,81,227700,73806400.0,81,597900,194166600.0,324.13877909530083,324.7476166583041,all,RG,indexalpha
2026-10-07,ACES,YU,3,5700,1839400.0,265,4958200,1601072000.0,322.70175438596493,322.91396071154855,all,RG,indexalpha
2026-10-07,ACES,ZP,5,143100,46365000.0,11,296400,96033600.0,324.0041928721174,324.0,all,RG,indexalpha
2026-10-07,ACRO,AG,2,2300,119600.0,1,28400,1505200.0,52.0,53.0,all,RG,indexalpha
2026-10-07,ACRO,AK,2,18900,1001700.0,0,0,0.0,53.0,0.0,all,RG,indexalpha
2026-10-07,ACRO,AZ,2,2000,106000.0,1,100,5200.0,53.0,52.0,all,RG,indexalpha
2026-10-07,ACRO,BQ,6,22800,1188000.0,12,31300,1656700.0,52.10526315789474,52.9297124600639,all,RG,indexalpha
2026-10-07,ACRO,CC,20,218900,11648100.0,31,368000,19490400.0,53.211968935587024,52.96304347826087,all,RG,indexalpha
2026-10-07,ACRO,CP,0,0,0.0,3,27900,1478700.0,0.0,53.0,all,RG,indexalpha
2026-10-07,ACRO,DH,1,100,5300.0,1,100,5300.0,53.0,53.0,all,RG,indexalpha
2026-10-07,ACRO,DR,2,101000,5353000.0,6,48100,2549300.0,53.0,53.0,all,RG,indexalpha
2026-10-07,ACRO,FZ,1,100,5300.0,0,0,0.0,53.0,0.0,all,RG,indexalpha
2026-10-07,ACRO,HD,5,9600,508800.0,13,64600,3423800.0,53.0,53.0,all,RG,indexalpha
2026-10-07,ACRO,HP,0,0,0.0,1,500,27000.0,0.0,54.0,all,RG,indexalpha
2026-10-07,ACRO,KI,1,2000,106000.0,3,2000,106400.0,53.0,53.2,all,RG,indexalpha
2026-10-07,ACRO,KK,2,10100,535300.0,9,34200,1822600.0,53.0,53.292397660818715,all,RG,indexalpha
2026-10-07,ACRO,LG,0,0,0.0,1,100,5200.0,0.0,52.0,all,RG,indexalpha
2026-10-07,ACRO,MG,0,0,0.0,2,7000,371000.0,0.0,53.0,all,RG,indexalpha
2026-10-07,ACRO,NI,6,10400,541700.0,17,122500,6469800.0,52.08653846153846,52.81469387755102,all,RG,indexalpha
2026-10-07,ACRO,OD,10,117800,6232900.0,8,3500,184200.0,52.910865874363324,52.628571428571426,all,RG,indexalpha
2026-10-07,ACRO,PD,13,356700,18903700.0,4,10000,530000.0,52.99607513316513,53.0,all,RG,indexalpha
2026-10-07,ACRO,QA,7,40100,2125200.0,1,500,26500.0,52.99750623441396,53.0,all,RG,indexalpha
2026-10-07,ACRO,SQ,2,35000,1855000.0,13,490000,25880000.0,53.0,52.816326530612244,all,RG,indexalpha
2026-10-07,ACRO,XA,1,1000,53000.0,3,5000,265400.0,53.0,53.08,all,RG,indexalpha
2026-10-07,ACRO,XC,29,341500,18083000.0,32,155500,8118000.0,52.95168374816984,52.20578778135048,all,RG,indexalpha
2026-10-07,ACRO,XL,245,2940700,154620900.0,215,3061800,161377600.0,52.57962389907165,52.70677379319355,all,RG,indexalpha
2026-10-07,ACRO,YB,3,70000,3710000.0,6,83500,4425500.0,53.0,53.0,all,RG,indexalpha
2026-10-07,ACRO,YP,30,321100,17128700.0,6,77400,4102200.0,53.343818125194645,53.0,all,RG,indexalpha
2026-10-07,ACRO,YU,0,0,0.0,1,100,5200.0,0.0,52.0,all,RG,indexalpha
2026-10-07,ACST,AI,0,0,0.0,8,52600,4628800.0,0.0,88.0,all,RG,indexalpha
2026-10-07,ACST,CC,3,367100,31954800.0,0,0,0.0,87.04658131299374,0.0,all,RG,indexalpha
2026-10-07,ACST,DH,4,4100,360600.0,0,0,0.0,87.95121951219512,0.0,all,RG,indexalpha
2026-10-07,ACST,GR,1,1000,88000.0,0,0,0.0,88.0,0.0,all,RG,indexalpha
2026-10-07,ACST,KK,1,12800,1113600.0,0,0,0.0,87.0,0.0,all,RG,indexalpha
2026-10-07,ACST,KZ,0,0,0.0,22,25700,2241500.0,0.0,87.21789883268482,all,RG,indexalpha
2026-10-07,ACST,LG,1,1500,130500.0,6,5000,440000.0,87.0,88.0,all,RG,indexalpha
2026-10-07,ACST,NI,1,1000,88000.0,8,17000,1479000.0,88.0,87.0,all,RG,indexalpha
2026-10-07,ACST,OD,2,200,17400.0,0,0,0.0,87.0,0.0,all,RG,indexalpha
2026-10-07,ACST,PD,7,8500,748000.0,0,0,0.0,88.0,0.0,all,RG,indexalpha
2026-10-07,ACST,SQ,7,3000,263000.0,9,386000,33583000.0,87.66666666666667,87.00259067357513,all,RG,indexalpha
2026-10-07,ACST,XA,3,3000,263000.0,0,0,0.0,87.66666666666667,0.0,all,RG,indexalpha
2026-10-07,ACST,XC,4,10700,931000.0,0,0,0.0,87.00934579439253,0.0,all,RG,indexalpha
2026-10-07,ACST,XL,15,23300,2032600.0,6,2900,255200.0,87.23605150214593,88.0,all,RG,indexalpha
2026-10-07,ACST,YP,11,78000,6812000.0,1,25000,2175000.0,87.33333333333333,87.0,all,RG,indexalpha
2026-10-07,ADES,AK,0,0,0.0,4,1100,38165000.0,0.0,34695.454545454544,all,RG,indexalpha
2026-10-07,ADES,AZ,1,100,3460000.0,0,0,0.0,34600.0,0.0,all,RG,indexalpha
2026-10-07,ADES,CC,4,400,13880000.0,10,1700,59320000.0,34700.0,34894.117647058825,all,RG,indexalpha
2026-10-07,ADES,DH,0,0,0.0,4,1300,44947500.0,0.0,34575.0,all,RG,indexalpha
2026-10-07,ADES,EP,0,0,0.0,1,100,3510000.0,0.0,35100.0,all,RG,indexalpha
2026-10-07,ADES,GR,4,2300,80960000.0,0,0,0.0,35200.0,0.0,all,RG,indexalpha
2026-10-07,ADES,KK,2,400,13810000.0,0,0,0.0,34525.0,0.0,all,RG,indexalpha
2026-10-07,ADES,LG,3,300,10407500.0,1,200,7020000.0,34691.666666666664,35100.0,all,RG,indexalpha
2026-10-07,ADES,MG,7,1000,35100000.0,0,0,0.0,35100.0,0.0,all,RG,indexalpha
2026-10-07,ADES,NI,2,200,6897500.0,1,100,3450000.0,34487.5,34500.0,all,RG,indexalpha
2026-10-07,ADES,OD,1,100,3522500.0,0,0,0.0,35225.0,0.0,all,RG,indexalpha
2026-10-07,ADES,PD,5,1400,48405000.0,0,0,0.0,34575.0,0.0,all,RG,indexalpha
2026-10-07,ADES,PG,0,0,0.0,2,200,7045000.0,0.0,35225.0,all,RG,indexalpha
2026-10-07,ADES,SQ,1,100,3522500.0,4,2000,70180000.0,35225.0,35090.0,all,RG,indexalpha
2026-10-07,ADES,XA,6,1500,51992500.0,0,0,0.0,34661.666666666664,0.0,all,RG,indexalpha
2026-10-07,ADES,XC,1,100,3450000.0,0,0,0.0,34500.0,0.0,all,RG,indexalpha
2026-10-07,ADES,XL,10,2800,96870000.0,22,4000,138407500.0,34596.42857142857,34601.875,all,RG,indexalpha
2026-10-07,ADES,YB,1,100,3465000.0,1,100,3510000.0,34650.0,35100.0,all,RG,indexalpha
2026-10-07,ADES,YP,6,600,20757500.0,4,600,20945000.0,34595.833333333336,34908.333333333336,all,RG,indexalpha
