date,ticker,gross_buy_value,gross_sell_value,net_value,net_volume,buyer_count,seller_count,top1_buyer_share,top3_buyer_share,top5_buyer_share,top1_seller_share,top3_seller_share,top5_seller_share,estimated_big_money_avg_price,buy_avg_weighted_all,sell_avg_weighted_all,net_value_5d,big_money_avg_5d,buyer_persistence_5d,seller_persistence_5d,net_value_20d,big_money_avg_20d,buyer_persistence_20d,seller_persistence_20d,flow_pressure,accumulation_evidence,distribution_evidence
2026-10-07,AADI,58329025000.0,58329025000.0,0.0,0,28,17,0.13012749655938874,0.3585581535093378,0.5244326902429793,0.2781901891896873,0.5413686839442284,0.7084497812195558,12119.24856969237,12135.194316148629,12135.194316148629,,,,,,,,,0.0,False,False
2026-10-07,AALI,11713815000.0,11713815000.0,0.0,0,14,26,0.20846176075002038,0.46891747052518756,0.6765566982234225,0.22032360934503406,0.4464384574965543,0.6335551227332854,8532.822474885417,8529.683972911964,8529.683972911964,,,,,,,,,0.0,False,False
2026-10-07,ABDA,9775000.0,9775000.0,0.0,0,1,1,1.0,1.0,1.0,1.0,1.0,1.0,4887.5,4887.5,4887.5,,,,,,,,,0.0,False,False
2026-10-07,ABMM,1054555000.0,1054555000.0,0.0,0,7,20,0.28500078232050485,0.7860756432808151,0.9550625619337066,0.33514041467728095,0.5404876938613917,0.6761335349981746,2705.7152644133857,2707.4582798459564,2707.4582798459564,,,,,,,,,0.0,False,False
2026-10-07,ACES,6101331600.0,6101331600.0,0.0,0,24,15,0.31825829627093205,0.6341338667775408,0.7443440051676589,0.2624135360877616,0.5469122510895819,0.681979356768611,323.96382925740465,323.93756271602183,323.93756271602183,,,,,,,,,0.0,False,False
2026-10-07,ACRO,243831200.0,243831200.0,0.0,0,9,16,0.6341309069553035,0.7858206825049461,0.903840033597013,0.6618414706567495,0.8479144588551424,0.9077419132580244,53.06328196040781,52.753337227667075,52.753337227667075,,,,,,,,,0.0,False,False
2026-10-07,ACST,44802500.0,44802500.0,0.0,0,10,5,0.7132369845432732,0.9106500753306177,0.9562859215445567,0.7495787065453937,0.9029250599854919,0.9844830087606719,87.1149838430167,87.13049397121742,87.13049397121742,,,,,,,,,0.0,False,False
2026-10-07,ADES,396500000.0,396500000.0,0.0,0,10,9,0.244312736443884,0.5796279949558638,0.7902332912988651,0.34907313997477935,0.6756809583858764,0.885296343001261,34878.205380047264,34780.70175438596,34780.70175438596,,,,,,,,,0.0,False,False
2026-10-08,ADMF,906255000.0,906255000.0,0.0,0,14,8,0.3335154012943377,0.7728619428306602,0.9007508924088695,0.5714809849324969,0.7986328351291855,0.9164859780083972,8445.929561806555,8438.128491620111,8438.128491620111,,,,,,,,,0.0,False,False
2026-10-08,ADMG,76778200.0,76778200.0,0.0,0,15,2,0.4935202961257232,0.7997139813124038,0.9110450622702798,0.46496531567554333,0.9238403609357865,0.9951027765693908,229.0252177606775,229.12026260817666,229.12026260817666,,,,,,,,,0.0,False,False
2026-10-08,ADMR,22839892000.0,22839892000.0,0.0,0,13,28,0.3449673273411275,0.8014015346482374,0.8712685462785901,0.19994221076001586,0.4331316671725068,0.5974888366372311,1500.0776521013636,1501.0444269190325,1501.0444269190325,,,,,,,,,0.0,False,False
2026-10-08,ADRO,36490411000.0,36490411000.0,0.0,0,30,22,0.14992733296426833,0.3896362252538071,0.55352330780818,0.17196876735644331,0.43066796370147764,0.5987372134558857,2566.1426141288844,2565.8623211334952,2565.8623211334952,,,,,,,,,0.0,False,False
2026-10-09,AGAR,918718000.0,918718000.0,0.0,0,13,10,0.4382590740575454,0.6908153535687773,0.8579917885575334,0.5035843425294813,0.693032029414902,0.8300490466062491,1766.758510653544,1779.4266899089675,1779.4266899089675,,,,,,,,,0.0,False,False
2026-10-09,AGII,885833000.0,885833000.0,0.0,0,13,7,0.4258432458488225,0.7917508153342673,0.9007702354732777,0.5142447842877834,0.781403492531888,0.9054607358271819,3433.466842553728,3436.1249030256013,3436.1249030256013,,,,,,,,,0.0,False,False
2026-10-09,AGRO,549377700.0,549377700.0,0.0,0,20,8,0.2388193040962529,0.4684352859608244,0.6624528079679972,0.24209209802290846,0.6388524688934407,0.8128455159355759,132.94992352448455,132.83468736399246,132.83468736399246,,,,,,,,,0.0,False,False
2026-10-09,AGRS,31103600.0,31103600.0,0.0,0,10,6,0.2978754870818812,0.6742274206201212,0.8707963065368639,0.2608218984297638,0.6818856981185457,0.8983815378284186,58.14633783234568,58.05076521089959,58.05076521089959,,,,,,,,,0.0,False,False
2026-10-09,AHAP,50994410100.0,50994410100.0,0.0,0,31,24,0.4110914560809872,0.5845686662821108,0.7005347925379767,0.35380834614262946,0.5172461893034037,0.6306764454561266,83.81779617359828,83.81823404221747,83.81823404221747,,,,,,,,,0.0,False,False
