date,ticker,dividends,stock_splits
2015-03-27,BBRI,53.599255,0.0
2016-04-01,BBRI,56.664707,0.0
2017-03-23,BBRI,77.926926,0.0
2017-11-10,BBRI,0.0,5.0
2018-04-02,BBRI,97.04093,0.0
2019-05-24,BBRI,120.15633,0.0
2020-02-27,BBRI,152.90845,0.0
2021-04-06,BBRI,89.91268,0.0
2022-03-11,BBRI,174.2515,0.0
2023-01-10,BBRI,57.0,0.0
2023-03-24,BBRI,231.22139,0.0
2024-01-02,BBRI,84.0,0.0
2024-03-14,BBRI,235.0,0.0
2024-12-27,BBRI,135.0,0.0
2025-04-11,BBRI,208.4,0.0
2025-12-30,BBRI,137.0,0.0
2026-04-21,BBRI,209.0,0.0
2015-04-08,PTBA,64.914,0.0
2016-04-22,PTBA,57.946003,0.0
2017-05-02,PTBA,57.1,0.0
2017-12-14,PTBA,0.0,5.0
2018-04-19,PTBA,318.521,0.0
2019-05-07,PTBA,339.631,0.0
2020-06-19,PTBA,326.4646,0.0
2021-04-14,PTBA,74.69438,0.0
2022-06-06,PTBA,688.515,0.0
2023-06-26,PTBA,1094.05,0.0
2024-05-21,PTBA,397.712,0.0
2025-06-23,PTBA,332.437,0.0
2026-06-23,PTBA,114.508,0.0
2015-04-27,TLKM,89.46,0.0
2016-05-02,TLKM,94.637,0.0
2016-12-15,TLKM,19.379,0.0
2017-05-03,TLKM,117.3675,0.0
2018-05-08,TLKM,167.6598,0.0
2019-06-12,TLKM,163.8225,0.0
2020-06-30,TLKM,154.0682,0.0
2021-06-09,TLKM,168.01,0.0
2022-06-08,TLKM,149.9656,0.0
2023-06-12,TLKM,167.5987,0.0
2024-05-16,TLKM,178.50418,0.0
2025-06-11,TLKM,212.4665,0.0
2026-06-18,TLKM,223.16588,0.0
