date,ticker,open,high,low,close,volume,dividends,stock_splits,invalid_date,invalid_ticker,missing_ohlcv,nonpositive_price,negative_volume,ohlc_logic_error,zero_volume,suspicious_low_volume,dividend_flag,stock_split_flag,corporate_action_flag,hard_invalid,volume_review,quality_status,execution_eligible
2015-03-27,BBRI,2345.4140625,2386.322509765625,2345.4140625,2377.231689453125,136639960,53.599255,0.0,False,False,False,False,False,False,False,False,True,False,True,False,False,PASS_WITH_CORPORATE_ACTION_FLAG,True
2015-12-09,BBRI,1981.783935546875,1981.783935546875,1981.783935546875,1981.783935546875,0,0.0,0.0,False,False,False,False,False,False,True,False,False,False,False,False,True,REVIEW,False
2016-03-11,BBRI,1999.9654541015625,1999.9654541015625,1999.9654541015625,1999.9654541015625,0,0.0,0.0,False,False,False,False,False,False,True,False,False,False,False,False,True,REVIEW,False
2016-03-14,BBRI,1999.9654541015625,1999.9654541015625,1999.9654541015625,1999.9654541015625,0,0.0,0.0,False,False,False,False,False,False,True,False,False,False,False,False,True,REVIEW,False
2016-04-01,BBRI,2054.510009765625,2054.510009765625,1999.9654541015625,2018.14697265625,133941613,56.664707,0.0,False,False,False,False,False,False,False,False,True,False,True,False,False,PASS_WITH_CORPORATE_ACTION_FLAG,True
2016-04-11,BBRI,1963.6024169921875,1963.6024169921875,1963.6024169921875,1963.6024169921875,0,0.0,0.0,False,False,False,False,False,False,True,False,False,False,False,False,True,REVIEW,False
2016-04-13,BBRI,1931.7847900390625,1931.7847900390625,1931.7847900390625,1931.7847900390625,0,0.0,0.0,False,False,False,False,False,False,True,False,False,False,False,False,True,REVIEW,False
2016-04-14,BBRI,1931.7847900390625,1931.7847900390625,1931.7847900390625,1931.7847900390625,0,0.0,0.0,False,False,False,False,False,False,True,False,False,False,False,False,True,REVIEW,False
2016-04-15,BBRI,1931.7847900390625,1931.7847900390625,1931.7847900390625,1931.7847900390625,0,0.0,0.0,False,False,False,False,False,False,True,False,False,False,False,False,True,REVIEW,False
2016-04-18,BBRI,1931.7847900390625,1931.7847900390625,1931.7847900390625,1931.7847900390625,0,0.0,0.0,False,False,False,False,False,False,True,False,False,False,False,False,True,REVIEW,False
2016-04-19,BBRI,1931.7847900390625,1931.7847900390625,1931.7847900390625,1931.7847900390625,0,0.0,0.0,False,False,False,False,False,False,True,False,False,False,False,False,True,REVIEW,False
2016-04-20,BBRI,1845.4227294921875,1909.0579833984373,1849.968017578125,1904.5125732421875,263211446,0.0,0.0,False,False,False,False,False,True,False,False,False,False,False,True,False,QUARANTINE,False
2017-01-02,BBRI,2122.690673828125,2122.690673828125,2122.690673828125,2122.690673828125,0,0.0,0.0,False,False,False,False,False,False,True,False,False,False,False,False,True,REVIEW,False
2017-02-15,BBRI,2181.780517578125,2181.780517578125,2181.780517578125,2181.780517578125,0,0.0,0.0,False,False,False,False,False,False,True,False,False,False,False,False,True,REVIEW,False
2017-03-23,BBRI,2363.595458984375,2395.4130859375,2345.4140625,2390.86767578125,127782607,77.926926,0.0,False,False,False,False,False,False,False,False,True,False,True,False,False,PASS_WITH_CORPORATE_ACTION_FLAG,True
2017-04-05,BBRI,2368.140869140625,2368.140869140625,2368.140869140625,2368.140869140625,0,0.0,0.0,False,False,False,False,False,False,True,False,False,False,False,False,True,REVIEW,False
2017-04-19,BBRI,2340.86865234375,2340.86865234375,2340.86865234375,2340.86865234375,0,0.0,0.0,False,False,False,False,False,False,True,False,False,False,False,False,True,REVIEW,False
2017-06-01,BBRI,2631.772705078125,2631.772705078125,2631.772705078125,2631.772705078125,0,0.0,0.0,False,False,False,False,False,False,True,False,False,False,False,False,True,REVIEW,False
2017-06-23,BBRI,2772.679443359375,2772.679443359375,2772.679443359375,2772.679443359375,0,0.0,0.0,False,False,False,False,False,False,True,False,False,False,False,False,True,REVIEW,False
2017-06-26,BBRI,2772.679443359375,2772.679443359375,2772.679443359375,2772.679443359375,0,0.0,0.0,False,False,False,False,False,False,True,False,False,False,False,False,True,REVIEW,False
2017-06-27,BBRI,2772.679443359375,2772.679443359375,2772.679443359375,2772.679443359375,0,0.0,0.0,False,False,False,False,False,False,True,False,False,False,False,False,True,REVIEW,False
2017-06-28,BBRI,2772.679443359375,2772.679443359375,2772.679443359375,2772.679443359375,0,0.0,0.0,False,False,False,False,False,False,True,False,False,False,False,False,True,REVIEW,False
2017-06-29,BBRI,2772.679443359375,2772.679443359375,2772.679443359375,2772.679443359375,0,0.0,0.0,False,False,False,False,False,False,True,False,False,False,False,False,True,REVIEW,False
2017-06-30,BBRI,2772.679443359375,2772.679443359375,2772.679443359375,2772.679443359375,0,0.0,0.0,False,False,False,False,False,False,True,False,False,False,False,False,True,REVIEW,False
2017-08-17,BBRI,2772.679443359375,2772.679443359375,2772.679443359375,2772.679443359375,0,0.0,0.0,False,False,False,False,False,False,True,False,False,False,False,False,True,REVIEW,False
2017-09-01,BBRI,2749.952392578125,2749.952392578125,2749.952392578125,2749.952392578125,0,0.0,0.0,False,False,False,False,False,False,True,False,False,False,False,False,True,REVIEW,False
2017-09-21,BBRI,2731.77099609375,2731.77099609375,2731.77099609375,2731.77099609375,0,0.0,0.0,False,False,False,False,False,False,True,False,False,False,False,False,True,REVIEW,False
2017-11-10,BBRI,3018.129638671875,3063.58349609375,2972.676025390625,2981.7666015625,110164042,0.0,5.0,False,False,False,False,False,False,False,False,False,True,True,False,False,PASS_WITH_CORPORATE_ACTION_FLAG,True
2017-12-01,BBRI,2918.13134765625,2918.13134765625,2918.13134765625,2918.13134765625,0,0.0,0.0,False,False,False,False,False,False,True,False,False,False,False,False,True,REVIEW,False
2017-12-25,BBRI,3145.400146484375,3145.400146484375,3145.400146484375,3145.400146484375,0,0.0,0.0,False,False,False,False,False,False,True,False,False,False,False,False,True,REVIEW,False
2017-12-26,BBRI,3145.400146484375,3145.400146484375,3145.400146484375,3145.400146484375,0,0.0,0.0,False,False,False,False,False,False,True,False,False,False,False,False,True,REVIEW,False
2018-01-01,BBRI,3309.03369140625,3309.03369140625,3309.03369140625,3309.03369140625,0,0.0,0.0,False,False,False,False,False,False,True,False,False,False,False,False,True,REVIEW,False
2018-02-16,BBRI,3490.848876953125,3490.848876953125,3490.848876953125,3490.848876953125,0,0.0,0.0,False,False,False,False,False,False,True,False,False,False,False,False,True,REVIEW,False
2018-03-30,BBRI,3272.670654296875,3272.670654296875,3272.670654296875,3272.670654296875,0,0.0,0.0,False,False,False,False,False,False,True,False,False,False,False,False,True,REVIEW,False
2018-04-02,BBRI,3181.76318359375,3272.670654296875,3172.67236328125,3272.670654296875,76216686,97.04093,0.0,False,False,False,False,False,False,False,False,True,False,True,False,False,PASS_WITH_CORPORATE_ACTION_FLAG,True
2018-04-16,BBRI,3227.217041015625,3227.217041015625,3227.217041015625,3227.217041015625,0,0.0,0.0,False,False,False,False,False,False,True,False,False,False,False,False,True,REVIEW,False
2018-04-17,BBRI,3227.217041015625,3227.217041015625,3227.217041015625,3227.217041015625,0,0.0,0.0,False,False,False,False,False,False,True,False,False,False,False,False,True,REVIEW,False
2018-04-19,BBRI,3327.21533203125,3327.21533203125,3327.21533203125,3327.21533203125,0,0.0,0.0,False,False,False,False,False,False,True,False,False,False,False,False,True,REVIEW,False
2018-04-20,BBRI,3327.21533203125,3327.21533203125,3327.21533203125,3327.21533203125,0,0.0,0.0,False,False,False,False,False,False,True,False,False,False,False,False,True,REVIEW,False
2018-04-25,BBRI,3172.67236328125,3172.67236328125,3172.67236328125,3172.67236328125,0,0.0,0.0,False,False,False,False,False,False,True,False,False,False,False,False,True,REVIEW,False
2018-04-26,BBRI,3172.67236328125,3172.67236328125,3172.67236328125,3172.67236328125,0,0.0,0.0,False,False,False,False,False,False,True,False,False,False,False,False,True,REVIEW,False
2018-04-27,BBRI,3172.67236328125,3172.67236328125,3172.67236328125,3172.67236328125,0,0.0,0.0,False,False,False,False,False,False,True,False,False,False,False,False,True,REVIEW,False
2018-05-01,BBRI,2927.22216796875,2927.22216796875,2927.22216796875,2927.22216796875,0,0.0,0.0,False,False,False,False,False,False,True,False,False,False,False,False,True,REVIEW,False
2018-05-10,BBRI,2918.13134765625,2918.13134765625,2918.13134765625,2918.13134765625,0,0.0,0.0,False,False,False,False,False,False,True,False,False,False,False,False,True,REVIEW,False
2018-05-29,BBRI,2954.494384765625,2954.494384765625,2954.494384765625,2954.494384765625,0,0.0,0.0,False,False,False,False,False,False,True,False,False,False,False,False,True,REVIEW,False
2018-06-01,BBRI,2799.95166015625,2799.95166015625,2799.95166015625,2799.95166015625,0,0.0,0.0,False,False,False,False,False,False,True,False,False,False,False,False,True,REVIEW,False
2018-06-11,BBRI,2854.49609375,2854.49609375,2854.49609375,2854.49609375,0,0.0,0.0,False,False,False,False,False,False,True,False,False,False,False,False,True,REVIEW,False
2018-06-12,BBRI,2854.49609375,2854.49609375,2854.49609375,2854.49609375,0,0.0,0.0,False,False,False,False,False,False,True,False,False,False,False,False,True,REVIEW,False
2018-06-13,BBRI,2854.49609375,2854.49609375,2854.49609375,2854.49609375,0,0.0,0.0,False,False,False,False,False,False,True,False,False,False,False,False,True,REVIEW,False
2018-06-14,BBRI,2854.49609375,2854.49609375,2854.49609375,2854.49609375,0,0.0,0.0,False,False,False,False,False,False,True,False,False,False,False,False,True,REVIEW,False
2018-06-15,BBRI,2854.49609375,2854.49609375,2854.49609375,2854.49609375,0,0.0,0.0,False,False,False,False,False,False,True,False,False,False,False,False,True,REVIEW,False
2018-06-18,BBRI,2854.49609375,2854.49609375,2854.49609375,2854.49609375,0,0.0,0.0,False,False,False,False,False,False,True,False,False,False,False,False,True,REVIEW,False
2018-06-19,BBRI,2854.49609375,2854.49609375,2854.49609375,2854.49609375,0,0.0,0.0,False,False,False,False,False,False,True,False,False,False,False,False,True,REVIEW,False
2018-08-17,BBRI,2772.679443359375,2772.679443359375,2772.679443359375,2772.679443359375,0,0.0,0.0,False,False,False,False,False,False,True,False,False,False,False,False,True,REVIEW,False
2018-08-22,BBRI,2863.5869140625,2863.5869140625,2863.5869140625,2863.5869140625,0,0.0,0.0,False,False,False,False,False,False,True,False,False,False,False,False,True,REVIEW,False
2018-09-11,BBRI,2699.953369140625,2699.953369140625,2699.953369140625,2699.953369140625,0,0.0,0.0,False,False,False,False,False,False,True,False,False,False,False,False,True,REVIEW,False
2018-11-20,BBRI,3199.94482421875,3199.94482421875,3199.94482421875,3199.94482421875,0,0.0,0.0,False,False,False,False,False,False,True,False,False,False,False,False,True,REVIEW,False
2018-12-24,BBRI,3290.852294921875,3290.852294921875,3290.852294921875,3290.852294921875,0,0.0,0.0,False,False,False,False,False,False,True,False,False,False,False,False,True,REVIEW,False
2018-12-25,BBRI,3290.852294921875,3290.852294921875,3290.852294921875,3290.852294921875,0,0.0,0.0,False,False,False,False,False,False,True,False,False,False,False,False,True,REVIEW,False
2018-12-31,BBRI,3327.21533203125,3327.21533203125,3327.21533203125,3327.21533203125,0,0.0,0.0,False,False,False,False,False,False,True,False,False,False,False,False,True,REVIEW,False
2019-01-01,BBRI,3327.21533203125,3327.21533203125,3327.21533203125,3327.21533203125,0,0.0,0.0,False,False,False,False,False,False,True,False,False,False,False,False,True,REVIEW,False
2019-02-05,BBRI,3545.393310546875,3545.393310546875,3545.393310546875,3545.393310546875,0,0.0,0.0,False,False,False,False,False,False,True,False,False,False,False,False,True,REVIEW,False
2019-03-07,BBRI,3545.393310546875,3545.393310546875,3545.393310546875,3545.393310546875,0,0.0,0.0,False,False,False,False,False,False,True,False,False,False,False,False,True,REVIEW,False
2019-04-03,BBRI,3772.662109375,3772.662109375,3772.662109375,3772.662109375,0,0.0,0.0,False,False,False,False,False,False,True,False,False,False,False,False,True,REVIEW,False
2019-04-17,BBRI,3945.386474609375,3945.386474609375,3945.386474609375,3945.386474609375,0,0.0,0.0,False,False,False,False,False,False,True,False,False,False,False,False,True,REVIEW,False
2019-04-19,BBRI,4054.475341796875,4054.475341796875,4054.475341796875,4054.475341796875,0,0.0,0.0,False,False,False,False,False,False,True,False,False,False,False,False,True,REVIEW,False
2019-05-01,BBRI,3972.65869140625,3972.65869140625,3972.65869140625,3972.65869140625,0,0.0,0.0,False,False,False,False,False,False,True,False,False,False,False,False,True,REVIEW,False
2019-05-24,BBRI,3436.30419921875,3572.66552734375,3427.213623046875,3499.939453125,165441097,120.15633,0.0,False,False,False,False,False,False,False,False,True,False,True,False,False,PASS_WITH_CORPORATE_ACTION_FLAG,True
2019-05-30,BBRI,3581.75634765625,3581.75634765625,3581.75634765625,3581.75634765625,0,0.0,0.0,False,False,False,False,False,False,True,False,False,False,False,False,True,REVIEW,False
2019-06-03,BBRI,3727.208251953125,3727.208251953125,3727.208251953125,3727.208251953125,0,0.0,0.0,False,False,False,False,False,False,True,False,False,False,False,False,True,REVIEW,False
2019-06-04,BBRI,3727.208251953125,3727.208251953125,3727.208251953125,3727.208251953125,0,0.0,0.0,False,False,False,False,False,False,True,False,False,False,False,False,True,REVIEW,False
2019-06-05,BBRI,3727.208251953125,3727.208251953125,3727.208251953125,3727.208251953125,0,0.0,0.0,False,False,False,False,False,False,True,False,False,False,False,False,True,REVIEW,False
2019-06-06,BBRI,3727.208251953125,3727.208251953125,3727.208251953125,3727.208251953125,0,0.0,0.0,False,False,False,False,False,False,True,False,False,False,False,False,True,REVIEW,False
2019-06-07,BBRI,3727.208251953125,3727.208251953125,3727.208251953125,3727.208251953125,0,0.0,0.0,False,False,False,False,False,False,True,False,False,False,False,False,True,REVIEW,False
2020-02-27,BBRI,3981.74951171875,3981.74951171875,3745.389892578125,3754.480712890625,227877075,152.90845,0.0,False,False,False,False,False,False,False,False,True,False,True,False,False,PASS_WITH_CORPORATE_ACTION_FLAG,True
2021-04-06,BBRI,3790.843505859375,3845.38818359375,3772.662109375,3818.115966796875,167319270,89.91268,0.0,False,False,False,False,False,False,False,False,True,False,True,False,False,PASS_WITH_CORPORATE_ACTION_FLAG,True
2022-03-11,BBRI,4400.0,4440.0,4370.0,4400.0,275965300,174.2515,0.0,False,False,False,False,False,False,False,False,True,False,True,False,False,PASS_WITH_CORPORATE_ACTION_FLAG,True
2023-01-10,BBRI,4550.0,4570.0,4410.0,4430.0,282510000,57.0,0.0,False,False,False,False,False,False,False,False,True,False,True,False,False,PASS_WITH_CORPORATE_ACTION_FLAG,True
2023-03-24,BBRI,4750.0,4820.0,4720.0,4770.0,266103900,231.22139,0.0,False,False,False,False,False,False,False,False,True,False,True,False,False,PASS_WITH_CORPORATE_ACTION_FLAG,True
2024-01-02,BBRI,5650.0,5675.0,5625.0,5675.0,91143100,84.0,0.0,False,False,False,False,False,False,False,False,True,False,True,False,False,PASS_WITH_CORPORATE_ACTION_FLAG,True
2024-03-14,BBRI,6175.0,6200.0,6050.0,6150.0,271254000,235.0,0.0,False,False,False,False,False,False,False,False,True,False,True,False,False,PASS_WITH_CORPORATE_ACTION_FLAG,True
2024-12-27,BBRI,4100.0,4120.0,4080.0,4100.0,143104400,135.0,0.0,False,False,False,False,False,False,False,False,True,False,True,False,False,PASS_WITH_CORPORATE_ACTION_FLAG,True
2025-04-11,BBRI,3600.0,3650.0,3590.0,3630.0,301200600,208.4,0.0,False,False,False,False,False,False,False,False,True,False,True,False,False,PASS_WITH_CORPORATE_ACTION_FLAG,True
2025-12-30,BBRI,3690.0,3690.0,3650.0,3660.0,274402200,137.0,0.0,False,False,False,False,False,False,False,False,True,False,True,False,False,PASS_WITH_CORPORATE_ACTION_FLAG,True
2026-04-21,BBRI,3250.0,3300.0,3230.0,3270.0,398239800,209.0,0.0,False,False,False,False,False,False,False,False,True,False,True,False,False,PASS_WITH_CORPORATE_ACTION_FLAG,True
2015-04-08,PTBA,2165.0,2170.0,2135.0,2155.0,9769500,64.914,0.0,False,False,False,False,False,False,False,False,True,False,True,False,False,PASS_WITH_CORPORATE_ACTION_FLAG,True
2015-12-09,PTBA,966.0,966.0,966.0,966.0,0,0.0,0.0,False,False,False,False,False,False,True,False,False,False,False,False,True,REVIEW,False
2016-03-11,PTBA,1255.0,1255.0,1255.0,1255.0,0,0.0,0.0,False,False,False,False,False,False,True,False,False,False,False,False,True,REVIEW,False
2016-03-14,PTBA,1255.0,1255.0,1255.0,1255.0,0,0.0,0.0,False,False,False,False,False,False,True,False,False,False,False,False,True,REVIEW,False
2016-04-11,PTBA,1310.0,1310.0,1310.0,1310.0,0,0.0,0.0,False,False,False,False,False,False,True,False,False,False,False,False,True,REVIEW,False
2016-04-13,PTBA,1385.0,1385.0,1385.0,1385.0,0,0.0,0.0,False,False,False,False,False,False,True,False,False,False,False,False,True,REVIEW,False
2016-04-14,PTBA,1385.0,1385.0,1385.0,1385.0,0,0.0,0.0,False,False,False,False,False,False,True,False,False,False,False,False,True,REVIEW,False
2016-04-15,PTBA,1385.0,1385.0,1385.0,1385.0,0,0.0,0.0,False,False,False,False,False,False,True,False,False,False,False,False,True,REVIEW,False
2016-04-18,PTBA,1385.0,1385.0,1385.0,1385.0,0,0.0,0.0,False,False,False,False,False,False,True,False,False,False,False,False,True,REVIEW,False
2016-04-19,PTBA,1385.0,1385.0,1385.0,1385.0,0,0.0,0.0,False,False,False,False,False,False,True,False,False,False,False,False,True,REVIEW,False
2016-04-20,PTBA,1465.0,1530.0,1470.0,1520.0,33706500,0.0,0.0,False,False,False,False,False,True,False,False,False,False,False,True,False,QUARANTINE,False
2016-04-21,PTBA,1560.0,1560.0,1535.0,1540.0,20,0.0,0.0,False,False,False,False,False,False,False,True,False,False,False,False,True,REVIEW,False
2016-04-22,PTBA,1540.0,1510.0,1485.0,1500.0,20,57.946003,0.0,False,False,False,False,False,True,False,True,True,False,True,True,True,QUARANTINE,False
2017-01-02,PTBA,2500.0,2500.0,2500.0,2500.0,0,0.0,0.0,False,False,False,False,False,False,True,False,False,False,False,False,True,REVIEW,False
2017-02-15,PTBA,2185.0,2185.0,2185.0,2185.0,0,0.0,0.0,False,False,False,False,False,False,True,False,False,False,False,False,True,REVIEW,False
2017-04-05,PTBA,2770.0,2770.0,2770.0,2770.0,0,0.0,0.0,False,False,False,False,False,False,True,False,False,False,False,False,True,REVIEW,False
2017-04-19,PTBA,2520.0,2520.0,2520.0,2520.0,0,0.0,0.0,False,False,False,False,False,False,True,False,False,False,False,False,True,REVIEW,False
2017-05-02,PTBA,2485.0,2520.0,2470.0,2470.0,14466500,57.1,0.0,False,False,False,False,False,False,False,False,True,False,True,False,False,PASS_WITH_CORPORATE_ACTION_FLAG,True
2017-06-01,PTBA,2180.0,2180.0,2180.0,2180.0,0,0.0,0.0,False,False,False,False,False,False,True,False,False,False,False,False,True,REVIEW,False
2017-06-23,PTBA,2390.0,2390.0,2390.0,2390.0,0,0.0,0.0,False,False,False,False,False,False,True,False,False,False,False,False,True,REVIEW,False
2017-06-26,PTBA,2390.0,2390.0,2390.0,2390.0,0,0.0,0.0,False,False,False,False,False,False,True,False,False,False,False,False,True,REVIEW,False
2017-06-27,PTBA,2390.0,2390.0,2390.0,2390.0,0,0.0,0.0,False,False,False,False,False,False,True,False,False,False,False,False,True,REVIEW,False
2017-06-28,PTBA,2390.0,2390.0,2390.0,2390.0,0,0.0,0.0,False,False,False,False,False,False,True,False,False,False,False,False,True,REVIEW,False
2017-06-29,PTBA,2390.0,2390.0,2390.0,2390.0,0,0.0,0.0,False,False,False,False,False,False,True,False,False,False,False,False,True,REVIEW,False
2017-06-30,PTBA,2390.0,2390.0,2390.0,2390.0,0,0.0,0.0,False,False,False,False,False,False,True,False,False,False,False,False,True,REVIEW,False
2017-07-10,PTBA,2480.0,2480.0,2480.0,2480.0,0,0.0,0.0,False,False,False,False,False,False,True,False,False,False,False,False,True,REVIEW,False
2017-08-17,PTBA,2630.0,2630.0,2630.0,2630.0,0,0.0,0.0,False,False,False,False,False,False,True,False,False,False,False,False,True,REVIEW,False
2017-09-01,PTBA,2475.0,2475.0,2475.0,2475.0,0,0.0,0.0,False,False,False,False,False,False,True,False,False,False,False,False,True,REVIEW,False
2017-09-21,PTBA,2085.0,2085.0,2085.0,2085.0,0,0.0,0.0,False,False,False,False,False,False,True,False,False,False,False,False,True,REVIEW,False
2017-12-01,PTBA,2250.0,2250.0,2250.0,2250.0,0,0.0,0.0,False,False,False,False,False,False,True,False,False,False,False,False,True,REVIEW,False
2017-12-14,PTBA,2260.0,2290.0,2230.0,2240.0,17020600,0.0,5.0,False,False,False,False,False,False,False,False,False,True,True,False,False,PASS_WITH_CORPORATE_ACTION_FLAG,True
2017-12-25,PTBA,2520.0,2520.0,2520.0,2520.0,0,0.0,0.0,False,False,False,False,False,False,True,False,False,False,False,False,True,REVIEW,False
2017-12-26,PTBA,2520.0,2520.0,2520.0,2520.0,0,0.0,0.0,False,False,False,False,False,False,True,False,False,False,False,False,True,REVIEW,False
2018-01-01,PTBA,2460.0,2460.0,2460.0,2460.0,0,0.0,0.0,False,False,False,False,False,False,True,False,False,False,False,False,True,REVIEW,False
2018-02-16,PTBA,3240.0,3240.0,3240.0,3240.0,0,0.0,0.0,False,False,False,False,False,False,True,False,False,False,False,False,True,REVIEW,False
2018-03-30,PTBA,2940.0,2940.0,2940.0,2940.0,0,0.0,0.0,False,False,False,False,False,False,True,False,False,False,False,False,True,REVIEW,False
2018-04-16,PTBA,3430.0,3430.0,3430.0,3430.0,0,0.0,0.0,False,False,False,False,False,False,True,False,False,False,False,False,True,REVIEW,False
2018-04-17,PTBA,3430.0,3430.0,3430.0,3430.0,0,0.0,0.0,False,False,False,False,False,False,True,False,False,False,False,False,True,REVIEW,False
2018-04-19,PTBA,3480.0,3480.0,3480.0,3480.0,0,318.521,0.0,False,False,False,False,False,False,True,False,True,False,True,False,True,REVIEW,False
2018-04-20,PTBA,3480.0,3480.0,3480.0,3480.0,0,0.0,0.0,False,False,False,False,False,False,True,False,False,False,False,False,True,REVIEW,False
2018-04-25,PTBA,3330.0,3330.0,3330.0,3330.0,0,0.0,0.0,False,False,False,False,False,False,True,False,False,False,False,False,True,REVIEW,False
2018-04-26,PTBA,3330.0,3330.0,3330.0,3330.0,0,0.0,0.0,False,False,False,False,False,False,True,False,False,False,False,False,True,REVIEW,False
2018-04-27,PTBA,3330.0,3330.0,3330.0,3330.0,0,0.0,0.0,False,False,False,False,False,False,True,False,False,False,False,False,True,REVIEW,False
2018-05-01,PTBA,3240.0,3240.0,3240.0,3240.0,0,0.0,0.0,False,False,False,False,False,False,True,False,False,False,False,False,True,REVIEW,False
2018-05-10,PTBA,3430.0,3430.0,3430.0,3430.0,0,0.0,0.0,False,False,False,False,False,False,True,False,False,False,False,False,True,REVIEW,False
2018-05-29,PTBA,3660.0,3660.0,3660.0,3660.0,0,0.0,0.0,False,False,False,False,False,False,True,False,False,False,False,False,True,REVIEW,False
2018-06-01,PTBA,3800.0,3800.0,3800.0,3800.0,0,0.0,0.0,False,False,False,False,False,False,True,False,False,False,False,False,True,REVIEW,False
2018-06-11,PTBA,4070.0,4070.0,4070.0,4070.0,0,0.0,0.0,False,False,False,False,False,False,True,False,False,False,False,False,True,REVIEW,False
2018-06-12,PTBA,4070.0,4070.0,4070.0,4070.0,0,0.0,0.0,False,False,False,False,False,False,True,False,False,False,False,False,True,REVIEW,False
2018-06-13,PTBA,4070.0,4070.0,4070.0,4070.0,0,0.0,0.0,False,False,False,False,False,False,True,False,False,False,False,False,True,REVIEW,False
2018-06-14,PTBA,4070.0,4070.0,4070.0,4070.0,0,0.0,0.0,False,False,False,False,False,False,True,False,False,False,False,False,True,REVIEW,False
2018-06-15,PTBA,4070.0,4070.0,4070.0,4070.0,0,0.0,0.0,False,False,False,False,False,False,True,False,False,False,False,False,True,REVIEW,False
2018-06-18,PTBA,4070.0,4070.0,4070.0,4070.0,0,0.0,0.0,False,False,False,False,False,False,True,False,False,False,False,False,True,REVIEW,False
2018-06-19,PTBA,4070.0,4070.0,4070.0,4070.0,0,0.0,0.0,False,False,False,False,False,False,True,False,False,False,False,False,True,REVIEW,False
2018-08-17,PTBA,4120.0,4120.0,4120.0,4120.0,0,0.0,0.0,False,False,False,False,False,False,True,False,False,False,False,False,True,REVIEW,False
2018-08-22,PTBA,4120.0,4120.0,4120.0,4120.0,0,0.0,0.0,False,False,False,False,False,False,True,False,False,False,False,False,True,REVIEW,False
2018-09-11,PTBA,3720.0,3720.0,3720.0,3720.0,0,0.0,0.0,False,False,False,False,False,False,True,False,False,False,False,False,True,REVIEW,False
2018-11-20,PTBA,4660.0,4660.0,4660.0,4660.0,0,0.0,0.0,False,False,False,False,False,False,True,False,False,False,False,False,True,REVIEW,False
2018-12-24,PTBA,4230.0,4230.0,4230.0,4230.0,0,0.0,0.0,False,False,False,False,False,False,True,False,False,False,False,False,True,REVIEW,False
2018-12-25,PTBA,4230.0,4230.0,4230.0,4230.0,0,0.0,0.0,False,False,False,False,False,False,True,False,False,False,False,False,True,REVIEW,False
2018-12-31,PTBA,4300.0,4300.0,4300.0,4300.0,0,0.0,0.0,False,False,False,False,False,False,True,False,False,False,False,False,True,REVIEW,False
2019-01-01,PTBA,4300.0,4300.0,4300.0,4300.0,0,0.0,0.0,False,False,False,False,False,False,True,False,False,False,False,False,True,REVIEW,False
2019-02-05,PTBA,4240.0,4240.0,4240.0,4240.0,0,0.0,0.0,False,False,False,False,False,False,True,False,False,False,False,False,True,REVIEW,False
2019-03-07,PTBA,4040.0,4040.0,4040.0,4040.0,0,0.0,0.0,False,False,False,False,False,False,True,False,False,False,False,False,True,REVIEW,False
2019-04-03,PTBA,4170.0,4170.0,4170.0,4170.0,0,0.0,0.0,False,False,False,False,False,False,True,False,False,False,False,False,True,REVIEW,False
2019-04-17,PTBA,3980.0,3980.0,3980.0,3980.0,0,0.0,0.0,False,False,False,False,False,False,True,False,False,False,False,False,True,REVIEW,False
2019-04-19,PTBA,3950.0,3950.0,3950.0,3950.0,0,0.0,0.0,False,False,False,False,False,False,True,False,False,False,False,False,True,REVIEW,False
2019-05-01,PTBA,3960.0,3960.0,3960.0,3960.0,0,0.0,0.0,False,False,False,False,False,False,True,False,False,False,False,False,True,REVIEW,False
2019-05-07,PTBA,3600.0,3600.0,3380.0,3400.0,78132400,339.631,0.0,False,False,False,False,False,False,False,False,True,False,True,False,False,PASS_WITH_CORPORATE_ACTION_FLAG,True
2019-05-30,PTBA,3000.0,3000.0,3000.0,3000.0,0,0.0,0.0,False,False,False,False,False,False,True,False,False,False,False,False,True,REVIEW,False
2019-06-03,PTBA,3060.0,3060.0,3060.0,3060.0,0,0.0,0.0,False,False,False,False,False,False,True,False,False,False,False,False,True,REVIEW,False
2019-06-04,PTBA,3060.0,3060.0,3060.0,3060.0,0,0.0,0.0,False,False,False,False,False,False,True,False,False,False,False,False,True,REVIEW,False
2019-06-05,PTBA,3060.0,3060.0,3060.0,3060.0,0,0.0,0.0,False,False,False,False,False,False,True,False,False,False,False,False,True,REVIEW,False
2019-06-06,PTBA,3060.0,3060.0,3060.0,3060.0,0,0.0,0.0,False,False,False,False,False,False,True,False,False,False,False,False,True,REVIEW,False
2019-06-07,PTBA,3060.0,3060.0,3060.0,3060.0,0,0.0,0.0,False,False,False,False,False,False,True,False,False,False,False,False,True,REVIEW,False
2020-03-13,PTBA,2060.0,2060.0,2060.0,2060.0,0,0.0,0.0,False,False,False,False,False,False,True,False,False,False,False,False,True,REVIEW,False
2020-03-16,PTBA,2060.0,2060.0,2060.0,2060.0,0,0.0,0.0,False,False,False,False,False,False,True,False,False,False,False,False,True,REVIEW,False
2020-06-19,PTBA,2280.0,2280.0,2280.0,2280.0,109431900,326.4646,0.0,False,False,False,False,False,False,False,False,True,False,True,False,False,PASS_WITH_CORPORATE_ACTION_FLAG,True
2021-04-14,PTBA,2400.0,2430.0,2390.0,2420.0,29522000,74.69438,0.0,False,False,False,False,False,False,False,False,True,False,True,False,False,PASS_WITH_CORPORATE_ACTION_FLAG,True
2022-06-06,PTBA,4310.0,4310.0,4310.0,4310.0,5083700,688.515,0.0,False,False,False,False,False,False,False,False,True,False,True,False,False,PASS_WITH_CORPORATE_ACTION_FLAG,True
2023-06-26,PTBA,3150.0,3150.0,3150.0,3150.0,4857300,1094.05,0.0,False,False,False,False,False,False,False,False,True,False,True,False,False,PASS_WITH_CORPORATE_ACTION_FLAG,True
2024-05-21,PTBA,2550.0,2640.0,2530.0,2570.0,61531400,397.712,0.0,False,False,False,False,False,False,False,False,True,False,True,False,False,PASS_WITH_CORPORATE_ACTION_FLAG,True
2025-06-23,PTBA,2520.0,2590.0,2510.0,2510.0,89814500,332.437,0.0,False,False,False,False,False,False,False,False,True,False,True,False,False,PASS_WITH_CORPORATE_ACTION_FLAG,True
2026-06-23,PTBA,2470.0,2500.0,2430.0,2480.0,19977700,114.508,0.0,False,False,False,False,False,False,False,False,True,False,True,False,False,PASS_WITH_CORPORATE_ACTION_FLAG,True
2015-04-27,TLKM,2860.0,2860.0,2805.0,2810.0,104273400,89.46,0.0,False,False,False,False,False,False,False,False,True,False,True,False,False,PASS_WITH_CORPORATE_ACTION_FLAG,True
2015-12-09,TLKM,3015.0,3015.0,3015.0,3015.0,0,0.0,0.0,False,False,False,False,False,False,True,False,False,False,False,False,True,REVIEW,False
2016-03-11,TLKM,3315.0,3315.0,3315.0,3315.0,0,0.0,0.0,False,False,False,False,False,False,True,False,False,False,False,False,True,REVIEW,False
2016-03-14,TLKM,3315.0,3315.0,3315.0,3315.0,0,0.0,0.0,False,False,False,False,False,False,True,False,False,False,False,False,True,REVIEW,False
2016-04-11,TLKM,3445.0,3445.0,3445.0,3445.0,0,0.0,0.0,False,False,False,False,False,False,True,False,False,False,False,False,True,REVIEW,False
2016-04-13,TLKM,3400.0,3400.0,3400.0,3400.0,0,0.0,0.0,False,False,False,False,False,False,True,False,False,False,False,False,True,REVIEW,False
2016-04-14,TLKM,3400.0,3400.0,3400.0,3400.0,0,0.0,0.0,False,False,False,False,False,False,True,False,False,False,False,False,True,REVIEW,False
2016-04-15,TLKM,3400.0,3400.0,3400.0,3400.0,0,0.0,0.0,False,False,False,False,False,False,True,False,False,False,False,False,True,REVIEW,False
2016-04-18,TLKM,3400.0,3400.0,3400.0,3400.0,0,0.0,0.0,False,False,False,False,False,False,True,False,False,False,False,False,True,REVIEW,False
2016-04-19,TLKM,3400.0,3400.0,3400.0,3400.0,0,0.0,0.0,False,False,False,False,False,False,True,False,False,False,False,False,True,REVIEW,False
2016-04-20,TLKM,3650.0,3635.0,3555.0,3585.0,94939200,0.0,0.0,False,False,False,False,False,True,False,False,False,False,False,True,False,QUARANTINE,False
2016-05-02,TLKM,3410.0,3500.0,3410.0,3450.0,175519300,94.637,0.0,False,False,False,False,False,False,False,False,True,False,True,False,False,PASS_WITH_CORPORATE_ACTION_FLAG,True
2016-12-15,TLKM,3840.0,3940.0,3830.0,3910.0,58982800,19.379,0.0,False,False,False,False,False,False,False,False,True,False,True,False,False,PASS_WITH_CORPORATE_ACTION_FLAG,True
2017-01-02,TLKM,3980.0,3980.0,3980.0,3980.0,0,0.0,0.0,False,False,False,False,False,False,True,False,False,False,False,False,True,REVIEW,False
2017-02-15,TLKM,3860.0,3860.0,3860.0,3860.0,0,0.0,0.0,False,False,False,False,False,False,True,False,False,False,False,False,True,REVIEW,False
2017-04-05,TLKM,4250.0,4250.0,4250.0,4250.0,0,0.0,0.0,False,False,False,False,False,False,True,False,False,False,False,False,True,REVIEW,False
2017-04-19,TLKM,4070.0,4070.0,4070.0,4070.0,0,0.0,0.0,False,False,False,False,False,False,True,False,False,False,False,False,True,REVIEW,False
2017-05-03,TLKM,4400.0,4400.0,4330.0,4340.0,92896600,117.3675,0.0,False,False,False,False,False,False,False,False,True,False,True,False,False,PASS_WITH_CORPORATE_ACTION_FLAG,True
2017-06-01,TLKM,4350.0,4350.0,4350.0,4350.0,0,0.0,0.0,False,False,False,False,False,False,True,False,False,False,False,False,True,REVIEW,False
2017-06-23,TLKM,4520.0,4520.0,4520.0,4520.0,0,0.0,0.0,False,False,False,False,False,False,True,False,False,False,False,False,True,REVIEW,False
2017-06-26,TLKM,4520.0,4520.0,4520.0,4520.0,0,0.0,0.0,False,False,False,False,False,False,True,False,False,False,False,False,True,REVIEW,False
2017-06-27,TLKM,4520.0,4520.0,4520.0,4520.0,0,0.0,0.0,False,False,False,False,False,False,True,False,False,False,False,False,True,REVIEW,False
2017-06-28,TLKM,4520.0,4520.0,4520.0,4520.0,0,0.0,0.0,False,False,False,False,False,False,True,False,False,False,False,False,True,REVIEW,False
2017-06-29,TLKM,4520.0,4520.0,4520.0,4520.0,0,0.0,0.0,False,False,False,False,False,False,True,False,False,False,False,False,True,REVIEW,False
2017-06-30,TLKM,4520.0,4520.0,4520.0,4520.0,0,0.0,0.0,False,False,False,False,False,False,True,False,False,False,False,False,True,REVIEW,False
2017-08-17,TLKM,4770.0,4770.0,4770.0,4770.0,0,0.0,0.0,False,False,False,False,False,False,True,False,False,False,False,False,True,REVIEW,False
2017-09-01,TLKM,4690.0,4690.0,4690.0,4690.0,0,0.0,0.0,False,False,False,False,False,False,True,False,False,False,False,False,True,REVIEW,False
2017-09-21,TLKM,4690.0,4690.0,4690.0,4690.0,0,0.0,0.0,False,False,False,False,False,False,True,False,False,False,False,False,True,REVIEW,False
2017-12-01,TLKM,4150.0,4150.0,4150.0,4150.0,0,0.0,0.0,False,False,False,False,False,False,True,False,False,False,False,False,True,REVIEW,False
2017-12-25,TLKM,4300.0,4300.0,4300.0,4300.0,0,0.0,0.0,False,False,False,False,False,False,True,False,False,False,False,False,True,REVIEW,False
2017-12-26,TLKM,4300.0,4300.0,4300.0,4300.0,0,0.0,0.0,False,False,False,False,False,False,True,False,False,False,False,False,True,REVIEW,False
2018-01-01,TLKM,4440.0,4440.0,4440.0,4440.0,0,0.0,0.0,False,False,False,False,False,False,True,False,False,False,False,False,True,REVIEW,False
2018-02-16,TLKM,4010.0,4010.0,4010.0,4010.0,0,0.0,0.0,False,False,False,False,False,False,True,False,False,False,False,False,True,REVIEW,False
2018-03-30,TLKM,3600.0,3600.0,3600.0,3600.0,0,0.0,0.0,False,False,False,False,False,False,True,False,False,False,False,False,True,REVIEW,False
2018-04-16,TLKM,3660.0,3660.0,3660.0,3660.0,0,0.0,0.0,False,False,False,False,False,False,True,False,False,False,False,False,True,REVIEW,False
2018-04-17,TLKM,3660.0,3660.0,3660.0,3660.0,0,0.0,0.0,False,False,False,False,False,False,True,False,False,False,False,False,True,REVIEW,False
2018-04-19,TLKM,3770.0,3770.0,3770.0,3770.0,0,0.0,0.0,False,False,False,False,False,False,True,False,False,False,False,False,True,REVIEW,False
2018-04-20,TLKM,3770.0,3770.0,3770.0,3770.0,0,0.0,0.0,False,False,False,False,False,False,True,False,False,False,False,False,True,REVIEW,False
2018-04-25,TLKM,3830.0,3830.0,3830.0,3830.0,0,0.0,0.0,False,False,False,False,False,False,True,False,False,False,False,False,True,REVIEW,False
2018-04-26,TLKM,3830.0,3830.0,3830.0,3830.0,0,0.0,0.0,False,False,False,False,False,False,True,False,False,False,False,False,True,REVIEW,False
2018-04-27,TLKM,3830.0,3830.0,3830.0,3830.0,0,0.0,0.0,False,False,False,False,False,False,True,False,False,False,False,False,True,REVIEW,False
2018-05-01,TLKM,3830.0,3830.0,3830.0,3830.0,0,0.0,0.0,False,False,False,False,False,False,True,False,False,False,False,False,True,REVIEW,False
2018-05-08,TLKM,3650.0,3670.0,3570.0,3620.0,107379900,167.6598,0.0,False,False,False,False,False,False,False,False,True,False,True,False,False,PASS_WITH_CORPORATE_ACTION_FLAG,True
2018-05-10,TLKM,3700.0,3700.0,3700.0,3700.0,0,0.0,0.0,False,False,False,False,False,False,True,False,False,False,False,False,True,REVIEW,False
2018-05-29,TLKM,3690.0,3690.0,3690.0,3690.0,0,0.0,0.0,False,False,False,False,False,False,True,False,False,False,False,False,True,REVIEW,False
2018-06-01,TLKM,3520.0,3520.0,3520.0,3520.0,0,0.0,0.0,False,False,False,False,False,False,True,False,False,False,False,False,True,REVIEW,False
2018-06-11,TLKM,3610.0,3610.0,3610.0,3610.0,0,0.0,0.0,False,False,False,False,False,False,True,False,False,False,False,False,True,REVIEW,False
2018-06-12,TLKM,3610.0,3610.0,3610.0,3610.0,0,0.0,0.0,False,False,False,False,False,False,True,False,False,False,False,False,True,REVIEW,False
2018-06-13,TLKM,3610.0,3610.0,3610.0,3610.0,0,0.0,0.0,False,False,False,False,False,False,True,False,False,False,False,False,True,REVIEW,False
2018-06-14,TLKM,3610.0,3610.0,3610.0,3610.0,0,0.0,0.0,False,False,False,False,False,False,True,False,False,False,False,False,True,REVIEW,False
2018-06-15,TLKM,3610.0,3610.0,3610.0,3610.0,0,0.0,0.0,False,False,False,False,False,False,True,False,False,False,False,False,True,REVIEW,False
2018-06-18,TLKM,3610.0,3610.0,3610.0,3610.0,0,0.0,0.0,False,False,False,False,False,False,True,False,False,False,False,False,True,REVIEW,False
2018-06-19,TLKM,3610.0,3610.0,3610.0,3610.0,0,0.0,0.0,False,False,False,False,False,False,True,False,False,False,False,False,True,REVIEW,False
2018-08-17,TLKM,3350.0,3350.0,3350.0,3350.0,0,0.0,0.0,False,False,False,False,False,False,True,False,False,False,False,False,True,REVIEW,False
2018-08-22,TLKM,3350.0,3350.0,3350.0,3350.0,0,0.0,0.0,False,False,False,False,False,False,True,False,False,False,False,False,True,REVIEW,False
2018-09-11,TLKM,3380.0,3380.0,3380.0,3380.0,0,0.0,0.0,False,False,False,False,False,False,True,False,False,False,False,False,True,REVIEW,False
2018-11-20,TLKM,3950.0,3950.0,3950.0,3950.0,0,0.0,0.0,False,False,False,False,False,False,True,False,False,False,False,False,True,REVIEW,False
2018-12-24,TLKM,3760.0,3760.0,3760.0,3760.0,0,0.0,0.0,False,False,False,False,False,False,True,False,False,False,False,False,True,REVIEW,False
2018-12-25,TLKM,3760.0,3760.0,3760.0,3760.0,0,0.0,0.0,False,False,False,False,False,False,True,False,False,False,False,False,True,REVIEW,False
2018-12-31,TLKM,3750.0,3750.0,3750.0,3750.0,0,0.0,0.0,False,False,False,False,False,False,True,False,False,False,False,False,True,REVIEW,False
2019-01-01,TLKM,3750.0,3750.0,3750.0,3750.0,0,0.0,0.0,False,False,False,False,False,False,True,False,False,False,False,False,True,REVIEW,False
2019-02-05,TLKM,3780.0,3780.0,3780.0,3780.0,0,0.0,0.0,False,False,False,False,False,False,True,False,False,False,False,False,True,REVIEW,False
2019-03-07,TLKM,3820.0,3820.0,3820.0,3820.0,0,0.0,0.0,False,False,False,False,False,False,True,False,False,False,False,False,True,REVIEW,False
2019-04-03,TLKM,3930.0,3930.0,3930.0,3930.0,0,0.0,0.0,False,False,False,False,False,False,True,False,False,False,False,False,True,REVIEW,False
2019-04-17,TLKM,3870.0,3870.0,3870.0,3870.0,0,0.0,0.0,False,False,False,False,False,False,True,False,False,False,False,False,True,REVIEW,False
2019-04-19,TLKM,3860.0,3860.0,3860.0,3860.0,0,0.0,0.0,False,False,False,False,False,False,True,False,False,False,False,False,True,REVIEW,False
2019-05-01,TLKM,3790.0,3790.0,3790.0,3790.0,0,0.0,0.0,False,False,False,False,False,False,True,False,False,False,False,False,True,REVIEW,False
2019-05-30,TLKM,3780.0,3780.0,3780.0,3780.0,0,0.0,0.0,False,False,False,False,False,False,True,False,False,False,False,False,True,REVIEW,False
2019-06-03,TLKM,3900.0,3900.0,3900.0,3900.0,0,0.0,0.0,False,False,False,False,False,False,True,False,False,False,False,False,True,REVIEW,False
2019-06-04,TLKM,3900.0,3900.0,3900.0,3900.0,0,0.0,0.0,False,False,False,False,False,False,True,False,False,False,False,False,True,REVIEW,False
2019-06-05,TLKM,3900.0,3900.0,3900.0,3900.0,0,0.0,0.0,False,False,False,False,False,False,True,False,False,False,False,False,True,REVIEW,False
2019-06-06,TLKM,3900.0,3900.0,3900.0,3900.0,0,0.0,0.0,False,False,False,False,False,False,True,False,False,False,False,False,True,REVIEW,False
2019-06-07,TLKM,3900.0,3900.0,3900.0,3900.0,0,0.0,0.0,False,False,False,False,False,False,True,False,False,False,False,False,True,REVIEW,False
2019-06-12,TLKM,3880.0,3950.0,3840.0,3940.0,134724400,163.8225,0.0,False,False,False,False,False,False,False,False,True,False,True,False,False,PASS_WITH_CORPORATE_ACTION_FLAG,True
2020-03-13,TLKM,3310.0,3310.0,3310.0,3310.0,0,0.0,0.0,False,False,False,False,False,False,True,False,False,False,False,False,True,REVIEW,False
2020-06-30,TLKM,3090.0,3100.0,3050.0,3050.0,258068400,154.0682,0.0,False,False,False,False,False,False,False,False,True,False,True,False,False,PASS_WITH_CORPORATE_ACTION_FLAG,True
2021-06-09,TLKM,3340.0,3400.0,3310.0,3390.0,112204200,168.01,0.0,False,False,False,False,False,False,False,False,True,False,True,False,False,PASS_WITH_CORPORATE_ACTION_FLAG,True
2022-06-08,TLKM,4150.0,4170.0,4080.0,4100.0,202555900,149.9656,0.0,False,False,False,False,False,False,False,False,True,False,True,False,False,PASS_WITH_CORPORATE_ACTION_FLAG,True
2023-06-12,TLKM,4040.0,4050.0,4010.0,4050.0,94687300,167.5987,0.0,False,False,False,False,False,False,False,False,True,False,True,False,False,PASS_WITH_CORPORATE_ACTION_FLAG,True
2024-05-16,TLKM,2960.0,3050.0,2960.0,3010.0,196239200,178.50418,0.0,False,False,False,False,False,False,False,False,True,False,True,False,False,PASS_WITH_CORPORATE_ACTION_FLAG,True
2025-06-11,TLKM,2750.0,2810.0,2730.0,2800.0,200609800,212.4665,0.0,False,False,False,False,False,False,False,False,True,False,True,False,False,PASS_WITH_CORPORATE_ACTION_FLAG,True
2026-06-18,TLKM,2800.0,2800.0,2670.0,2780.0,210813900,223.16588,0.0,False,False,False,False,False,False,False,False,True,False,True,False,False,PASS_WITH_CORPORATE_ACTION_FLAG,True
