date,ticker,close,reference_entry,entry_status,opportunity_score,p3,p5,p8,p_target,rsi,ret20,ma20_dist,ma50_dist,ma200_dist,vol_ratio,atr14,atr_pct,swing_low20,rs20,liq20,regime,stop,target,target_pct,risk_pct,risk_reward,expected_value,target_band,target3,target5,target8,decision,decision_reason,why_positive,why_risk
2026-10-06,PTBA,3400.0,3400.0,NEXT_SESSION_OPEN_PENDING,78.95510385151083,0.6205485842236227,0.4958351275834808,0.40199917065484475,0.40199917065484475,71.27659574468085,0.1333333333333333,0.09289617486338808,0.24287176487790618,0.31761376194869784,1.8680138467537828,116.42857142857143,0.0342436974789916,2940.0,0.20714166734763007,110570193000.0,BEAR,3225.3571428571427,3672.0000000000005,0.08,0.051365546218487455,1.5574642126789375,0.0014432944139651793,8.0,3502.0,3570.0,3672.0000000000005,NO TRADE,Model evidence belum cukup kuat: peluang mencapai target belum memenuhi ambang riset.,"Harga berada di atas MA20 dan MA50, mendukung tren.",IHSG berada dalam regime bearish.
2026-10-06,BDMN,4910.0,4910.0,NEXT_SESSION_OPEN_PENDING,75.05724651692304,0.555315353373003,0.4562678265429041,0.3743128686459076,0.3743128686459076,75.25773195876289,0.11337868480725621,0.09512657522025214,0.12547563379635984,0.4031088806347414,2.982157831405006,122.14285714285714,0.024876345650276403,4210.0,0.18718701882155298,9108381000.0,BEAR,4726.785714285715,5276.428571428571,0.07462903695082905,0.037314518475414525,2.0,0.004587394882604866,8.0,5057.3,5155.5,5302.8,NO TRADE,Model evidence belum cukup kuat: peluang mencapai target belum memenuhi ambang riset.,"Harga berada di atas MA20 dan MA50, mendukung tren.",IHSG berada dalam regime bearish.
2026-10-06,SMMT,3300.0,3300.0,NEXT_SESSION_OPEN_PENDING,73.15412110589389,0.7515366327924952,0.6524947760894722,0.546497429620205,0.546497429620205,55.154639175257735,0.2043795620437956,0.07474352711284804,0.3654984069185254,0.8495943503299845,0.8177163690680923,269.2857142857143,0.0816017316017316,2600.0,0.27818789605809235,2626081000.0,BEAR,2896.0714285714284,3564.0000000000005,0.08,0.12240259740259744,0.6535809018567649,-0.011790098173624766,8.0,3399.0,3465.0,3564.0000000000005,NO TRADE,Risk/reward terlalu rendah: potensi imbalan belum cukup membayar risiko.,"Harga berada di atas MA20 dan MA50, mendukung tren.",Jarak stop terlalu lebar sehingga risiko modal tinggi.
2026-10-06,ULTJ,2070.0,2070.0,NEXT_SESSION_OPEN_PENDING,68.25337132699894,0.5369734121784144,0.46905363996554983,0.3814206121210084,0.3814206121210084,74.35897435897436,0.3354838709677419,0.0700439390023262,0.2428700090063045,0.3456850316918576,0.7853427753630422,68.21428571428571,0.032953761214630777,1490.0,0.40929220498203867,46040037000.0,BEAR,1967.6785714285716,2235.6000000000004,0.08,0.049430641821946106,1.6184293193717334,-6.312719100443065e-05,8.0,2132.1,2173.5,2235.6000000000004,NO TRADE,Model evidence belum cukup kuat: peluang mencapai target belum memenuhi ambang riset.,"Harga berada di atas MA20 dan MA50, mendukung tren.",IHSG berada dalam regime bearish.
2026-10-06,TINS,4670.0,4670.0,NEXT_SESSION_OPEN_PENDING,56.98925153307337,0.6585843235901222,0.5420283891135373,0.4466137548858765,0.4466137548858765,49.63503649635037,0.06136363636363629,-0.0036270535523789116,0.10115538788021694,0.2773062153474277,0.567109719062642,195.0,0.0417558886509636,4300.0,0.13517197037793305,177912786000.0,BEAR,4377.5,5043.6,0.08,0.0626338329764454,1.2772649572649586,0.0010683987429298408,8.0,4810.1,4903.5,5043.6,NO TRADE,Risk/reward terlalu rendah: potensi imbalan belum cukup membayar risiko.,Relative strength terhadap IHSG positif.,IHSG berada dalam regime bearish.
2026-10-06,ANTM,3250.0,3250.0,NEXT_SESSION_OPEN_PENDING,52.80473259989519,0.5928386780311691,0.4520173329715913,0.3158853304459138,0.3158853304459138,51.68539325842697,0.05519480519480524,0.009316770186335477,0.03973382813999615,-0.0027113669638904048,0.46639973612830765,110.71428571428571,0.03406593406593406,3030.0,0.129003139209102,258518297000.0,BEAR,3083.9285714285716,3510.0000000000005,0.08,0.051098901098901056,1.5655913978494664,-0.00968668140417852,8.0,3347.5,3412.5,3510.0000000000005,NO TRADE,Model evidence belum cukup kuat: peluang mencapai target belum memenuhi ambang riset.,"Harga berada di atas MA20 dan MA50, mendukung tren.",IHSG berada dalam regime bearish.
2026-10-06,PYFA,234.0,234.0,NEXT_SESSION_OPEN_PENDING,51.859113904121614,0.6527739006568063,0.6929391087678173,0.5828101967641127,0.5828101967641127,43.10344827586207,-0.14598540145985406,0.014964216005204811,0.01747978085050872,-0.24892876057196966,2.2143273698761368,16.071428571428573,0.06868131868131869,197.0,-0.0721770674455573,3225235900.0,BEAR,209.89285714285714,252.72000000000003,0.08,0.10302197802197804,0.7765333333333343,0.0036450970011680933,8.0,241.02,245.70000000000002,252.72000000000003,NO TRADE,Risk/reward terlalu rendah: potensi imbalan belum cukup membayar risiko.,"Harga berada di atas MA20 dan MA50, mendukung tren.",Jarak stop terlalu lebar sehingga risiko modal tinggi.
2026-10-06,INDY,2710.0,2710.0,NEXT_SESSION_OPEN_PENDING,50.65720524672337,0.666205904063319,0.5900691466511672,0.46890719085136306,0.46890719085136306,50.515463917525764,-0.03558718861209964,-0.004956856985496638,0.012024796474717991,-0.0490489665039604,0.6539708781077128,131.42857142857142,0.04849762783342119,2500.0,0.03822114540219712,39354250500.0,BEAR,2512.857142857143,2926.8,0.08,0.07274644175013169,1.0997101449275386,-0.00112253683653607,8.0,2791.3,2845.5,2926.8,NO TRADE,Risk/reward terlalu rendah: potensi imbalan belum cukup membayar risiko.,Relative strength terhadap IHSG positif.,IHSG berada dalam regime bearish.
2026-10-06,POWR,965.0,965.0,NEXT_SESSION_OPEN_PENDING,49.40184193690447,0.6263746008094987,0.49810154060826206,0.39901446139307906,0.39901446139307906,46.0,0.037634408602150504,-0.007712082262210762,0.09460072595281299,0.3162712749164869,0.17876475330848404,38.214285714285715,0.03960029607698001,900.0,0.11144274261644727,9141866250.0,BEAR,907.6785714285714,1042.2,0.08,0.059400444115470005,1.3467912772585682,-0.0037776509887797183,8.0,993.95,1013.25,1042.2,NO TRADE,Risk/reward terlalu rendah: potensi imbalan belum cukup membayar risiko.,Relative strength terhadap IHSG positif.,IHSG berada dalam regime bearish.
2026-10-06,TOWR,428.0,428.0,NEXT_SESSION_OPEN_PENDING,49.390956302152404,0.5909656331974897,0.477574418394378,0.37364186292317453,0.37364186292317453,46.55172413793104,-0.08936170212765959,0.01614434947768273,0.011916020427463536,-0.06255178005099238,1.5513467865331323,14.857142857142858,0.03471295060080107,374.0,-0.015553368113362831,21732824200.0,BEAR,405.7142857142857,462.24,0.08,0.05206942590120158,1.5364102564102573,-0.002722759572282459,8.0,440.84000000000003,449.40000000000003,462.24,NO TRADE,Model evidence belum cukup kuat: peluang mencapai target belum memenuhi ambang riset.,"Harga berada di atas MA20 dan MA50, mendukung tren.",IHSG berada dalam regime bearish.
2026-10-06,CLEO,422.0,422.0,NEXT_SESSION_OPEN_PENDING,48.814916561583956,0.46554648662752596,0.3327799771667856,0.2740122190752371,0.2740122190752371,50.0,0.004761904761904745,0.009086561453849784,0.046523162384684014,0.04159557632877786,1.044323206781501,11.142857142857142,0.026404874746106973,400.0,0.0785702387762015,5089736200.0,BEAR,405.2857142857143,455.42857142857144,0.07921462423832096,0.03960731211916048,2.0,-0.007048649663030395,8.0,434.66,443.1,455.76000000000005,NO TRADE,Model evidence belum cukup kuat: peluang mencapai target belum memenuhi ambang riset.,"Harga berada di atas MA20 dan MA50, mendukung tren.",IHSG berada dalam regime bearish.
2026-10-06,ADRO,2600.0,2600.0,NEXT_SESSION_OPEN_PENDING,47.03047527819939,0.5838183485863767,0.4477218755006973,0.37392041300649015,0.37392041300649015,50.0,-0.03345724907063197,0.005802707930367523,0.005958368799814373,0.12514671534512956,0.7934785577975064,87.85714285714286,0.033791208791208796,2390.0,0.040351084943664794,83586343000.0,BEAR,2468.214285714286,2808.0,0.08,0.05068681318681316,1.5783197831978328,-0.0018203460254979618,8.0,2678.0,2730.0,2808.0,NO TRADE,Model evidence belum cukup kuat: peluang mencapai target belum memenuhi ambang riset.,"Harga berada di atas MA20 dan MA50, mendukung tren.",IHSG berada dalam regime bearish.
2026-10-06,TOTL,1515.0,1515.0,NEXT_SESSION_OPEN_PENDING,46.03603229405686,0.5929298428292665,0.451791580561295,0.34441433706522656,0.34441433706522656,47.56097560975609,0.013377926421404673,-0.02131782945736438,0.04945968412302593,0.36190921513171936,0.8008116864916982,54.285714285714285,0.03583215464403583,1450.0,0.08718626043570143,3989520750.0,BEAR,1442.75,1636.2,0.08,0.04768976897689769,1.6775086505190318,-0.003711581844707535,8.0,1560.45,1590.75,1636.2,NO TRADE,Model evidence belum cukup kuat: peluang mencapai target belum memenuhi ambang riset.,Relative strength terhadap IHSG positif.,IHSG berada dalam regime bearish.
2026-10-06,PWON,266.0,266.0,NEXT_SESSION_OPEN_PENDING,45.70242818855814,0.5402904978304846,0.43353410771095485,0.32791517511648866,0.32791517511648866,48.38709677419355,-0.050000000000000044,0.00037608123354648804,0.0,-0.10309183800085231,1.2528536011533582,7.714285714285714,0.02900107411385607,250.0,0.023808334014296717,6921483700.0,BEAR,254.42857142857142,287.28000000000003,0.08,0.043501611170784146,1.839012345679013,-0.0030035587165479737,8.0,273.98,279.3,287.28000000000003,NO TRADE,Model evidence belum cukup kuat: peluang mencapai target belum memenuhi ambang riset.,Relative strength terhadap IHSG positif.,IHSG berada dalam regime bearish.
2026-10-06,KLBF,755.0,755.0,NEXT_SESSION_OPEN_PENDING,45.27000100980818,0.5104682998968195,0.448194038909958,0.3156090545732375,0.3156090545732375,48.14814814814815,-0.03205128205128205,0.01342281879194629,-0.012167996859871688,-0.15508664418600282,0.7286600259073027,21.071428571428573,0.027909176915799434,705.0,0.04175705196301471,42496849250.0,BEAR,723.3928571428571,815.4000000000001,0.08,0.041863765373699194,1.910960451977402,-0.00340245759737115,8.0,777.65,792.75,815.4000000000001,NO TRADE,Model evidence belum cukup kuat: peluang mencapai target belum memenuhi ambang riset.,Relative strength terhadap IHSG positif.,IHSG berada dalam regime bearish.
2026-10-06,ITMG,26100.0,26100.0,NEXT_SESSION_OPEN_PENDING,45.21606033429704,0.4645459330394438,0.321835262971352,0.2535022262723323,0.2535022262723323,48.87892376681614,-0.024299065420560706,0.013739865028887799,0.026084563520924586,0.09678185922804827,0.773841671674489,587.5,0.022509578544061302,24575.0,0.049509268593736055,31033671250.0,BEAR,25218.75,27862.5,0.06752873563218391,0.033764367816091954,2.0,-0.008086340585920362,8.0,26883.0,27405.0,28188.000000000004,NO TRADE,Model evidence belum cukup kuat: peluang mencapai target belum memenuhi ambang riset.,"Harga berada di atas MA20 dan MA50, mendukung tren.",IHSG berada dalam regime bearish.
2026-10-06,ASII,4820.0,4820.0,NEXT_SESSION_OPEN_PENDING,44.388476753994574,0.461446912216039,0.3238588041264191,0.2538830859437075,0.2538830859437075,48.23529411764706,-0.022312373225152116,0.008790288823775638,-0.006758984503791643,-0.12784931132394117,0.8571796876640756,105.71428571428571,0.021932424422050976,4510.0,0.051495960789144646,172047099000.0,BEAR,4661.428571428572,5137.142857142857,0.06579727326615288,0.03289863663307644,2.0,-0.007841414457837988,8.0,4964.6,5061.0,5205.6,NO TRADE,Model evidence belum cukup kuat: peluang mencapai target belum memenuhi ambang riset.,Relative strength terhadap IHSG positif.,IHSG berada dalam regime bearish.
2026-10-06,SIDO,354.0,354.0,NEXT_SESSION_OPEN_PENDING,44.04884305602208,0.4075586336105076,0.27771314664052876,0.2079452095700449,0.27771314664052876,60.0,-0.011173184357541888,0.010273972602739878,0.0029465095194922686,-0.19290136228674293,0.7049146520864565,5.714285714285714,0.016142050040355127,344.0,0.06263514965675487,5109420800.0,BEAR,345.42857142857144,371.1428571428571,0.048426150121065284,0.024213075060532642,2.0,-0.00404020726582115,5.0,364.62,371.7,382.32000000000005,NO TRADE,Model evidence belum cukup kuat: peluang mencapai target belum memenuhi ambang riset.,"Harga berada di atas MA20 dan MA50, mendukung tren.",IHSG berada dalam regime bearish.
2026-10-06,GJTL,1285.0,1285.0,NEXT_SESSION_OPEN_PENDING,42.613940277251054,0.5579239244568731,0.4397020717888079,0.31611966474452335,0.31611966474452335,40.42553191489362,-0.0688405797101449,-0.01039661147477855,-0.027178438943144867,0.1443446509613009,1.4630820156292401,36.07142857142857,0.028071150639244022,1200.0,0.004967754304151861,3699280500.0,BEAR,1230.892857142857,1387.8000000000002,0.08,0.04210672595886606,1.8999339933993422,-0.003506388685697935,8.0,1323.55,1349.25,1387.8000000000002,NO TRADE,Model evidence belum cukup kuat: peluang mencapai target belum memenuhi ambang riset.,Relative strength terhadap IHSG positif.,IHSG berada dalam regime bearish.
2026-10-06,MEDC,1440.0,1440.0,NEXT_SESSION_OPEN_PENDING,41.07393885222767,0.6427362551571515,0.5286835293281843,0.3969684072067211,0.3969684072067211,35.294117647058826,-0.061889250814332275,-0.029649595687331498,0.01939685685969139,0.008303660730465623,0.4628514559575378,66.07142857142857,0.045882936507936505,1350.0,0.011919083199964486,79109333250.0,BEAR,1343.25,1555.2,0.08,0.0671875,1.190697674418605,-0.008758712564260737,8.0,1483.2,1512.0,1555.2,NO TRADE,Risk/reward terlalu rendah: potensi imbalan belum cukup membayar risiko.,Relative strength terhadap IHSG positif.,IHSG berada dalam regime bearish.
