ticker,rows,first_date,last_date,missing_ohlcv_rows,bad_date_rows,nonpositive_price_rows,negative_volume_rows,ohlc_logic_error_rows,duplicate_ticker_date_rows,exact_duplicate_rows,max_gap_days,gaps_over_threshold,hard_issue_rows,issue_rows_total,integrity_grade,coverage_status,coverage_rows,coverage_first_date,coverage_last_date,coverage_lag_days,coverage_accepted,coverage_error
AADI,437,2024-12-05,2026-10-07,0,0,0,0,0,0,0,12.0,0,0,0,B,ACCEPTED,437.0,2024-12-05,2026-10-07,-2.0,True,
AALI,717,2023-10-09,2026-10-07,0,0,0,0,0,0,0,12.0,0,0,0,A,ACCEPTED,717.0,2023-10-09,2026-10-07,-2.0,True,
ABBA,717,2023-10-09,2026-10-06,0,0,0,0,0,0,0,12.0,0,0,0,A,ACCEPTED,717.0,2023-10-09,2026-10-06,-1.0,True,
ABDA,716,2023-10-09,2026-10-07,0,0,0,0,0,0,0,12.0,0,0,0,A,ACCEPTED,716.0,2023-10-09,2026-10-07,-2.0,True,
ABMM,716,2023-10-09,2026-10-07,0,0,0,0,0,0,0,12.0,0,0,0,A,ACCEPTED,716.0,2023-10-09,2026-10-07,-2.0,True,
ACES,716,2023-10-09,2026-10-07,0,0,0,0,0,0,0,12.0,0,0,0,A,ACCEPTED,716.0,2023-10-09,2026-10-07,-2.0,True,
ACRO,651,2024-01-11,2026-10-07,0,0,0,0,0,0,0,12.0,0,0,0,A,ACCEPTED,651.0,2024-01-11,2026-10-07,-2.0,True,
ACST,3264,2013-06-24,2026-10-05,0,0,0,0,0,0,0,12.0,0,0,0,A,,,,,,,
ADCP,718,2023-10-09,2026-10-06,0,0,0,0,0,0,0,12.0,0,0,0,A,ACCEPTED,718.0,2023-10-09,2026-10-06,-1.0,True,
ADES,4121,2010-01-04,2026-10-05,0,0,0,0,0,0,0,12.0,0,0,0,A,,,,,,,
ADHI,4122,2010-01-04,2026-10-05,0,0,0,0,1,0,0,12.0,0,1,1,C,,,,,,,
ADMF,717,2023-10-09,2026-10-07,0,0,0,0,1,0,0,12.0,0,1,1,C,ACCEPTED,717.0,2023-10-09,2026-10-07,-2.0,True,
ADMG,717,2023-10-09,2026-10-07,0,0,0,0,0,0,0,12.0,0,0,0,A,ACCEPTED,717.0,2023-10-09,2026-10-07,-2.0,True,
ADMR,716,2023-10-09,2026-10-07,0,0,0,0,0,0,0,12.0,0,0,0,A,ACCEPTED,716.0,2023-10-09,2026-10-07,-2.0,True,
ADRO,4119,2010-01-04,2026-10-05,0,0,0,0,1,0,0,12.0,0,1,1,C,,,,,,,
AGAR,718,2023-10-09,2026-10-07,0,0,0,0,0,0,0,12.0,0,0,0,A,ACCEPTED,718.0,2023-10-09,2026-10-07,-2.0,True,
AGII,716,2023-10-09,2026-10-07,0,0,0,0,0,0,0,12.0,0,0,0,A,ACCEPTED,716.0,2023-10-09,2026-10-07,-2.0,True,
AGRO,4120,2010-01-04,2026-10-05,0,0,0,0,1,0,0,12.0,0,1,1,C,,,,,,,
AGRS,716,2023-10-09,2026-10-07,0,0,0,0,0,0,0,12.0,0,0,0,A,ACCEPTED,716.0,2023-10-09,2026-10-07,-2.0,True,
AHAP,717,2023-10-09,2026-10-07,0,0,0,0,0,0,0,12.0,0,0,0,A,ACCEPTED,717.0,2023-10-09,2026-10-07,-2.0,True,
AIMS,717,2023-10-09,2026-10-07,0,0,0,0,0,0,0,12.0,0,0,0,A,ACCEPTED,717.0,2023-10-09,2026-10-07,-2.0,True,
AISA,716,2023-10-09,2026-10-07,0,0,0,0,0,0,0,12.0,0,0,0,A,ACCEPTED,716.0,2023-10-09,2026-10-07,-2.0,True,
AKKU,721,2023-10-09,2026-10-07,0,0,0,0,0,0,0,12.0,0,0,0,A,ACCEPTED,721.0,2023-10-09,2026-10-07,-2.0,True,
AKPI,717,2023-10-09,2026-10-07,0,0,0,0,0,0,0,12.0,0,0,0,A,ACCEPTED,717.0,2023-10-09,2026-10-07,-2.0,True,
AKRA,716,2023-10-09,2026-10-07,0,0,0,0,0,0,0,12.0,0,0,0,A,ACCEPTED,716.0,2023-10-09,2026-10-07,-2.0,True,
AKSI,717,2023-10-09,2026-10-07,0,0,0,0,0,0,0,12.0,0,0,0,A,ACCEPTED,717.0,2023-10-09,2026-10-07,-2.0,True,
ALDO,716,2023-10-09,2026-10-07,0,0,0,0,0,0,0,12.0,0,0,0,A,ACCEPTED,716.0,2023-10-09,2026-10-07,-2.0,True,
ALKA,718,2023-10-09,2026-10-07,0,0,0,0,0,0,0,12.0,0,0,0,A,ACCEPTED,718.0,2023-10-09,2026-10-07,-2.0,True,
ALMI,720,2023-10-09,2026-10-06,0,0,0,0,0,0,0,12.0,0,0,0,A,ACCEPTED,720.0,2023-10-09,2026-10-06,-1.0,True,
ALTO,3501,2012-07-10,2026-10-05,0,0,0,0,1,0,0,12.0,0,1,1,C,,,,,,,
AMAG,716,2023-10-09,2026-10-07,0,0,0,0,5,0,0,12.0,0,5,5,C,ACCEPTED,716.0,2023-10-09,2026-10-07,-2.0,True,
AMAN,716,2023-10-09,2026-10-07,0,0,0,0,0,0,0,12.0,0,0,0,A,ACCEPTED,716.0,2023-10-09,2026-10-07,-2.0,True,
AMAR,716,2023-10-09,2026-10-07,0,0,0,0,0,0,0,12.0,0,0,0,A,ACCEPTED,716.0,2023-10-09,2026-10-07,-2.0,True,
AMFG,717,2023-10-09,2026-10-07,0,0,0,0,0,0,0,12.0,0,0,0,A,ACCEPTED,717.0,2023-10-09,2026-10-07,-2.0,True,
AMIN,716,2023-10-09,2026-10-07,0,0,0,0,0,0,0,12.0,0,0,0,A,ACCEPTED,716.0,2023-10-09,2026-10-07,-2.0,True,
AMMN,716,2023-10-09,2026-10-07,0,0,0,0,0,0,0,12.0,0,0,0,A,ACCEPTED,716.0,2023-10-09,2026-10-07,-2.0,True,
AMMS,716,2023-10-09,2026-10-07,0,0,0,0,0,0,0,12.0,0,0,0,A,ACCEPTED,716.0,2023-10-09,2026-10-07,-2.0,True,
AMOR,716,2023-10-09,2026-10-07,0,0,0,0,0,0,0,12.0,0,0,0,A,ACCEPTED,716.0,2023-10-09,2026-10-07,-2.0,True,
AMRT,716,2023-10-09,2026-10-07,0,0,0,0,0,0,0,12.0,0,0,0,A,ACCEPTED,716.0,2023-10-09,2026-10-07,-2.0,True,
ANDI,716,2023-10-09,2026-10-07,0,0,0,0,0,0,0,12.0,0,0,0,A,ACCEPTED,716.0,2023-10-09,2026-10-07,-2.0,True,
ANJT,716,2023-10-09,2026-10-07,0,0,0,0,0,0,0,12.0,0,0,0,A,ACCEPTED,716.0,2023-10-09,2026-10-07,-2.0,True,
ANTM,4121,2010-01-04,2026-10-05,0,0,0,0,1,0,0,12.0,0,1,1,C,,,,,,,
APEX,717,2023-10-09,2026-10-07,0,0,0,0,0,0,0,12.0,0,0,0,A,ACCEPTED,717.0,2023-10-09,2026-10-07,-2.0,True,
APIC,716,2023-10-09,2026-10-07,0,0,0,0,0,0,0,12.0,0,0,0,A,ACCEPTED,716.0,2023-10-09,2026-10-07,-2.0,True,
APII,716,2023-10-09,2026-10-07,0,0,0,0,0,0,0,12.0,0,0,0,A,ACCEPTED,716.0,2023-10-09,2026-10-07,-2.0,True,
APLI,717,2023-10-09,2026-10-07,0,0,0,0,0,0,0,12.0,0,0,0,A,ACCEPTED,717.0,2023-10-09,2026-10-07,-2.0,True,
APLN,716,2023-10-09,2026-10-07,0,0,0,0,0,0,0,12.0,0,0,0,A,ACCEPTED,716.0,2023-10-09,2026-10-07,-2.0,True,
ARCI,716,2023-10-09,2026-10-07,0,0,0,0,0,0,0,12.0,0,0,0,A,ACCEPTED,716.0,2023-10-09,2026-10-07,-2.0,True,
AREA,600,2024-04-01,2026-10-07,0,0,0,0,0,0,0,12.0,0,0,0,A,ACCEPTED,600.0,2024-04-01,2026-10-07,-2.0,True,
ARGO,716,2023-10-09,2026-10-07,0,0,0,0,0,0,0,12.0,0,0,0,A,ACCEPTED,716.0,2023-10-09,2026-10-07,-2.0,True,
ARII,716,2023-10-09,2026-10-07,0,0,0,0,0,0,0,12.0,0,0,0,A,ACCEPTED,716.0,2023-10-09,2026-10-07,-2.0,True,
ARKA,717,2023-10-09,2026-10-06,0,0,0,0,0,0,0,12.0,0,0,0,A,ACCEPTED,717.0,2023-10-09,2026-10-06,-1.0,True,
ARKO,716,2023-10-09,2026-10-07,0,0,0,0,0,0,0,12.0,0,0,0,A,ACCEPTED,716.0,2023-10-09,2026-10-07,-2.0,True,
ARNA,717,2023-10-09,2026-10-07,0,0,0,0,0,0,0,12.0,0,0,0,A,ACCEPTED,717.0,2023-10-09,2026-10-07,-2.0,True,
ARTA,717,2023-10-09,2026-10-07,0,0,0,0,0,0,0,12.0,0,0,0,A,ACCEPTED,717.0,2023-10-09,2026-10-07,-2.0,True,
ARTI,720,2023-10-09,2026-10-06,0,0,0,0,0,0,0,12.0,0,0,0,A,ACCEPTED,720.0,2023-10-09,2026-10-06,-1.0,True,
ARTO,716,2023-10-09,2026-10-07,0,0,0,0,0,0,0,12.0,0,0,0,A,ACCEPTED,716.0,2023-10-09,2026-10-07,-2.0,True,
ASBI,717,2023-10-09,2026-10-07,0,0,0,0,0,0,0,12.0,0,0,0,A,ACCEPTED,717.0,2023-10-09,2026-10-07,-2.0,True,
ASDM,717,2023-10-09,2026-10-07,0,0,0,0,0,0,0,12.0,0,0,0,A,ACCEPTED,717.0,2023-10-09,2026-10-07,-2.0,True,
ASGR,717,2023-10-09,2026-10-07,0,0,0,0,0,0,0,12.0,0,0,0,A,ACCEPTED,717.0,2023-10-09,2026-10-07,-2.0,True,
ASHA,716,2023-10-09,2026-10-07,0,0,0,0,0,0,0,12.0,0,0,0,A,ACCEPTED,716.0,2023-10-09,2026-10-07,-2.0,True,
ASII,4120,2010-01-04,2026-10-05,0,0,0,0,0,0,0,12.0,0,0,0,A,,,,,,,
ASJT,716,2023-10-09,2026-10-07,0,0,0,0,0,0,0,12.0,0,0,0,A,ACCEPTED,716.0,2023-10-09,2026-10-07,-2.0,True,
ASLC,716,2023-10-09,2026-10-07,0,0,0,0,0,0,0,12.0,0,0,0,A,ACCEPTED,716.0,2023-10-09,2026-10-07,-2.0,True,
ASLI,655,2024-01-05,2026-10-07,0,0,0,0,0,0,0,12.0,0,0,0,A,ACCEPTED,655.0,2024-01-05,2026-10-07,-2.0,True,
ASMI,716,2023-10-09,2026-10-07,0,0,0,0,0,0,0,12.0,0,0,0,A,ACCEPTED,716.0,2023-10-09,2026-10-07,-2.0,True,
ASPI,715,2023-10-09,2026-10-06,0,0,0,0,0,0,0,12.0,0,0,0,A,ACCEPTED,715.0,2023-10-09,2026-10-06,-1.0,True,
ASPR,307,2025-07-08,2026-10-07,0,0,0,0,0,0,0,8.0,0,0,0,B,ACCEPTED,307.0,2025-07-08,2026-10-07,-2.0,True,
ASRI,716,2023-10-09,2026-10-07,0,0,0,0,0,0,0,12.0,0,0,0,A,ACCEPTED,716.0,2023-10-09,2026-10-07,-2.0,True,
ASRM,717,2023-10-09,2026-10-07,0,0,0,0,0,0,0,12.0,0,0,0,A,ACCEPTED,717.0,2023-10-09,2026-10-07,-2.0,True,
ASSA,716,2023-10-09,2026-10-07,0,0,0,0,0,0,0,12.0,0,0,0,A,ACCEPTED,716.0,2023-10-09,2026-10-07,-2.0,True,
ATAP,716,2023-10-09,2026-10-07,0,0,0,0,0,0,0,12.0,0,0,0,A,ACCEPTED,716.0,2023-10-09,2026-10-07,-2.0,True,
ATIC,716,2023-10-09,2026-10-07,0,0,0,0,0,0,0,12.0,0,0,0,A,ACCEPTED,716.0,2023-10-09,2026-10-07,-2.0,True,
ATLA,595,2024-04-16,2026-10-07,0,0,0,0,0,0,0,12.0,0,0,0,A,ACCEPTED,595.0,2024-04-16,2026-10-07,-2.0,True,
AUTO,717,2023-10-09,2026-10-07,0,0,0,0,0,0,0,12.0,0,0,0,A,ACCEPTED,717.0,2023-10-09,2026-10-07,-2.0,True,
AVIA,716,2023-10-09,2026-10-07,0,0,0,0,0,0,0,12.0,0,0,0,A,ACCEPTED,716.0,2023-10-09,2026-10-07,-2.0,True,
AWAN,716,2023-10-09,2026-10-07,0,0,0,0,0,0,0,12.0,0,0,0,A,ACCEPTED,716.0,2023-10-09,2026-10-07,-2.0,True,
AXIO,716,2023-10-09,2026-10-07,0,0,0,0,0,0,0,12.0,0,0,0,A,ACCEPTED,716.0,2023-10-09,2026-10-07,-2.0,True,
AYLS,716,2023-10-09,2026-10-07,0,0,0,0,0,0,0,12.0,0,0,0,A,ACCEPTED,716.0,2023-10-09,2026-10-07,-2.0,True,
BABP,717,2023-10-09,2026-10-07,0,0,0,0,0,0,0,12.0,0,0,0,A,ACCEPTED,717.0,2023-10-09,2026-10-07,-2.0,True,
BABY,716,2023-10-09,2026-10-07,0,0,0,0,0,0,0,12.0,0,0,0,A,ACCEPTED,716.0,2023-10-09,2026-10-07,-2.0,True,
BACA,716,2023-10-09,2026-10-07,0,0,0,0,0,0,0,12.0,0,0,0,A,ACCEPTED,716.0,2023-10-09,2026-10-07,-2.0,True,
BAIK,632,2024-02-15,2026-10-07,0,0,0,0,0,0,0,12.0,0,0,0,A,ACCEPTED,632.0,2024-02-15,2026-10-07,-2.0,True,
BAJA,717,2023-10-09,2026-10-07,0,0,0,0,0,0,0,12.0,0,0,0,A,ACCEPTED,717.0,2023-10-09,2026-10-07,-2.0,True,
BALI,3081,2014-03-13,2026-10-05,0,0,0,0,0,0,0,12.0,0,0,0,A,,,,,,,
BANK,716,2023-10-09,2026-10-07,0,0,0,0,0,0,0,12.0,0,0,0,A,ACCEPTED,716.0,2023-10-09,2026-10-07,-2.0,True,
BAPA,719,2023-10-09,2026-10-07,0,0,0,0,0,0,0,12.0,0,0,0,A,ACCEPTED,719.0,2023-10-09,2026-10-07,-2.0,True,
BAPI,716,2023-10-09,2026-10-07,0,0,0,0,0,0,0,12.0,0,0,0,A,ACCEPTED,716.0,2023-10-09,2026-10-07,-2.0,True,
BATA,717,2023-10-09,2026-10-06,0,0,0,0,0,0,0,12.0,0,0,0,A,ACCEPTED,717.0,2023-10-09,2026-10-06,-1.0,True,
BATR,561,2024-06-10,2026-10-07,0,0,0,0,0,0,0,12.0,0,0,0,A,ACCEPTED,561.0,2024-06-10,2026-10-07,-2.0,True,
BAUT,716,2023-10-09,2026-10-07,0,0,0,0,0,0,0,12.0,0,0,0,A,ACCEPTED,716.0,2023-10-09,2026-10-07,-2.0,True,
BAYU,717,2023-10-09,2026-10-07,0,0,0,0,0,0,0,12.0,0,0,0,A,ACCEPTED,717.0,2023-10-09,2026-10-07,-2.0,True,
BBCA,4120,2010-01-04,2026-10-05,0,0,0,0,0,0,0,12.0,0,0,0,A,,,,,,,
BBHI,716,2023-10-09,2026-10-07,0,0,0,0,0,0,0,12.0,0,0,0,A,ACCEPTED,716.0,2023-10-09,2026-10-07,-2.0,True,
BBKP,717,2023-10-09,2026-10-07,0,0,0,0,0,0,0,12.0,0,0,0,A,ACCEPTED,717.0,2023-10-09,2026-10-07,-2.0,True,
BBLD,716,2023-10-09,2026-10-07,0,0,0,0,0,0,0,12.0,0,0,0,A,ACCEPTED,716.0,2023-10-09,2026-10-07,-2.0,True,
BBMD,717,2023-10-09,2026-10-07,0,0,0,0,0,0,0,12.0,0,0,0,A,ACCEPTED,717.0,2023-10-09,2026-10-07,-2.0,True,
BBNI,4121,2010-01-04,2026-10-05,0,0,0,0,0,0,0,12.0,0,0,0,A,,,,,,,
BBRI,4121,2010-01-04,2026-10-05,0,0,0,0,1,0,0,12.0,0,1,1,C,,,,,,,
BBRM,716,2023-10-09,2026-10-07,0,0,0,0,0,0,0,12.0,0,0,0,A,ACCEPTED,716.0,2023-10-09,2026-10-07,-2.0,True,
BBSI,716,2023-10-09,2026-10-07,0,0,0,0,0,0,0,12.0,0,0,0,A,ACCEPTED,716.0,2023-10-09,2026-10-07,-2.0,True,
BBSS,716,2023-10-09,2026-10-07,0,0,0,0,0,0,0,12.0,0,0,0,A,ACCEPTED,716.0,2023-10-09,2026-10-07,-2.0,True,
BBTN,716,2023-10-09,2026-10-07,0,0,0,0,0,0,0,12.0,0,0,0,A,ACCEPTED,716.0,2023-10-09,2026-10-07,-2.0,True,
BBYB,716,2023-10-09,2026-10-07,0,0,0,0,0,0,0,12.0,0,0,0,A,ACCEPTED,716.0,2023-10-09,2026-10-07,-2.0,True,
BCAP,717,2023-10-09,2026-10-07,0,0,0,0,0,0,0,12.0,0,0,0,A,ACCEPTED,717.0,2023-10-09,2026-10-07,-2.0,True,
BCIC,716,2023-10-09,2026-10-07,0,0,0,0,0,0,0,12.0,0,0,0,A,ACCEPTED,716.0,2023-10-09,2026-10-07,-2.0,True,
BCIP,716,2023-10-09,2026-10-07,0,0,0,0,0,0,0,12.0,0,0,0,A,ACCEPTED,716.0,2023-10-09,2026-10-07,-2.0,True,
BDKR,716,2023-10-09,2026-10-07,0,0,0,0,0,0,0,12.0,0,0,0,A,ACCEPTED,716.0,2023-10-09,2026-10-07,-2.0,True,
BDMN,4121,2010-01-04,2026-10-05,0,0,0,0,0,0,0,12.0,0,0,0,A,,,,,,,
BEBS,720,2023-10-09,2026-10-06,0,0,0,0,0,0,0,12.0,0,0,0,A,ACCEPTED,720.0,2023-10-09,2026-10-06,-1.0,True,
BEEF,716,2023-10-09,2026-10-07,0,0,0,0,0,0,0,12.0,0,0,0,A,ACCEPTED,716.0,2023-10-09,2026-10-07,-2.0,True,
BEER,716,2023-10-09,2026-10-07,0,0,0,0,0,0,0,12.0,0,0,0,A,ACCEPTED,716.0,2023-10-09,2026-10-07,-2.0,True,
BEKS,716,2023-10-09,2026-10-07,0,0,0,0,0,0,0,12.0,0,0,0,A,ACCEPTED,716.0,2023-10-09,2026-10-07,-2.0,True,
BELI,716,2023-10-09,2026-10-07,0,0,0,0,0,0,0,12.0,0,0,0,A,ACCEPTED,716.0,2023-10-09,2026-10-07,-2.0,True,
BELL,716,2023-10-09,2026-10-07,0,0,0,0,0,0,0,12.0,0,0,0,A,ACCEPTED,716.0,2023-10-09,2026-10-07,-2.0,True,
BESS,716,2023-10-09,2026-10-07,0,0,0,0,0,0,0,12.0,0,0,0,A,ACCEPTED,716.0,2023-10-09,2026-10-07,-2.0,True,
BEST,716,2023-10-09,2026-10-07,0,0,0,0,0,0,0,12.0,0,0,0,A,ACCEPTED,716.0,2023-10-09,2026-10-07,-2.0,True,
BFIN,717,2023-10-09,2026-10-07,0,0,0,0,1,0,0,12.0,0,1,1,C,ACCEPTED,717.0,2023-10-09,2026-10-07,-2.0,True,
BGTG,716,2023-10-09,2026-10-07,0,0,0,0,0,0,0,12.0,0,0,0,A,ACCEPTED,716.0,2023-10-09,2026-10-07,-2.0,True,
BHAT,717,2023-10-09,2026-10-06,0,0,0,0,0,0,0,12.0,0,0,0,A,ACCEPTED,717.0,2023-10-09,2026-10-06,-1.0,True,
BHIT,717,2023-10-09,2026-10-07,0,0,0,0,0,0,0,12.0,0,0,0,A,ACCEPTED,717.0,2023-10-09,2026-10-07,-2.0,True,
BIKA,720,2023-10-09,2026-10-06,0,0,0,0,0,0,0,12.0,0,0,0,A,ACCEPTED,720.0,2023-10-09,2026-10-06,-1.0,True,
BIKE,719,2023-10-09,2026-10-06,0,0,0,0,0,0,0,12.0,0,0,0,A,ACCEPTED,719.0,2023-10-09,2026-10-06,-1.0,True,
BIMA,720,2023-10-09,2026-10-06,0,0,0,0,0,0,0,12.0,0,0,0,A,ACCEPTED,720.0,2023-10-09,2026-10-06,-1.0,True,
BINA,716,2023-10-09,2026-10-07,0,0,0,0,0,0,0,12.0,0,0,0,A,ACCEPTED,716.0,2023-10-09,2026-10-07,-2.0,True,
BINO,716,2023-10-09,2026-10-07,0,0,0,0,0,0,0,12.0,0,0,0,A,ACCEPTED,716.0,2023-10-09,2026-10-07,-2.0,True,
BIPI,716,2023-10-09,2026-10-07,0,0,0,0,0,0,0,12.0,0,0,0,A,ACCEPTED,716.0,2023-10-09,2026-10-07,-2.0,True,
BIPP,717,2023-10-09,2026-10-07,0,0,0,0,0,0,0,12.0,0,0,0,A,ACCEPTED,717.0,2023-10-09,2026-10-07,-2.0,True,
BIRD,716,2023-10-09,2026-10-07,0,0,0,0,0,0,0,12.0,0,0,0,A,ACCEPTED,716.0,2023-10-09,2026-10-07,-2.0,True,
BISI,716,2023-10-09,2026-10-07,0,0,0,0,0,0,0,12.0,0,0,0,A,ACCEPTED,716.0,2023-10-09,2026-10-07,-2.0,True,
BJBR,3992,2010-07-08,2026-10-05,0,0,0,0,0,0,0,12.0,0,0,0,A,,,,,,,
BJTM,3494,2012-07-12,2026-10-05,0,0,0,0,0,0,0,12.0,0,0,0,A,,,,,,,
BKDP,720,2023-10-09,2026-10-07,0,0,0,0,0,0,0,12.0,0,0,0,A,ACCEPTED,720.0,2023-10-09,2026-10-07,-2.0,True,
BKSL,4121,2010-01-04,2026-10-05,0,0,0,0,0,0,0,12.0,0,0,0,A,,,,,,,
BKSW,717,2023-10-09,2026-10-07,0,0,0,0,0,0,0,12.0,0,0,0,A,ACCEPTED,717.0,2023-10-09,2026-10-07,-2.0,True,
BLES,543,2024-07-08,2026-10-07,0,0,0,0,0,0,0,12.0,0,0,0,A,ACCEPTED,543.0,2024-07-08,2026-10-07,-2.0,True,
BLOG,305,2025-07-10,2026-10-07,0,0,0,0,0,0,0,8.0,0,0,0,B,ACCEPTED,305.0,2025-07-10,2026-10-07,-2.0,True,
BLTA,717,2023-10-09,2026-10-07,0,0,0,0,0,0,0,12.0,0,0,0,A,ACCEPTED,717.0,2023-10-09,2026-10-07,-2.0,True,
BLTZ,718,2023-10-09,2026-10-07,0,0,0,0,0,0,0,12.0,0,0,0,A,ACCEPTED,718.0,2023-10-09,2026-10-07,-2.0,True,
BLUE,716,2023-10-09,2026-10-07,0,0,0,0,0,0,0,12.0,0,0,0,A,ACCEPTED,716.0,2023-10-09,2026-10-07,-2.0,True,
BMAS,716,2023-10-09,2026-10-07,0,0,0,0,0,0,0,12.0,0,0,0,A,ACCEPTED,716.0,2023-10-09,2026-10-07,-2.0,True,
BMBL,716,2023-10-09,2026-10-07,0,0,0,0,0,0,0,12.0,0,0,0,A,ACCEPTED,716.0,2023-10-09,2026-10-07,-2.0,True,
BMHS,716,2023-10-09,2026-10-07,0,0,0,0,0,0,0,12.0,0,0,0,A,ACCEPTED,716.0,2023-10-09,2026-10-07,-2.0,True,
BMRI,4121,2010-01-04,2026-10-05,0,0,0,0,2,0,0,12.0,0,2,2,C,,,,,,,
BMSR,717,2023-10-09,2026-10-07,0,0,0,0,0,0,0,12.0,0,0,0,A,ACCEPTED,717.0,2023-10-09,2026-10-07,-2.0,True,
BMTR,717,2023-10-09,2026-10-07,0,0,0,0,0,0,0,12.0,0,0,0,A,ACCEPTED,717.0,2023-10-09,2026-10-07,-2.0,True,
BNBA,716,2023-10-09,2026-10-07,0,0,0,0,0,0,0,12.0,0,0,0,A,ACCEPTED,716.0,2023-10-09,2026-10-07,-2.0,True,
BNBR,720,2023-10-09,2026-10-07,0,0,0,0,0,0,0,12.0,0,0,0,A,ACCEPTED,720.0,2023-10-09,2026-10-07,-2.0,True,
BNGA,4120,2010-01-04,2026-10-05,0,0,0,0,0,0,0,12.0,0,0,0,A,,,,,,,
BNII,4120,2010-01-04,2026-10-05,0,0,0,0,0,0,0,12.0,0,0,0,A,,,,,,,
BNLI,4121,2010-01-04,2026-10-05,0,0,0,0,2,0,0,12.0,0,2,2,C,,,,,,,
BOAT,453,2024-11-12,2026-10-07,0,0,0,0,0,0,0,12.0,0,0,0,B,ACCEPTED,453.0,2024-11-12,2026-10-07,-2.0,True,
BOBA,716,2023-10-09,2026-10-07,0,0,0,0,0,0,0,12.0,0,0,0,A,ACCEPTED,716.0,2023-10-09,2026-10-07,-2.0,True,
BOGA,717,2023-10-09,2026-10-07,0,0,0,0,0,0,0,12.0,0,0,0,A,ACCEPTED,717.0,2023-10-09,2026-10-07,-2.0,True,
BOLA,716,2023-10-09,2026-10-07,0,0,0,0,0,0,0,12.0,0,0,0,A,ACCEPTED,716.0,2023-10-09,2026-10-07,-2.0,True,
BOLT,2758,2015-07-07,2026-10-05,0,0,0,0,0,0,0,12.0,0,0,0,A,,,,,,,
BOSS,720,2023-10-09,2026-10-06,0,0,0,0,0,0,0,12.0,0,0,0,A,ACCEPTED,720.0,2023-10-09,2026-10-06,-1.0,True,
BPFI,716,2023-10-09,2026-10-07,0,0,0,0,0,0,0,12.0,0,0,0,A,ACCEPTED,716.0,2023-10-09,2026-10-07,-2.0,True,
BPII,715,2023-10-09,2026-10-06,0,0,0,0,0,0,0,12.0,0,0,0,A,ACCEPTED,715.0,2023-10-09,2026-10-06,-1.0,True,
BPTR,716,2023-10-09,2026-10-07,0,0,0,0,0,0,0,12.0,0,0,0,A,ACCEPTED,716.0,2023-10-09,2026-10-07,-2.0,True,
BRAM,716,2023-10-09,2026-10-06,0,0,0,0,0,0,0,12.0,0,0,0,A,ACCEPTED,716.0,2023-10-09,2026-10-06,-1.0,True,
BREN,716,2023-10-09,2026-10-07,0,0,0,0,0,0,0,12.0,0,0,0,A,ACCEPTED,716.0,2023-10-09,2026-10-07,-2.0,True,
BRIS,716,2023-10-09,2026-10-07,0,0,0,0,0,0,0,12.0,0,0,0,A,ACCEPTED,716.0,2023-10-09,2026-10-07,-2.0,True,
BRMS,3890,2010-12-09,2026-10-05,0,0,0,0,1,0,0,12.0,0,1,1,C,,,,,,,
BRNA,717,2023-10-09,2026-10-07,0,0,0,0,0,0,0,12.0,0,0,0,A,ACCEPTED,717.0,2023-10-09,2026-10-07,-2.0,True,
BRPT,717,2023-10-09,2026-10-07,0,0,0,0,0,0,0,12.0,0,0,0,A,ACCEPTED,717.0,2023-10-09,2026-10-07,-2.0,True,
BSBK,716,2023-10-09,2026-10-07,0,0,0,0,0,0,0,12.0,0,0,0,A,ACCEPTED,716.0,2023-10-09,2026-10-07,-2.0,True,
BSDE,4119,2010-01-04,2026-10-05,0,0,0,0,2,0,0,12.0,0,2,2,C,,,,,,,
BSIM,3849,2011-02-08,2026-10-05,0,0,0,0,2,0,0,12.0,0,2,2,C,,,,,,,
BSML,716,2023-10-09,2026-10-07,0,0,0,0,0,0,0,12.0,0,0,0,A,ACCEPTED,716.0,2023-10-09,2026-10-07,-2.0,True,
BSSR,716,2023-10-09,2026-10-07,0,0,0,0,0,0,0,12.0,0,0,0,A,ACCEPTED,716.0,2023-10-09,2026-10-07,-2.0,True,
BSWD,719,2023-10-09,2026-10-06,0,0,0,0,0,0,0,12.0,0,0,0,A,ACCEPTED,719.0,2023-10-09,2026-10-06,-1.0,True,
BTEK,716,2023-10-09,2026-10-07,0,0,0,0,0,0,0,12.0,0,0,0,A,ACCEPTED,716.0,2023-10-09,2026-10-07,-2.0,True,
BTON,717,2023-10-09,2026-10-07,0,0,0,0,0,0,0,12.0,0,0,0,A,ACCEPTED,717.0,2023-10-09,2026-10-07,-2.0,True,
BTPN,4119,2010-01-04,2026-10-05,0,0,0,0,2,0,0,12.0,0,2,2,C,,,,,,,
BTPS,716,2023-10-09,2026-10-07,0,0,0,0,0,0,0,12.0,0,0,0,A,ACCEPTED,716.0,2023-10-09,2026-10-07,-2.0,True,
BUAH,716,2023-10-09,2026-10-07,0,0,0,0,0,0,0,12.0,0,0,0,A,ACCEPTED,716.0,2023-10-09,2026-10-07,-2.0,True,
BUDI,4120,2010-01-04,2026-10-05,0,0,0,0,1,0,0,12.0,0,1,1,C,,,,,,,
BUKA,1243,2021-08-06,2026-10-05,0,0,0,0,0,0,0,12.0,0,0,0,A,,,,,,,
BUKK,717,2023-10-09,2026-10-07,0,0,0,0,0,0,0,12.0,0,0,0,A,ACCEPTED,717.0,2023-10-09,2026-10-07,-2.0,True,
BULL,716,2023-10-09,2026-10-07,0,0,0,0,0,0,0,12.0,0,0,0,A,ACCEPTED,716.0,2023-10-09,2026-10-07,-2.0,True,
BUMI,717,2023-10-09,2026-10-07,0,0,0,0,0,0,0,12.0,0,0,0,A,ACCEPTED,717.0,2023-10-09,2026-10-07,-2.0,True,
BUVA,716,2023-10-09,2026-10-07,0,0,0,0,0,0,0,12.0,0,0,0,A,ACCEPTED,716.0,2023-10-09,2026-10-07,-2.0,True,
BVIC,716,2023-10-09,2026-10-07,0,0,0,0,0,0,0,12.0,0,0,0,A,ACCEPTED,716.0,2023-10-09,2026-10-07,-2.0,True,
BWPT,716,2023-10-09,2026-10-07,0,0,0,0,0,0,0,12.0,0,0,0,A,ACCEPTED,716.0,2023-10-09,2026-10-07,-2.0,True,
BYAN,716,2023-10-09,2026-10-07,0,0,0,0,0,0,0,12.0,0,0,0,A,ACCEPTED,716.0,2023-10-09,2026-10-07,-2.0,True,
CAKK,716,2023-10-09,2026-10-07,0,0,0,0,0,0,0,12.0,0,0,0,A,ACCEPTED,716.0,2023-10-09,2026-10-07,-2.0,True,
CAMP,716,2023-10-09,2026-10-07,0,0,0,0,0,0,0,12.0,0,0,0,A,ACCEPTED,716.0,2023-10-09,2026-10-07,-2.0,True,
CANI,717,2023-10-09,2026-10-06,0,0,0,0,0,0,0,12.0,0,0,0,A,ACCEPTED,717.0,2023-10-09,2026-10-06,-1.0,True,
CARE,716,2023-10-09,2026-10-07,0,0,0,0,0,0,0,12.0,0,0,0,A,ACCEPTED,716.0,2023-10-09,2026-10-07,-2.0,True,
CARS,716,2023-10-09,2026-10-07,0,0,0,0,0,0,0,12.0,0,0,0,A,ACCEPTED,716.0,2023-10-09,2026-10-07,-2.0,True,
CASA,716,2023-10-09,2026-10-07,0,0,0,0,0,0,0,12.0,0,0,0,A,ACCEPTED,716.0,2023-10-09,2026-10-07,-2.0,True,
CASH,716,2023-10-09,2026-10-07,0,0,0,0,0,0,0,12.0,0,0,0,A,ACCEPTED,716.0,2023-10-09,2026-10-07,-2.0,True,
CASS,716,2023-10-09,2026-10-07,0,0,0,0,0,0,0,12.0,0,0,0,A,ACCEPTED,716.0,2023-10-09,2026-10-07,-2.0,True,
CBDK,414,2025-01-13,2026-10-07,0,0,0,0,0,0,0,12.0,0,0,0,B,ACCEPTED,414.0,2025-01-13,2026-10-07,-2.0,True,
CBPE,716,2023-10-09,2026-10-07,0,0,0,0,0,0,0,12.0,0,0,0,A,ACCEPTED,716.0,2023-10-09,2026-10-07,-2.0,True,
CBRE,716,2023-10-09,2026-10-07,0,0,0,0,0,0,0,12.0,0,0,0,A,ACCEPTED,716.0,2023-10-09,2026-10-07,-2.0,True,
CBUT,716,2023-10-09,2026-10-07,0,0,0,0,0,0,0,12.0,0,0,0,A,ACCEPTED,716.0,2023-10-09,2026-10-07,-2.0,True,
CCSI,716,2023-10-09,2026-10-07,0,0,0,0,0,0,0,12.0,0,0,0,A,ACCEPTED,716.0,2023-10-09,2026-10-07,-2.0,True,
CDIA,306,2025-07-09,2026-10-07,0,0,0,0,0,0,0,8.0,0,0,0,B,ACCEPTED,306.0,2025-07-09,2026-10-07,-2.0,True,
CEKA,4120,2010-01-04,2026-10-05,0,0,0,0,3,0,0,12.0,0,3,3,C,,,,,,,
CENT,717,2023-10-09,2026-10-07,0,0,0,0,0,0,0,12.0,0,0,0,A,ACCEPTED,717.0,2023-10-09,2026-10-07,-2.0,True,
CFIN,717,2023-10-09,2026-10-07,0,0,0,0,0,0,0,12.0,0,0,0,A,ACCEPTED,717.0,2023-10-09,2026-10-07,-2.0,True,
CGAS,654,2024-01-08,2026-10-07,0,0,0,0,0,0,0,12.0,0,0,0,A,ACCEPTED,654.0,2024-01-08,2026-10-07,-2.0,True,
CHEK,305,2025-07-10,2026-10-07,0,0,0,0,0,0,0,8.0,0,0,0,B,ACCEPTED,305.0,2025-07-10,2026-10-07,-2.0,True,
CHEM,716,2023-10-09,2026-10-07,0,0,0,0,0,0,0,12.0,0,0,0,A,ACCEPTED,716.0,2023-10-09,2026-10-07,-2.0,True,
CHIP,716,2023-10-09,2026-10-07,0,0,0,0,0,0,0,12.0,0,0,0,A,ACCEPTED,716.0,2023-10-09,2026-10-07,-2.0,True,
CINT,716,2023-10-09,2026-10-07,0,0,0,0,0,0,0,12.0,0,0,0,A,ACCEPTED,716.0,2023-10-09,2026-10-07,-2.0,True,
CITA,716,2023-10-09,2026-10-07,0,0,0,0,1,0,0,12.0,0,1,1,C,ACCEPTED,716.0,2023-10-09,2026-10-07,-2.0,True,
CITY,716,2023-10-09,2026-10-07,0,0,0,0,0,0,0,12.0,0,0,0,A,ACCEPTED,716.0,2023-10-09,2026-10-07,-2.0,True,
CLAY,716,2023-10-09,2026-10-07,0,0,0,0,0,0,0,12.0,0,0,0,A,ACCEPTED,716.0,2023-10-09,2026-10-07,-2.0,True,
CLEO,2318,2017-05-05,2026-10-05,0,0,0,0,0,0,0,12.0,0,0,0,A,,,,,,,
CLPI,717,2023-10-09,2026-10-07,0,0,0,0,0,0,0,12.0,0,0,0,A,ACCEPTED,717.0,2023-10-09,2026-10-07,-2.0,True,
CMNP,717,2023-10-09,2026-10-07,0,0,0,0,0,0,0,12.0,0,0,0,A,ACCEPTED,717.0,2023-10-09,2026-10-07,-2.0,True,
CMNT,716,2023-10-09,2026-10-07,0,0,0,0,0,0,0,12.0,0,0,0,A,ACCEPTED,716.0,2023-10-09,2026-10-07,-2.0,True,
CMPP,717,2023-10-09,2026-10-06,0,0,0,0,0,0,0,12.0,0,0,0,A,ACCEPTED,717.0,2023-10-09,2026-10-06,-1.0,True,
CMRY,716,2023-10-09,2026-10-07,0,0,0,0,0,0,0,12.0,0,0,0,A,ACCEPTED,716.0,2023-10-09,2026-10-07,-2.0,True,
CNKO,717,2023-10-09,2026-10-06,0,0,0,0,0,0,0,12.0,0,0,0,A,ACCEPTED,717.0,2023-10-09,2026-10-06,-1.0,True,
CNMA,716,2023-10-09,2026-10-07,0,0,0,0,0,0,0,12.0,0,0,0,A,ACCEPTED,716.0,2023-10-09,2026-10-07,-2.0,True,
COAL,717,2023-10-09,2026-10-06,0,0,0,0,0,0,0,12.0,0,0,0,A,ACCEPTED,717.0,2023-10-09,2026-10-06,-1.0,True,
COCO,716,2023-10-09,2026-10-07,0,0,0,0,0,0,0,12.0,0,0,0,A,ACCEPTED,716.0,2023-10-09,2026-10-07,-2.0,True,
COIN,306,2025-07-09,2026-10-07,0,0,0,0,0,0,0,8.0,0,0,0,B,ACCEPTED,306.0,2025-07-09,2026-10-07,-2.0,True,
CPIN,716,2023-10-09,2026-10-07,0,0,0,0,0,0,0,12.0,0,0,0,A,ACCEPTED,716.0,2023-10-09,2026-10-07,-2.0,True,
CPRO,717,2023-10-09,2026-10-07,0,0,0,0,0,0,0,12.0,0,0,0,A,ACCEPTED,717.0,2023-10-09,2026-10-07,-2.0,True,
CRAB,718,2023-10-09,2026-10-07,0,0,0,0,0,0,0,12.0,0,0,0,A,ACCEPTED,718.0,2023-10-09,2026-10-07,-2.0,True,
CRSN,716,2023-10-09,2026-10-07,0,0,0,0,0,0,0,12.0,0,0,0,A,ACCEPTED,716.0,2023-10-09,2026-10-07,-2.0,True,
CSAP,716,2023-10-09,2026-10-07,0,0,0,0,0,0,0,12.0,0,0,0,A,ACCEPTED,716.0,2023-10-09,2026-10-07,-2.0,True,
CSIS,716,2023-10-09,2026-10-07,0,0,0,0,0,0,0,12.0,0,0,0,A,ACCEPTED,716.0,2023-10-09,2026-10-07,-2.0,True,
CSMI,717,2023-10-09,2026-10-06,0,0,0,0,0,0,0,12.0,0,0,0,A,ACCEPTED,717.0,2023-10-09,2026-10-06,-1.0,True,
CSRA,716,2023-10-09,2026-10-07,0,0,0,0,0,0,0,12.0,0,0,0,A,ACCEPTED,716.0,2023-10-09,2026-10-07,-2.0,True,
CTBN,717,2023-10-09,2026-10-07,0,0,0,0,0,0,0,12.0,0,0,0,A,ACCEPTED,717.0,2023-10-09,2026-10-07,-2.0,True,
CTRA,4120,2010-01-04,2026-10-05,0,0,0,0,0,0,0,12.0,0,0,0,A,,,,,,,
CTTH,717,2023-10-09,2026-10-07,0,0,0,0,0,0,0,12.0,0,0,0,A,ACCEPTED,717.0,2023-10-09,2026-10-07,-2.0,True,
CUAN,716,2023-10-09,2026-10-07,0,0,0,0,0,0,0,12.0,0,0,0,A,ACCEPTED,716.0,2023-10-09,2026-10-07,-2.0,True,
CYBR,717,2023-10-09,2026-10-07,0,0,0,0,0,0,0,12.0,0,0,0,A,ACCEPTED,717.0,2023-10-09,2026-10-07,-2.0,True,
DAAZ,454,2024-11-11,2026-10-07,0,0,0,0,0,0,0,12.0,0,0,0,B,ACCEPTED,454.0,2024-11-11,2026-10-07,-2.0,True,
DADA,716,2023-10-09,2026-10-07,0,0,0,0,0,0,0,12.0,0,0,0,A,ACCEPTED,716.0,2023-10-09,2026-10-07,-2.0,True,
DART,717,2023-10-09,2026-10-07,0,0,0,0,0,0,0,12.0,0,0,0,A,ACCEPTED,717.0,2023-10-09,2026-10-07,-2.0,True,
DATA,581,2024-05-07,2026-10-07,0,0,0,0,0,0,0,12.0,0,0,0,A,ACCEPTED,581.0,2024-05-07,2026-10-07,-2.0,True,
DAYA,716,2023-10-09,2026-10-07,0,0,0,0,0,0,0,12.0,0,0,0,A,ACCEPTED,716.0,2023-10-09,2026-10-07,-2.0,True,
DCII,716,2023-10-09,2026-10-07,0,0,0,0,0,0,0,12.0,0,0,0,A,ACCEPTED,716.0,2023-10-09,2026-10-07,-2.0,True,
DEAL,720,2023-10-09,2026-10-06,0,0,0,0,0,0,0,12.0,0,0,0,A,ACCEPTED,720.0,2023-10-09,2026-10-06,-1.0,True,
DEFI,717,2023-10-09,2026-10-07,0,0,0,0,0,0,0,12.0,0,0,0,A,ACCEPTED,717.0,2023-10-09,2026-10-07,-2.0,True,
DEPO,716,2023-10-09,2026-10-07,0,0,0,0,0,0,0,12.0,0,0,0,A,ACCEPTED,716.0,2023-10-09,2026-10-07,-2.0,True,
DEWA,716,2023-10-09,2026-10-07,0,0,0,0,0,0,0,12.0,0,0,0,A,ACCEPTED,716.0,2023-10-09,2026-10-07,-2.0,True,
DEWI,716,2023-10-09,2026-10-07,0,0,0,0,0,0,0,12.0,0,0,0,A,ACCEPTED,716.0,2023-10-09,2026-10-07,-2.0,True,
DFAM,716,2023-10-09,2026-10-07,0,0,0,0,0,0,0,12.0,0,0,0,A,ACCEPTED,716.0,2023-10-09,2026-10-07,-2.0,True,
DGIK,717,2023-10-09,2026-10-07,0,0,0,0,0,0,0,12.0,0,0,0,A,ACCEPTED,717.0,2023-10-09,2026-10-07,-2.0,True,
DGNS,716,2023-10-09,2026-10-07,0,0,0,0,0,0,0,12.0,0,0,0,A,ACCEPTED,716.0,2023-10-09,2026-10-07,-2.0,True,
DGWG,414,2025-01-13,2026-10-07,0,0,0,0,0,0,0,12.0,0,0,0,B,ACCEPTED,414.0,2025-01-13,2026-10-07,-2.0,True,
DIGI,717,2023-10-09,2026-10-06,0,0,0,0,0,0,0,12.0,0,0,0,A,ACCEPTED,717.0,2023-10-09,2026-10-06,-1.0,True,
DILD,717,2023-10-09,2026-10-07,0,0,0,0,0,0,0,12.0,0,0,0,A,ACCEPTED,717.0,2023-10-09,2026-10-07,-2.0,True,
DIVA,716,2023-10-09,2026-10-07,0,0,0,0,0,0,0,12.0,0,0,0,A,ACCEPTED,716.0,2023-10-09,2026-10-07,-2.0,True,
DKFT,716,2023-10-09,2026-10-07,0,0,0,0,0,0,0,12.0,0,0,0,A,ACCEPTED,716.0,2023-10-09,2026-10-07,-2.0,True,
DKHH,343,2025-05-08,2026-10-07,0,0,0,0,0,0,0,8.0,0,0,0,B,ACCEPTED,343.0,2025-05-08,2026-10-07,-2.0,True,
DLTA,4120,2010-01-04,2026-10-05,0,0,0,0,0,0,0,12.0,0,0,0,A,,,,,,,
DMAS,716,2023-10-09,2026-10-07,0,0,0,0,18,0,0,12.0,0,18,18,C,ACCEPTED,716.0,2023-10-09,2026-10-07,-2.0,True,
DMMX,716,2023-10-09,2026-10-07,0,0,0,0,0,0,0,12.0,0,0,0,A,ACCEPTED,716.0,2023-10-09,2026-10-07,-2.0,True,
DMND,716,2023-10-09,2026-10-07,0,0,0,0,0,0,0,12.0,0,0,0,A,ACCEPTED,716.0,2023-10-09,2026-10-07,-2.0,True,
DNAR,716,2023-10-09,2026-10-07,0,0,0,0,0,0,0,12.0,0,0,0,A,ACCEPTED,716.0,2023-10-09,2026-10-07,-2.0,True,
DNET,717,2023-10-09,2026-10-07,0,0,0,0,0,0,0,12.0,0,0,0,A,ACCEPTED,717.0,2023-10-09,2026-10-07,-2.0,True,
DOID,716,2023-10-09,2026-10-07,0,0,0,0,0,0,0,12.0,0,0,0,A,ACCEPTED,716.0,2023-10-09,2026-10-07,-2.0,True,
DOOH,718,2023-10-09,2026-10-07,0,0,0,0,0,0,0,12.0,0,0,0,A,ACCEPTED,718.0,2023-10-09,2026-10-07,-2.0,True,
DOSS,521,2024-08-07,2026-10-07,0,0,0,0,0,0,0,12.0,0,0,0,A,ACCEPTED,521.0,2024-08-07,2026-10-07,-2.0,True,
DPNS,720,2023-10-09,2026-10-06,0,0,0,0,0,0,0,12.0,0,0,0,A,ACCEPTED,720.0,2023-10-09,2026-10-06,-1.0,True,
DPUM,716,2023-10-09,2026-10-07,0,0,0,0,0,0,0,12.0,0,0,0,A,ACCEPTED,716.0,2023-10-09,2026-10-07,-2.0,True,
DRMA,716,2023-10-09,2026-10-07,0,0,0,0,0,0,0,12.0,0,0,0,A,ACCEPTED,716.0,2023-10-09,2026-10-07,-2.0,True,
DSFI,717,2023-10-09,2026-10-07,0,0,0,0,0,0,0,12.0,0,0,0,A,ACCEPTED,717.0,2023-10-09,2026-10-07,-2.0,True,
DSNG,716,2023-10-09,2026-10-07,0,0,0,0,0,0,0,12.0,0,0,0,A,ACCEPTED,716.0,2023-10-09,2026-10-07,-2.0,True,
DSSA,716,2023-10-09,2026-10-07,0,0,0,0,0,0,0,12.0,0,0,0,A,ACCEPTED,716.0,2023-10-09,2026-10-07,-2.0,True,
DUTI,716,2023-10-09,2026-10-06,0,0,0,0,19,0,0,12.0,0,19,19,C,ACCEPTED,716.0,2023-10-09,2026-10-06,-1.0,True,
DVLA,4120,2010-01-04,2026-10-05,0,0,0,0,3,0,0,12.0,0,3,3,C,,,,,,,
DWGL,716,2023-10-09,2026-10-07,0,0,0,0,0,0,0,12.0,0,0,0,A,ACCEPTED,716.0,2023-10-09,2026-10-07,-2.0,True,
DYAN,716,2023-10-09,2026-10-07,0,0,0,0,0,0,0,12.0,0,0,0,A,ACCEPTED,716.0,2023-10-09,2026-10-07,-2.0,True,
EAST,716,2023-10-09,2026-10-07,0,0,0,0,0,0,0,12.0,0,0,0,A,ACCEPTED,716.0,2023-10-09,2026-10-07,-2.0,True,
ECII,716,2023-10-09,2026-10-07,0,0,0,0,0,0,0,12.0,0,0,0,A,ACCEPTED,716.0,2023-10-09,2026-10-07,-2.0,True,
EDGE,720,2023-10-09,2026-10-06,0,0,0,0,0,0,0,12.0,0,0,0,A,ACCEPTED,720.0,2023-10-09,2026-10-06,-1.0,True,
EKAD,716,2023-10-09,2026-10-07,0,0,0,0,0,0,0,12.0,0,0,0,A,ACCEPTED,716.0,2023-10-09,2026-10-07,-2.0,True,
ELIT,716,2023-10-09,2026-10-07,0,0,0,0,0,0,0,12.0,0,0,0,A,ACCEPTED,716.0,2023-10-09,2026-10-07,-2.0,True,
ELPI,717,2023-10-09,2026-10-07,0,0,0,0,0,0,0,12.0,0,0,0,A,ACCEPTED,717.0,2023-10-09,2026-10-07,-2.0,True,
ELSA,4120,2010-01-04,2026-10-05,0,0,0,0,0,0,0,12.0,0,0,0,A,,,,,,,
ELTY,717,2023-10-09,2026-10-07,0,0,0,0,0,0,0,12.0,0,0,0,A,ACCEPTED,717.0,2023-10-09,2026-10-07,-2.0,True,
EMAS,254,2025-09-23,2026-10-07,0,0,0,0,0,0,0,8.0,0,0,0,B,ACCEPTED,254.0,2025-09-23,2026-10-07,-2.0,True,
EMDE,716,2023-10-09,2026-10-07,0,0,0,0,0,0,0,12.0,0,0,0,A,ACCEPTED,716.0,2023-10-09,2026-10-07,-2.0,True,
EMTK,4114,2010-01-12,2026-10-05,0,0,0,0,0,0,0,12.0,0,0,0,A,,,,,,,
ENAK,716,2023-10-09,2026-10-07,0,0,0,0,0,0,0,12.0,0,0,0,A,ACCEPTED,716.0,2023-10-09,2026-10-07,-2.0,True,
ENRG,718,2023-10-09,2026-10-07,0,0,0,0,0,0,0,12.0,0,0,0,A,ACCEPTED,718.0,2023-10-09,2026-10-07,-2.0,True,
ENZO,716,2023-10-09,2026-10-07,0,0,0,0,0,0,0,12.0,0,0,0,A,ACCEPTED,716.0,2023-10-09,2026-10-07,-2.0,True,
EPAC,716,2023-10-09,2026-10-07,0,0,0,0,0,0,0,12.0,0,0,0,A,ACCEPTED,716.0,2023-10-09,2026-10-07,-2.0,True,
EPMT,717,2023-10-09,2026-10-07,0,0,0,0,0,0,0,12.0,0,0,0,A,ACCEPTED,717.0,2023-10-09,2026-10-07,-2.0,True,
ERAA,716,2023-10-09,2026-10-07,0,0,0,0,0,0,0,12.0,0,0,0,A,ACCEPTED,716.0,2023-10-09,2026-10-07,-2.0,True,
ERAL,716,2023-10-09,2026-10-07,0,0,0,0,0,0,0,12.0,0,0,0,A,ACCEPTED,716.0,2023-10-09,2026-10-07,-2.0,True,
ERTX,717,2023-10-09,2026-10-07,0,0,0,0,0,0,0,12.0,0,0,0,A,ACCEPTED,717.0,2023-10-09,2026-10-07,-2.0,True,
ESIP,716,2023-10-09,2026-10-07,0,0,0,0,0,0,0,12.0,0,0,0,A,ACCEPTED,716.0,2023-10-09,2026-10-07,-2.0,True,
ESSA,716,2023-10-09,2026-10-07,0,0,0,0,0,0,0,12.0,0,0,0,A,ACCEPTED,716.0,2023-10-09,2026-10-07,-2.0,True,
ESTA,716,2023-10-09,2026-10-07,0,0,0,0,0,0,0,12.0,0,0,0,A,ACCEPTED,716.0,2023-10-09,2026-10-07,-2.0,True,
ESTI,717,2023-10-09,2026-10-07,0,0,0,0,0,0,0,12.0,0,0,0,A,ACCEPTED,717.0,2023-10-09,2026-10-07,-2.0,True,
ETWA,720,2023-10-09,2026-10-06,0,0,0,0,0,0,0,12.0,0,0,0,A,ACCEPTED,720.0,2023-10-09,2026-10-06,-1.0,True,
EURO,716,2023-10-09,2026-10-07,0,0,0,0,0,0,0,12.0,0,0,0,A,ACCEPTED,716.0,2023-10-09,2026-10-07,-2.0,True,
EXCL,4120,2010-01-04,2026-10-05,0,0,0,0,0,0,0,12.0,0,0,0,A,,,,,,,
FAPA,715,2023-10-09,2026-10-06,0,0,0,0,0,0,0,12.0,0,0,0,A,ACCEPTED,715.0,2023-10-09,2026-10-06,-1.0,True,
FAST,717,2023-10-09,2026-10-07,0,0,0,0,0,0,0,12.0,0,0,0,A,ACCEPTED,717.0,2023-10-09,2026-10-07,-2.0,True,
FASW,720,2023-10-09,2026-10-06,0,0,0,0,0,0,0,12.0,0,0,0,A,ACCEPTED,720.0,2023-10-09,2026-10-06,-1.0,True,
FILM,716,2023-10-09,2026-10-07,0,0,0,0,0,0,0,12.0,0,0,0,A,ACCEPTED,716.0,2023-10-09,2026-10-07,-2.0,True,
FIMP,720,2023-10-09,2026-10-06,0,0,0,0,0,0,0,12.0,0,0,0,A,ACCEPTED,720.0,2023-10-09,2026-10-06,-1.0,True,
FIRE,716,2023-10-09,2026-10-07,0,0,0,0,0,0,0,12.0,0,0,0,A,ACCEPTED,716.0,2023-10-09,2026-10-07,-2.0,True,
FISH,716,2023-10-09,2026-10-07,0,0,0,0,0,0,0,12.0,0,0,0,A,ACCEPTED,716.0,2023-10-09,2026-10-07,-2.0,True,
FITT,716,2023-10-09,2026-10-07,0,0,0,0,0,0,0,12.0,0,0,0,A,ACCEPTED,716.0,2023-10-09,2026-10-07,-2.0,True,
FLMC,716,2023-10-09,2026-10-07,0,0,0,0,0,0,0,12.0,0,0,0,A,ACCEPTED,716.0,2023-10-09,2026-10-07,-2.0,True,
FMII,717,2023-10-09,2026-10-07,0,0,0,0,0,0,0,12.0,0,0,0,A,ACCEPTED,717.0,2023-10-09,2026-10-07,-2.0,True,
FOLK,716,2023-10-09,2026-10-07,0,0,0,0,0,0,0,12.0,0,0,0,A,ACCEPTED,716.0,2023-10-09,2026-10-07,-2.0,True,
FOOD,717,2023-10-09,2026-10-06,0,0,0,0,0,0,0,12.0,0,0,0,A,ACCEPTED,717.0,2023-10-09,2026-10-06,-1.0,True,
FORE,359,2025-04-14,2026-10-07,0,0,0,0,0,0,0,8.0,0,0,0,B,ACCEPTED,359.0,2025-04-14,2026-10-07,-2.0,True,
FORU,718,2023-10-09,2026-10-07,0,0,0,0,0,0,0,12.0,0,0,0,A,ACCEPTED,718.0,2023-10-09,2026-10-07,-2.0,True,
FPNI,717,2023-10-09,2026-10-07,0,0,0,0,0,0,0,12.0,0,0,0,A,ACCEPTED,717.0,2023-10-09,2026-10-07,-2.0,True,
FUJI,716,2023-10-09,2026-10-07,0,0,0,0,0,0,0,12.0,0,0,0,A,ACCEPTED,716.0,2023-10-09,2026-10-07,-2.0,True,
FUTR,716,2023-10-09,2026-10-07,0,0,0,0,0,0,0,12.0,0,0,0,A,ACCEPTED,716.0,2023-10-09,2026-10-07,-2.0,True,
FWCT,716,2023-10-09,2026-10-07,0,0,0,0,1,0,0,12.0,0,1,1,C,ACCEPTED,716.0,2023-10-09,2026-10-07,-2.0,True,
GDST,716,2023-10-09,2026-10-07,0,0,0,0,0,0,0,12.0,0,0,0,A,ACCEPTED,716.0,2023-10-09,2026-10-07,-2.0,True,
GDYR,717,2023-10-09,2026-10-07,0,0,0,0,0,0,0,12.0,0,0,0,A,ACCEPTED,717.0,2023-10-09,2026-10-07,-2.0,True,
GEMA,717,2023-10-09,2026-10-07,0,0,0,0,0,0,0,12.0,0,0,0,A,ACCEPTED,717.0,2023-10-09,2026-10-07,-2.0,True,
GEMS,716,2023-10-09,2026-10-07,0,0,0,0,0,0,0,12.0,0,0,0,A,ACCEPTED,716.0,2023-10-09,2026-10-07,-2.0,True,
GGRM,4120,2010-01-04,2026-10-05,0,0,0,0,4,0,0,12.0,0,4,4,C,,,,,,,
GGRP,716,2023-10-09,2026-10-07,0,0,0,0,0,0,0,12.0,0,0,0,A,ACCEPTED,716.0,2023-10-09,2026-10-07,-2.0,True,
GHON,716,2023-10-09,2026-10-07,0,0,0,0,0,0,0,12.0,0,0,0,A,ACCEPTED,716.0,2023-10-09,2026-10-07,-2.0,True,
GIAA,716,2023-10-09,2026-10-07,0,0,0,0,0,0,0,12.0,0,0,0,A,ACCEPTED,716.0,2023-10-09,2026-10-07,-2.0,True,
GJTL,4120,2010-01-04,2026-10-05,0,0,0,0,0,0,0,12.0,0,0,0,A,,,,,,,
GLOB,720,2023-10-09,2026-10-06,0,0,0,0,0,0,0,12.0,0,0,0,A,ACCEPTED,720.0,2023-10-09,2026-10-06,-1.0,True,
GLVA,716,2023-10-09,2026-10-07,0,0,0,0,0,0,0,12.0,0,0,0,A,ACCEPTED,716.0,2023-10-09,2026-10-07,-2.0,True,
GMFI,716,2023-10-09,2026-10-07,0,0,0,0,0,0,0,12.0,0,0,0,A,ACCEPTED,716.0,2023-10-09,2026-10-07,-2.0,True,
GMTD,717,2023-10-09,2026-10-07,0,0,0,0,0,0,0,12.0,0,0,0,A,ACCEPTED,717.0,2023-10-09,2026-10-07,-2.0,True,
GOLD,716,2023-10-09,2026-10-07,0,0,0,0,0,0,0,12.0,0,0,0,A,ACCEPTED,716.0,2023-10-09,2026-10-07,-2.0,True,
GOLF,543,2024-07-08,2026-10-07,0,0,0,0,0,0,0,12.0,0,0,0,A,ACCEPTED,543.0,2024-07-08,2026-10-07,-2.0,True,
GOOD,716,2023-10-09,2026-10-07,0,0,0,0,0,0,0,12.0,0,0,0,A,ACCEPTED,716.0,2023-10-09,2026-10-07,-2.0,True,
GOTO,1074,2022-04-11,2026-10-05,0,0,0,0,0,0,0,12.0,0,0,0,A,,,,,,,
GPRA,716,2023-10-09,2026-10-07,0,0,0,0,0,0,0,12.0,0,0,0,A,ACCEPTED,716.0,2023-10-09,2026-10-07,-2.0,True,
GPSO,716,2023-10-09,2026-10-07,0,0,0,0,0,0,0,12.0,0,0,0,A,ACCEPTED,716.0,2023-10-09,2026-10-07,-2.0,True,
GRIA,716,2023-10-09,2026-10-07,0,0,0,0,0,0,0,12.0,0,0,0,A,ACCEPTED,716.0,2023-10-09,2026-10-07,-2.0,True,
GRPH,646,2024-01-18,2026-10-07,0,0,0,0,0,0,0,12.0,0,0,0,A,ACCEPTED,646.0,2024-01-18,2026-10-07,-2.0,True,
GRPM,716,2023-10-09,2026-10-07,0,0,0,0,0,0,0,12.0,0,0,0,A,ACCEPTED,716.0,2023-10-09,2026-10-07,-2.0,True,
GSMF,717,2023-10-09,2026-10-07,0,0,0,0,0,0,0,12.0,0,0,0,A,ACCEPTED,717.0,2023-10-09,2026-10-07,-2.0,True,
GTBO,718,2023-10-09,2026-10-07,0,0,0,0,0,0,0,12.0,0,0,0,A,ACCEPTED,718.0,2023-10-09,2026-10-07,-2.0,True,
GTRA,716,2023-10-09,2026-10-07,0,0,0,0,0,0,0,12.0,0,0,0,A,ACCEPTED,716.0,2023-10-09,2026-10-07,-2.0,True,
GTSI,716,2023-10-09,2026-10-07,0,0,0,0,0,0,0,12.0,0,0,0,A,ACCEPTED,716.0,2023-10-09,2026-10-07,-2.0,True,
GULA,716,2023-10-09,2026-10-07,0,0,0,0,0,0,0,12.0,0,0,0,A,ACCEPTED,716.0,2023-10-09,2026-10-07,-2.0,True,
GUNA,542,2024-07-09,2026-10-07,0,0,0,0,0,0,0,12.0,0,0,0,A,ACCEPTED,542.0,2024-07-09,2026-10-07,-2.0,True,
GWSA,716,2023-10-09,2026-10-07,0,0,0,0,0,0,0,12.0,0,0,0,A,ACCEPTED,716.0,2023-10-09,2026-10-07,-2.0,True,
GZCO,716,2023-10-09,2026-10-07,0,0,0,0,0,0,0,12.0,0,0,0,A,ACCEPTED,716.0,2023-10-09,2026-10-07,-2.0,True,
HADE,716,2023-10-09,2026-10-07,0,0,0,0,0,0,0,12.0,0,0,0,A,ACCEPTED,716.0,2023-10-09,2026-10-07,-2.0,True,
HAIS,716,2023-10-09,2026-10-07,0,0,0,0,0,0,0,12.0,0,0,0,A,ACCEPTED,716.0,2023-10-09,2026-10-07,-2.0,True,
HAJJ,716,2023-10-09,2026-10-07,0,0,0,0,0,0,0,12.0,0,0,0,A,ACCEPTED,716.0,2023-10-09,2026-10-07,-2.0,True,
HALO,716,2023-10-09,2026-10-07,0,0,0,0,0,0,0,12.0,0,0,0,A,ACCEPTED,716.0,2023-10-09,2026-10-07,-2.0,True,
HATM,716,2023-10-09,2026-10-07,0,0,0,0,0,0,0,12.0,0,0,0,A,ACCEPTED,716.0,2023-10-09,2026-10-07,-2.0,True,
HBAT,716,2023-10-09,2026-10-07,0,0,0,0,0,0,0,12.0,0,0,0,A,ACCEPTED,716.0,2023-10-09,2026-10-07,-2.0,True,
HDFA,716,2023-10-09,2026-10-07,0,0,0,0,0,0,0,12.0,0,0,0,A,ACCEPTED,716.0,2023-10-09,2026-10-07,-2.0,True,
HDIT,716,2023-10-09,2026-10-07,0,0,0,0,0,0,0,12.0,0,0,0,A,ACCEPTED,716.0,2023-10-09,2026-10-07,-2.0,True,
HEAL,716,2023-10-09,2026-10-07,0,0,0,0,0,0,0,12.0,0,0,0,A,ACCEPTED,716.0,2023-10-09,2026-10-07,-2.0,True,
HELI,716,2023-10-09,2026-10-07,0,0,0,0,0,0,0,12.0,0,0,0,A,ACCEPTED,716.0,2023-10-09,2026-10-07,-2.0,True,
HERO,717,2023-10-09,2026-10-07,0,0,0,0,0,0,0,12.0,0,0,0,A,ACCEPTED,717.0,2023-10-09,2026-10-07,-2.0,True,
HEXA,717,2023-10-09,2026-10-07,0,0,0,0,0,0,0,12.0,0,0,0,A,ACCEPTED,717.0,2023-10-09,2026-10-07,-2.0,True,
HGII,416,2025-01-09,2026-10-07,0,0,0,0,0,0,0,12.0,0,0,0,B,ACCEPTED,416.0,2025-01-09,2026-10-07,-2.0,True,
HILL,717,2023-10-09,2026-10-06,0,0,0,0,0,0,0,12.0,0,0,0,A,ACCEPTED,717.0,2023-10-09,2026-10-06,-1.0,True,
HITS,720,2023-10-09,2026-10-06,0,0,0,0,0,0,0,12.0,0,0,0,A,ACCEPTED,720.0,2023-10-09,2026-10-06,-1.0,True,
HMSP,4121,2010-01-04,2026-10-05,0,0,0,0,3,0,0,12.0,0,3,3,C,,,,,,,
HOKI,716,2023-10-09,2026-10-07,0,0,0,0,0,0,0,12.0,0,0,0,A,ACCEPTED,716.0,2023-10-09,2026-10-07,-2.0,True,
HOMI,716,2023-10-09,2026-10-07,0,0,0,0,0,0,0,12.0,0,0,0,A,ACCEPTED,716.0,2023-10-09,2026-10-07,-2.0,True,
HOPE,716,2023-10-09,2026-10-07,0,0,0,0,0,0,0,12.0,0,0,0,A,ACCEPTED,716.0,2023-10-09,2026-10-07,-2.0,True,
HRME,716,2023-10-09,2026-10-07,0,0,0,0,0,0,0,12.0,0,0,0,A,ACCEPTED,716.0,2023-10-09,2026-10-07,-2.0,True,
HRTA,716,2023-10-09,2026-10-07,0,0,0,0,0,0,0,12.0,0,0,0,A,ACCEPTED,716.0,2023-10-09,2026-10-07,-2.0,True,
HRUM,3934,2010-10-06,2026-10-05,0,0,0,0,0,0,0,12.0,0,0,0,A,,,,,,,
HUMI,716,2023-10-09,2026-10-07,0,0,0,0,0,0,0,12.0,0,0,0,A,ACCEPTED,716.0,2023-10-09,2026-10-07,-2.0,True,
HYGN,630,2024-02-13,2026-10-07,0,0,0,0,0,0,0,12.0,0,0,0,A,ACCEPTED,630.0,2024-02-13,2026-10-07,-2.0,True,
IATA,716,2023-10-09,2026-10-07,0,0,0,0,0,0,0,12.0,0,0,0,A,ACCEPTED,716.0,2023-10-09,2026-10-07,-2.0,True,
IBFN,717,2023-10-09,2026-10-06,0,0,0,0,0,0,0,12.0,0,0,0,A,ACCEPTED,717.0,2023-10-09,2026-10-06,-1.0,True,
IBOS,716,2023-10-09,2026-10-07,0,0,0,0,0,0,0,12.0,0,0,0,A,ACCEPTED,716.0,2023-10-09,2026-10-07,-2.0,True,
IBST,720,2023-10-09,2026-10-06,0,0,0,0,0,0,0,12.0,0,0,0,A,ACCEPTED,720.0,2023-10-09,2026-10-06,-1.0,True,
ICBP,4119,2010-01-04,2026-10-05,0,0,0,0,1,0,0,12.0,0,1,1,C,,,,,,,
ICON,716,2023-10-09,2026-10-07,0,0,0,0,0,0,0,12.0,0,0,0,A,ACCEPTED,716.0,2023-10-09,2026-10-07,-2.0,True,
IDEA,716,2023-10-09,2026-10-07,0,0,0,0,0,0,0,12.0,0,0,0,A,ACCEPTED,716.0,2023-10-09,2026-10-07,-2.0,True,
IDPR,716,2023-10-09,2026-10-07,0,0,0,0,0,0,0,12.0,0,0,0,A,ACCEPTED,716.0,2023-10-09,2026-10-07,-2.0,True,
IFII,716,2023-10-09,2026-10-07,0,0,0,0,0,0,0,12.0,0,0,0,A,ACCEPTED,716.0,2023-10-09,2026-10-07,-2.0,True,
IFSH,716,2023-10-09,2026-10-07,0,0,0,0,1,0,0,12.0,0,1,1,C,ACCEPTED,716.0,2023-10-09,2026-10-07,-2.0,True,
IGAR,717,2023-10-09,2026-10-07,0,0,0,0,0,0,0,12.0,0,0,0,A,ACCEPTED,717.0,2023-10-09,2026-10-07,-2.0,True,
IKAI,717,2023-10-09,2026-10-07,0,0,0,0,0,0,0,12.0,0,0,0,A,ACCEPTED,717.0,2023-10-09,2026-10-07,-2.0,True,
IKAN,716,2023-10-09,2026-10-07,0,0,0,0,0,0,0,12.0,0,0,0,A,ACCEPTED,716.0,2023-10-09,2026-10-07,-2.0,True,
IKBI,717,2023-10-09,2026-10-07,0,0,0,0,0,0,0,12.0,0,0,0,A,ACCEPTED,717.0,2023-10-09,2026-10-07,-2.0,True,
IKPM,694,2023-11-08,2026-10-07,0,0,0,0,0,0,0,12.0,0,0,0,A,ACCEPTED,694.0,2023-11-08,2026-10-07,-2.0,True,
IMAS,717,2023-10-09,2026-10-07,0,0,0,0,0,0,0,12.0,0,0,0,A,ACCEPTED,717.0,2023-10-09,2026-10-07,-2.0,True,
IMJS,716,2023-10-09,2026-10-07,0,0,0,0,0,0,0,12.0,0,0,0,A,ACCEPTED,716.0,2023-10-09,2026-10-07,-2.0,True,
IMPC,716,2023-10-09,2026-10-07,0,0,0,0,0,0,0,12.0,0,0,0,A,ACCEPTED,716.0,2023-10-09,2026-10-07,-2.0,True,
INAF,720,2023-10-09,2026-10-06,0,0,0,0,0,0,0,12.0,0,0,0,A,ACCEPTED,720.0,2023-10-09,2026-10-06,-1.0,True,
INAI,717,2023-10-09,2026-10-07,0,0,0,0,0,0,0,12.0,0,0,0,A,ACCEPTED,717.0,2023-10-09,2026-10-07,-2.0,True,
INCF,717,2023-10-09,2026-10-06,0,0,0,0,0,0,0,12.0,0,0,0,A,ACCEPTED,717.0,2023-10-09,2026-10-06,-1.0,True,
INCI,717,2023-10-09,2026-10-07,0,0,0,0,2,0,0,12.0,0,2,2,C,ACCEPTED,717.0,2023-10-09,2026-10-07,-2.0,True,
INCO,717,2023-10-09,2026-10-07,0,0,0,0,0,0,0,12.0,0,0,0,A,ACCEPTED,717.0,2023-10-09,2026-10-07,-2.0,True,
INDF,4121,2010-01-04,2026-10-05,0,0,0,0,0,0,0,12.0,0,0,0,A,,,,,,,
INDO,716,2023-10-09,2026-10-07,0,0,0,0,0,0,0,12.0,0,0,0,A,ACCEPTED,716.0,2023-10-09,2026-10-07,-2.0,True,
INDR,717,2023-10-09,2026-10-07,0,0,0,0,0,0,0,12.0,0,0,0,A,ACCEPTED,717.0,2023-10-09,2026-10-07,-2.0,True,
INDS,4121,2010-01-04,2026-10-05,0,0,0,0,2,0,0,12.0,0,2,2,C,,,,,,,
INDX,717,2023-10-09,2026-10-06,0,0,0,0,0,0,0,12.0,0,0,0,A,ACCEPTED,717.0,2023-10-09,2026-10-06,-1.0,True,
INDY,4120,2010-01-04,2026-10-05,0,0,0,0,0,0,0,12.0,0,0,0,A,,,,,,,
INET,716,2023-10-09,2026-10-07,0,0,0,0,0,0,0,12.0,0,0,0,A,ACCEPTED,716.0,2023-10-09,2026-10-07,-2.0,True,
INKP,4120,2010-01-04,2026-10-05,0,0,0,0,1,0,0,12.0,0,1,1,C,,,,,,,
INOV,716,2023-10-09,2026-10-07,0,0,0,0,0,0,0,12.0,0,0,0,A,ACCEPTED,716.0,2023-10-09,2026-10-07,-2.0,True,
INPC,4119,2010-01-04,2026-10-05,0,0,0,0,2,0,0,12.0,0,2,2,C,,,,,,,
INPP,717,2023-10-09,2026-10-07,0,0,0,0,0,0,0,12.0,0,0,0,A,ACCEPTED,717.0,2023-10-09,2026-10-07,-2.0,True,
INPS,715,2023-10-09,2026-10-06,0,0,0,0,0,0,0,12.0,0,0,0,A,ACCEPTED,715.0,2023-10-09,2026-10-06,-1.0,True,
INRU,4125,2010-01-04,2026-10-05,0,0,0,0,1,0,0,12.0,0,1,1,C,,,,,,,
INTA,717,2023-10-09,2026-10-06,0,0,0,0,0,0,0,12.0,0,0,0,A,ACCEPTED,717.0,2023-10-09,2026-10-06,-1.0,True,
INTD,717,2023-10-09,2026-10-07,0,0,0,0,0,0,0,12.0,0,0,0,A,ACCEPTED,717.0,2023-10-09,2026-10-07,-2.0,True,
INTP,717,2023-10-09,2026-10-07,0,0,0,0,0,0,0,12.0,0,0,0,A,ACCEPTED,717.0,2023-10-09,2026-10-07,-2.0,True,
IOTF,716,2023-10-09,2026-10-07,0,0,0,0,0,0,0,12.0,0,0,0,A,ACCEPTED,716.0,2023-10-09,2026-10-07,-2.0,True,
IPAC,715,2023-10-09,2026-10-06,0,0,0,0,0,0,0,12.0,0,0,0,A,ACCEPTED,715.0,2023-10-09,2026-10-06,-1.0,True,
IPCC,716,2023-10-09,2026-10-07,0,0,0,0,0,0,0,12.0,0,0,0,A,ACCEPTED,716.0,2023-10-09,2026-10-07,-2.0,True,
IPCM,716,2023-10-09,2026-10-07,0,0,0,0,1,0,0,12.0,0,1,1,C,ACCEPTED,716.0,2023-10-09,2026-10-07,-2.0,True,
IPOL,716,2023-10-09,2026-10-07,0,0,0,0,0,0,0,12.0,0,0,0,A,ACCEPTED,716.0,2023-10-09,2026-10-07,-2.0,True,
IPPE,720,2023-10-09,2026-10-06,0,0,0,0,0,0,0,12.0,0,0,0,A,ACCEPTED,720.0,2023-10-09,2026-10-06,-1.0,True,
IPTV,716,2023-10-09,2026-10-07,0,0,0,0,0,0,0,12.0,0,0,0,A,ACCEPTED,716.0,2023-10-09,2026-10-07,-2.0,True,
IRRA,716,2023-10-09,2026-10-07,0,0,0,0,0,0,0,12.0,0,0,0,A,ACCEPTED,716.0,2023-10-09,2026-10-07,-2.0,True,
IRSX,716,2023-10-09,2026-10-07,0,0,0,0,0,0,0,12.0,0,0,0,A,ACCEPTED,716.0,2023-10-09,2026-10-07,-2.0,True,
ISAP,716,2023-10-09,2026-10-07,0,0,0,0,0,0,0,12.0,0,0,0,A,ACCEPTED,716.0,2023-10-09,2026-10-07,-2.0,True,
ISAT,4121,2010-01-04,2026-10-05,0,0,0,0,1,0,0,12.0,0,1,1,C,,,,,,,
ISEA,543,2024-07-08,2026-10-07,0,0,0,0,0,0,0,12.0,0,0,0,A,ACCEPTED,543.0,2024-07-08,2026-10-07,-2.0,True,
ISSP,716,2023-10-09,2026-10-07,0,0,0,0,1,0,0,12.0,0,1,1,C,ACCEPTED,716.0,2023-10-09,2026-10-07,-2.0,True,
ITIC,716,2023-10-09,2026-10-07,0,0,0,0,0,0,0,12.0,0,0,0,A,ACCEPTED,716.0,2023-10-09,2026-10-07,-2.0,True,
ITMA,716,2023-10-09,2026-10-07,0,0,0,0,0,0,0,12.0,0,0,0,A,ACCEPTED,716.0,2023-10-09,2026-10-07,-2.0,True,
ITMG,4121,2010-01-04,2026-10-05,0,0,0,0,2,0,0,12.0,0,2,2,C,,,,,,,
JARR,716,2023-10-09,2026-10-07,0,0,0,0,0,0,0,12.0,0,0,0,A,ACCEPTED,716.0,2023-10-09,2026-10-07,-2.0,True,
JAST,716,2023-10-09,2026-10-07,0,0,0,0,0,0,0,12.0,0,0,0,A,ACCEPTED,716.0,2023-10-09,2026-10-07,-2.0,True,
JATI,716,2023-10-09,2026-10-07,0,0,0,0,0,0,0,12.0,0,0,0,A,ACCEPTED,716.0,2023-10-09,2026-10-07,-2.0,True,
JAWA,716,2023-10-09,2026-10-07,0,0,0,0,0,0,0,12.0,0,0,0,A,ACCEPTED,716.0,2023-10-09,2026-10-07,-2.0,True,
JAYA,716,2023-10-09,2026-10-07,0,0,0,0,0,0,0,12.0,0,0,0,A,ACCEPTED,716.0,2023-10-09,2026-10-07,-2.0,True,
JECC,717,2023-10-09,2026-10-07,0,0,0,0,0,0,0,12.0,0,0,0,A,ACCEPTED,717.0,2023-10-09,2026-10-07,-2.0,True,
JGLE,716,2023-10-09,2026-10-07,0,0,0,0,0,0,0,12.0,0,0,0,A,ACCEPTED,716.0,2023-10-09,2026-10-07,-2.0,True,
JIHD,717,2023-10-09,2026-10-07,0,0,0,0,0,0,0,12.0,0,0,0,A,ACCEPTED,717.0,2023-10-09,2026-10-07,-2.0,True,
JKON,717,2023-10-09,2026-10-07,0,0,0,0,0,0,0,12.0,0,0,0,A,ACCEPTED,717.0,2023-10-09,2026-10-07,-2.0,True,
JMAS,717,2023-10-09,2026-10-06,0,0,0,0,0,0,0,12.0,0,0,0,A,ACCEPTED,717.0,2023-10-09,2026-10-06,-1.0,True,
JPFA,717,2023-10-09,2026-10-07,0,0,0,0,0,0,0,12.0,0,0,0,A,ACCEPTED,717.0,2023-10-09,2026-10-07,-2.0,True,
JRPT,717,2023-10-09,2026-10-07,0,0,0,0,0,0,0,12.0,0,0,0,A,ACCEPTED,717.0,2023-10-09,2026-10-07,-2.0,True,
JSMR,4119,2010-01-04,2026-10-05,0,0,0,0,0,0,0,12.0,0,0,0,A,,,,,,,
JSPT,717,2023-10-09,2026-10-07,0,0,0,0,0,0,0,12.0,0,0,0,A,ACCEPTED,717.0,2023-10-09,2026-10-07,-2.0,True,
JTPE,717,2023-10-09,2026-10-07,0,0,0,0,7,0,0,12.0,0,7,7,C,ACCEPTED,717.0,2023-10-09,2026-10-07,-2.0,True,
KAEF,4120,2010-01-04,2026-10-05,0,0,0,0,2,0,0,12.0,0,2,2,C,,,,,,,
KAQI,377,2025-03-10,2026-10-07,0,0,0,0,0,0,0,12.0,0,0,0,B,ACCEPTED,377.0,2025-03-10,2026-10-07,-2.0,True,
KARW,717,2023-10-09,2026-10-06,0,0,0,0,0,0,0,12.0,0,0,0,A,ACCEPTED,717.0,2023-10-09,2026-10-06,-1.0,True,
KAYU,720,2023-10-09,2026-10-06,0,0,0,0,0,0,0,12.0,0,0,0,A,ACCEPTED,720.0,2023-10-09,2026-10-06,-1.0,True,
KBAG,716,2023-10-09,2026-10-07,0,0,0,0,0,0,0,12.0,0,0,0,A,ACCEPTED,716.0,2023-10-09,2026-10-07,-2.0,True,
KBLI,717,2023-10-09,2026-10-07,0,0,0,0,0,0,0,12.0,0,0,0,A,ACCEPTED,717.0,2023-10-09,2026-10-07,-2.0,True,
KBLM,4120,2010-01-04,2026-10-05,0,0,0,0,1,0,0,12.0,0,1,1,C,,,,,,,
KBLV,716,2023-10-09,2026-10-07,0,0,0,0,0,0,0,12.0,0,0,0,A,ACCEPTED,716.0,2023-10-09,2026-10-07,-2.0,True,
KDSI,717,2023-10-09,2026-10-07,0,0,0,0,0,0,0,12.0,0,0,0,A,ACCEPTED,717.0,2023-10-09,2026-10-07,-2.0,True,
KDTN,716,2023-10-09,2026-10-07,0,0,0,0,0,0,0,12.0,0,0,0,A,ACCEPTED,716.0,2023-10-09,2026-10-07,-2.0,True,
KEEN,716,2023-10-09,2026-10-07,0,0,0,0,0,0,0,12.0,0,0,0,A,ACCEPTED,716.0,2023-10-09,2026-10-07,-2.0,True,
KEJU,716,2023-10-09,2026-10-07,0,0,0,0,0,0,0,12.0,0,0,0,A,ACCEPTED,716.0,2023-10-09,2026-10-07,-2.0,True,
KETR,716,2023-10-09,2026-10-07,0,0,0,0,0,0,0,12.0,0,0,0,A,ACCEPTED,716.0,2023-10-09,2026-10-07,-2.0,True,
KIAS,720,2023-10-09,2026-10-06,0,0,0,0,0,0,0,12.0,0,0,0,A,ACCEPTED,720.0,2023-10-09,2026-10-06,-1.0,True,
KICI,717,2023-10-09,2026-10-07,0,0,0,0,0,0,0,12.0,0,0,0,A,ACCEPTED,717.0,2023-10-09,2026-10-07,-2.0,True,
KIJA,717,2023-10-09,2026-10-07,0,0,0,0,0,0,0,12.0,0,0,0,A,ACCEPTED,717.0,2023-10-09,2026-10-07,-2.0,True,
KINO,716,2023-10-09,2026-10-07,0,0,0,0,0,0,0,12.0,0,0,0,A,ACCEPTED,716.0,2023-10-09,2026-10-07,-2.0,True,
KIOS,716,2023-10-09,2026-10-07,0,0,0,0,0,0,0,12.0,0,0,0,A,ACCEPTED,716.0,2023-10-09,2026-10-07,-2.0,True,
KJEN,716,2023-10-09,2026-10-07,0,0,0,0,0,0,0,12.0,0,0,0,A,ACCEPTED,716.0,2023-10-09,2026-10-07,-2.0,True,
KKES,716,2023-10-09,2026-10-07,0,0,0,0,0,0,0,12.0,0,0,0,A,ACCEPTED,716.0,2023-10-09,2026-10-07,-2.0,True,
KKGI,717,2023-10-09,2026-10-07,0,0,0,0,1,0,0,12.0,0,1,1,C,ACCEPTED,717.0,2023-10-09,2026-10-07,-2.0,True,
KLAS,716,2023-10-09,2026-10-07,0,0,0,0,0,0,0,12.0,0,0,0,A,ACCEPTED,716.0,2023-10-09,2026-10-07,-2.0,True,
KLBF,4121,2010-01-04,2026-10-05,0,0,0,0,1,0,0,12.0,0,1,1,C,,,,,,,
KLIN,716,2023-10-09,2026-10-07,0,0,0,0,0,0,0,12.0,0,0,0,A,ACCEPTED,716.0,2023-10-09,2026-10-07,-2.0,True,
KMDS,716,2023-10-09,2026-10-07,0,0,0,0,0,0,0,12.0,0,0,0,A,ACCEPTED,716.0,2023-10-09,2026-10-07,-2.0,True,
KMTR,716,2023-10-09,2026-10-07,0,0,0,0,0,0,0,12.0,0,0,0,A,ACCEPTED,716.0,2023-10-09,2026-10-07,-2.0,True,
KOBX,716,2023-10-09,2026-10-07,0,0,0,0,0,0,0,12.0,0,0,0,A,ACCEPTED,716.0,2023-10-09,2026-10-07,-2.0,True,
KOCI,716,2023-10-09,2026-10-07,0,0,0,0,0,0,0,12.0,0,0,0,A,ACCEPTED,716.0,2023-10-09,2026-10-07,-2.0,True,
KOIN,717,2023-10-09,2026-10-06,0,0,0,0,0,0,0,12.0,0,0,0,A,ACCEPTED,717.0,2023-10-09,2026-10-06,-1.0,True,
KOKA,714,2023-10-11,2026-10-07,0,0,0,0,0,0,0,12.0,0,0,0,A,ACCEPTED,714.0,2023-10-11,2026-10-07,-2.0,True,
KONI,717,2023-10-09,2026-10-07,0,0,0,0,0,0,0,12.0,0,0,0,A,ACCEPTED,717.0,2023-10-09,2026-10-07,-2.0,True,
KOPI,716,2023-10-09,2026-10-07,0,0,0,0,0,0,0,12.0,0,0,0,A,ACCEPTED,716.0,2023-10-09,2026-10-07,-2.0,True,
KOTA,716,2023-10-09,2026-10-07,0,0,0,0,0,0,0,12.0,0,0,0,A,ACCEPTED,716.0,2023-10-09,2026-10-07,-2.0,True,
KPIG,717,2023-10-09,2026-10-07,0,0,0,0,0,0,0,12.0,0,0,0,A,ACCEPTED,717.0,2023-10-09,2026-10-07,-2.0,True,
KRAS,716,2023-10-09,2026-10-07,0,0,0,0,0,0,0,12.0,0,0,0,A,ACCEPTED,716.0,2023-10-09,2026-10-07,-2.0,True,
KREN,717,2023-10-09,2026-10-07,0,0,0,0,0,0,0,12.0,0,0,0,A,ACCEPTED,717.0,2023-10-09,2026-10-07,-2.0,True,
KRYA,716,2023-10-09,2026-10-07,0,0,0,0,0,0,0,12.0,0,0,0,A,ACCEPTED,716.0,2023-10-09,2026-10-07,-2.0,True,
KSIX,417,2025-01-08,2026-10-07,0,0,0,0,0,0,0,12.0,0,0,0,B,ACCEPTED,417.0,2025-01-08,2026-10-07,-2.0,True,
KUAS,716,2023-10-09,2026-10-07,0,0,0,0,0,0,0,12.0,0,0,0,A,ACCEPTED,716.0,2023-10-09,2026-10-07,-2.0,True,
LABA,716,2023-10-09,2026-10-07,0,0,0,0,0,0,0,12.0,0,0,0,A,ACCEPTED,716.0,2023-10-09,2026-10-07,-2.0,True,
LABS,541,2024-07-10,2026-10-07,0,0,0,0,0,0,0,12.0,0,0,0,A,ACCEPTED,541.0,2024-07-10,2026-10-07,-2.0,True,
LAJU,716,2023-10-09,2026-10-07,0,0,0,0,0,0,0,12.0,0,0,0,A,ACCEPTED,716.0,2023-10-09,2026-10-07,-2.0,True,
LAND,716,2023-10-09,2026-10-07,0,0,0,0,0,0,0,12.0,0,0,0,A,ACCEPTED,716.0,2023-10-09,2026-10-07,-2.0,True,
LAPD,716,2023-10-09,2026-10-07,0,0,0,0,0,0,0,12.0,0,0,0,A,ACCEPTED,716.0,2023-10-09,2026-10-07,-2.0,True,
LCKM,717,2023-10-09,2026-10-06,0,0,0,0,0,0,0,12.0,0,0,0,A,ACCEPTED,717.0,2023-10-09,2026-10-06,-1.0,True,
LEAD,716,2023-10-09,2026-10-07,0,0,0,0,0,0,0,12.0,0,0,0,A,ACCEPTED,716.0,2023-10-09,2026-10-07,-2.0,True,
LFLO,716,2023-10-09,2026-10-07,0,0,0,0,0,0,0,12.0,0,0,0,A,ACCEPTED,716.0,2023-10-09,2026-10-07,-2.0,True,
LIFE,716,2023-10-09,2026-10-07,0,0,0,0,0,0,0,12.0,0,0,0,A,ACCEPTED,716.0,2023-10-09,2026-10-07,-2.0,True,
LINK,716,2023-10-09,2026-10-07,0,0,0,0,0,0,0,12.0,0,0,0,A,ACCEPTED,716.0,2023-10-09,2026-10-07,-2.0,True,
LION,717,2023-10-09,2026-10-07,0,0,0,0,0,0,0,12.0,0,0,0,A,ACCEPTED,717.0,2023-10-09,2026-10-07,-2.0,True,
LIVE,631,2024-02-12,2026-10-07,0,0,0,0,0,0,0,12.0,0,0,0,A,ACCEPTED,631.0,2024-02-12,2026-10-07,-2.0,True,
LMAX,716,2023-10-09,2026-10-07,0,0,0,0,0,0,0,12.0,0,0,0,A,ACCEPTED,716.0,2023-10-09,2026-10-07,-2.0,True,
LMPI,717,2023-10-09,2026-10-07,0,0,0,0,0,0,0,12.0,0,0,0,A,ACCEPTED,717.0,2023-10-09,2026-10-07,-2.0,True,
LMSH,720,2023-10-09,2026-10-06,0,0,0,0,0,0,0,12.0,0,0,0,A,ACCEPTED,720.0,2023-10-09,2026-10-06,-1.0,True,
LOPI,714,2023-10-11,2026-10-07,0,0,0,0,0,0,0,12.0,0,0,0,A,ACCEPTED,714.0,2023-10-11,2026-10-07,-2.0,True,
LPCK,4121,2010-01-04,2026-10-05,0,0,0,0,2,0,0,12.0,0,2,2,C,,,,,,,
LPGI,717,2023-10-09,2026-10-07,0,0,0,0,0,0,0,12.0,0,0,0,A,ACCEPTED,717.0,2023-10-09,2026-10-07,-2.0,True,
LPIN,717,2023-10-09,2026-10-07,0,0,0,0,0,0,0,12.0,0,0,0,A,ACCEPTED,717.0,2023-10-09,2026-10-07,-2.0,True,
LPKR,4120,2010-01-04,2026-10-05,0,0,0,0,0,0,0,12.0,0,0,0,A,,,,,,,
LPLI,717,2023-10-09,2026-10-07,0,0,0,0,0,0,0,12.0,0,0,0,A,ACCEPTED,717.0,2023-10-09,2026-10-07,-2.0,True,
LPPF,717,2023-10-09,2026-10-07,0,0,0,0,0,0,0,12.0,0,0,0,A,ACCEPTED,717.0,2023-10-09,2026-10-07,-2.0,True,
LPPS,717,2023-10-09,2026-10-07,0,0,0,0,0,0,0,12.0,0,0,0,A,ACCEPTED,717.0,2023-10-09,2026-10-07,-2.0,True,
LRNA,716,2023-10-09,2026-10-07,0,0,0,0,0,0,0,12.0,0,0,0,A,ACCEPTED,716.0,2023-10-09,2026-10-07,-2.0,True,
LSIP,717,2023-10-09,2026-10-07,0,0,0,0,0,0,0,12.0,0,0,0,A,ACCEPTED,717.0,2023-10-09,2026-10-07,-2.0,True,
LTLS,717,2023-10-09,2026-10-07,0,0,0,0,0,0,0,12.0,0,0,0,A,ACCEPTED,717.0,2023-10-09,2026-10-07,-2.0,True,
LUCK,716,2023-10-09,2026-10-07,0,0,0,0,0,0,0,12.0,0,0,0,A,ACCEPTED,716.0,2023-10-09,2026-10-07,-2.0,True,
LUCY,716,2023-10-09,2026-10-07,0,0,0,0,0,0,0,12.0,0,0,0,A,ACCEPTED,716.0,2023-10-09,2026-10-07,-2.0,True,
MAHA,716,2023-10-09,2026-10-07,0,0,0,0,0,0,0,12.0,0,0,0,A,ACCEPTED,716.0,2023-10-09,2026-10-07,-2.0,True,
MAIN,717,2023-10-09,2026-10-07,0,0,0,0,0,0,0,12.0,0,0,0,A,ACCEPTED,717.0,2023-10-09,2026-10-07,-2.0,True,
MANG,651,2024-01-11,2026-10-07,0,0,0,0,0,0,0,12.0,0,0,0,A,ACCEPTED,651.0,2024-01-11,2026-10-07,-2.0,True,
MAPA,716,2023-10-09,2026-10-07,0,0,0,0,0,0,0,12.0,0,0,0,A,ACCEPTED,716.0,2023-10-09,2026-10-07,-2.0,True,
MAPB,716,2023-10-09,2026-10-07,0,0,0,0,0,0,0,12.0,0,0,0,A,ACCEPTED,716.0,2023-10-09,2026-10-07,-2.0,True,
MAPI,717,2023-10-09,2026-10-07,0,0,0,0,0,0,0,12.0,0,0,0,A,ACCEPTED,717.0,2023-10-09,2026-10-07,-2.0,True,
MARI,717,2023-10-09,2026-10-06,0,0,0,0,0,0,0,12.0,0,0,0,A,ACCEPTED,717.0,2023-10-09,2026-10-06,-1.0,True,
MARK,716,2023-10-09,2026-10-07,0,0,0,0,0,0,0,12.0,0,0,0,A,ACCEPTED,716.0,2023-10-09,2026-10-07,-2.0,True,
MASB,716,2023-10-09,2026-10-07,0,0,0,0,0,0,0,12.0,0,0,0,A,ACCEPTED,716.0,2023-10-09,2026-10-07,-2.0,True,
MAXI,716,2023-10-09,2026-10-07,0,0,0,0,0,0,0,12.0,0,0,0,A,ACCEPTED,716.0,2023-10-09,2026-10-07,-2.0,True,
MAYA,4120,2010-01-04,2026-10-05,0,0,0,0,1,0,0,12.0,0,1,1,C,,,,,,,
MBAP,716,2023-10-09,2026-10-07,0,0,0,0,0,0,0,12.0,0,0,0,A,ACCEPTED,716.0,2023-10-09,2026-10-07,-2.0,True,
MBMA,716,2023-10-09,2026-10-07,0,0,0,0,0,0,0,12.0,0,0,0,A,ACCEPTED,716.0,2023-10-09,2026-10-07,-2.0,True,
MBSS,716,2023-10-09,2026-10-07,0,0,0,0,0,0,0,12.0,0,0,0,A,ACCEPTED,716.0,2023-10-09,2026-10-07,-2.0,True,
MBTO,716,2023-10-09,2026-10-07,0,0,0,0,0,0,0,12.0,0,0,0,A,ACCEPTED,716.0,2023-10-09,2026-10-07,-2.0,True,
MCAS,716,2023-10-09,2026-10-07,0,0,0,0,0,0,0,12.0,0,0,0,A,ACCEPTED,716.0,2023-10-09,2026-10-07,-2.0,True,
MCOL,716,2023-10-09,2026-10-07,0,0,0,0,0,0,0,12.0,0,0,0,A,ACCEPTED,716.0,2023-10-09,2026-10-07,-2.0,True,
MCOR,717,2023-10-09,2026-10-07,0,0,0,0,0,0,0,12.0,0,0,0,A,ACCEPTED,717.0,2023-10-09,2026-10-07,-2.0,True,
MDIA,717,2023-10-09,2026-10-07,0,0,0,0,0,0,0,12.0,0,0,0,A,ACCEPTED,717.0,2023-10-09,2026-10-07,-2.0,True,
MDIY,427,2024-12-19,2026-10-07,0,0,0,0,0,0,0,12.0,0,0,0,B,ACCEPTED,427.0,2024-12-19,2026-10-07,-2.0,True,
MDKA,716,2023-10-09,2026-10-07,0,0,0,0,0,0,0,12.0,0,0,0,A,ACCEPTED,716.0,2023-10-09,2026-10-07,-2.0,True,
MDKI,716,2023-10-09,2026-10-07,0,0,0,0,0,0,0,12.0,0,0,0,A,ACCEPTED,716.0,2023-10-09,2026-10-07,-2.0,True,
MDLA,358,2025-04-15,2026-10-07,0,0,0,0,0,0,0,8.0,0,0,0,B,ACCEPTED,358.0,2025-04-15,2026-10-07,-2.0,True,
MDLN,717,2023-10-09,2026-10-07,0,0,0,0,0,0,0,12.0,0,0,0,A,ACCEPTED,717.0,2023-10-09,2026-10-07,-2.0,True,
MDRN,717,2023-10-09,2026-10-06,0,0,0,0,0,0,0,12.0,0,0,0,A,ACCEPTED,717.0,2023-10-09,2026-10-06,-1.0,True,
MEDC,4121,2010-01-04,2026-10-05,0,0,0,0,1,0,0,12.0,0,1,1,C,,,,,,,
MEDS,716,2023-10-09,2026-10-07,0,0,0,0,0,0,0,12.0,0,0,0,A,ACCEPTED,716.0,2023-10-09,2026-10-07,-2.0,True,
MEGA,4120,2010-01-04,2026-10-05,0,0,0,0,1,0,0,12.0,0,1,1,C,,,,,,,
MEJA,631,2024-02-12,2026-10-07,0,0,0,0,0,0,0,12.0,0,0,0,A,ACCEPTED,631.0,2024-02-12,2026-10-07,-2.0,True,
MENN,720,2023-10-09,2026-10-06,0,0,0,0,0,0,0,12.0,0,0,0,A,ACCEPTED,720.0,2023-10-09,2026-10-06,-1.0,True,
MERI,305,2025-07-10,2026-10-07,0,0,0,0,0,0,0,8.0,0,0,0,B,ACCEPTED,305.0,2025-07-10,2026-10-07,-2.0,True,
MERK,4121,2010-01-04,2026-10-05,0,0,0,0,0,0,0,12.0,0,0,0,A,,,,,,,
MFMI,720,2023-10-09,2026-10-06,0,0,0,0,0,0,0,12.0,0,0,0,A,ACCEPTED,720.0,2023-10-09,2026-10-06,-1.0,True,
MGLV,716,2023-10-09,2026-10-07,0,0,0,0,0,0,0,12.0,0,0,0,A,ACCEPTED,716.0,2023-10-09,2026-10-07,-2.0,True,
MGNA,716,2023-10-09,2026-10-07,0,0,0,0,0,0,0,12.0,0,0,0,A,ACCEPTED,716.0,2023-10-09,2026-10-07,-2.0,True,
MGRO,716,2023-10-09,2026-10-07,0,0,0,0,0,0,0,12.0,0,0,0,A,ACCEPTED,716.0,2023-10-09,2026-10-07,-2.0,True,
MHKI,595,2024-04-16,2026-10-07,0,0,0,0,0,0,0,12.0,0,0,0,A,ACCEPTED,595.0,2024-04-16,2026-10-07,-2.0,True,
MICE,718,2023-10-09,2026-10-07,0,0,0,0,0,0,0,12.0,0,0,0,A,ACCEPTED,718.0,2023-10-09,2026-10-07,-2.0,True,
MIDI,716,2023-10-09,2026-10-07,0,0,0,0,0,0,0,12.0,0,0,0,A,ACCEPTED,716.0,2023-10-09,2026-10-07,-2.0,True,
MIKA,716,2023-10-09,2026-10-07,0,0,0,0,0,0,0,12.0,0,0,0,A,ACCEPTED,716.0,2023-10-09,2026-10-07,-2.0,True,
MINA,716,2023-10-09,2026-10-07,0,0,0,0,0,0,0,12.0,0,0,0,A,ACCEPTED,716.0,2023-10-09,2026-10-07,-2.0,True,
MINE,377,2025-03-10,2026-10-07,0,0,0,0,0,0,0,12.0,0,0,0,B,ACCEPTED,377.0,2025-03-10,2026-10-07,-2.0,True,
MIRA,716,2023-10-09,2026-10-07,0,0,0,0,0,0,0,12.0,0,0,0,A,ACCEPTED,716.0,2023-10-09,2026-10-07,-2.0,True,
MITI,716,2023-10-09,2026-10-07,0,0,0,0,0,0,0,12.0,0,0,0,A,ACCEPTED,716.0,2023-10-09,2026-10-07,-2.0,True,
MKAP,631,2024-02-12,2026-10-07,0,0,0,0,0,0,0,12.0,0,0,0,A,ACCEPTED,631.0,2024-02-12,2026-10-07,-2.0,True,
MKNT,720,2023-10-09,2026-10-06,0,0,0,0,0,0,0,12.0,0,0,0,A,ACCEPTED,720.0,2023-10-09,2026-10-06,-1.0,True,
MKPI,716,2023-10-09,2026-10-07,0,0,0,0,0,0,0,12.0,0,0,0,A,ACCEPTED,716.0,2023-10-09,2026-10-07,-2.0,True,
MKTR,716,2023-10-09,2026-10-07,0,0,0,0,0,0,0,12.0,0,0,0,A,ACCEPTED,716.0,2023-10-09,2026-10-07,-2.0,True,
MLBI,4121,2010-01-04,2026-10-05,0,0,0,0,0,0,0,12.0,0,0,0,A,,,,,,,
MLIA,717,2023-10-09,2026-10-07,0,0,0,0,0,0,0,12.0,0,0,0,A,ACCEPTED,717.0,2023-10-09,2026-10-07,-2.0,True,
MLPL,717,2023-10-09,2026-10-07,0,0,0,0,0,0,0,12.0,0,0,0,A,ACCEPTED,717.0,2023-10-09,2026-10-07,-2.0,True,
MLPT,3246,2013-07-08,2026-10-05,0,0,0,0,0,0,0,12.0,0,0,0,A,,,,,,,
MMIX,717,2023-10-09,2026-10-07,0,0,0,0,0,0,0,12.0,0,0,0,A,ACCEPTED,717.0,2023-10-09,2026-10-07,-2.0,True,
MMLP,716,2023-10-09,2026-10-07,0,0,0,0,0,0,0,12.0,0,0,0,A,ACCEPTED,716.0,2023-10-09,2026-10-07,-2.0,True,
MNCN,717,2023-10-09,2026-10-07,0,0,0,0,0,0,0,12.0,0,0,0,A,ACCEPTED,717.0,2023-10-09,2026-10-07,-2.0,True,
MOLI,716,2023-10-09,2026-10-07,0,0,0,0,0,0,0,12.0,0,0,0,A,ACCEPTED,716.0,2023-10-09,2026-10-07,-2.0,True,
MORA,716,2023-10-09,2026-10-07,0,0,0,0,0,0,0,12.0,0,0,0,A,ACCEPTED,716.0,2023-10-09,2026-10-07,-2.0,True,
MPMX,716,2023-10-09,2026-10-07,0,0,0,0,2,0,0,12.0,0,2,2,C,ACCEPTED,716.0,2023-10-09,2026-10-07,-2.0,True,
MPOW,716,2023-10-09,2026-10-07,0,0,0,0,0,0,0,12.0,0,0,0,A,ACCEPTED,716.0,2023-10-09,2026-10-07,-2.0,True,
MPPA,717,2023-10-09,2026-10-07,0,0,0,0,0,0,0,12.0,0,0,0,A,ACCEPTED,717.0,2023-10-09,2026-10-07,-2.0,True,
MPRO,718,2023-10-09,2026-10-07,0,0,0,0,0,0,0,12.0,0,0,0,A,ACCEPTED,718.0,2023-10-09,2026-10-07,-2.0,True,
MPXL,716,2023-10-09,2026-10-07,0,0,0,0,0,0,0,12.0,0,0,0,A,ACCEPTED,716.0,2023-10-09,2026-10-07,-2.0,True,
MRAT,717,2023-10-09,2026-10-07,0,0,0,0,0,0,0,12.0,0,0,0,A,ACCEPTED,717.0,2023-10-09,2026-10-07,-2.0,True,
MREI,717,2023-10-09,2026-10-06,0,0,0,0,0,0,0,12.0,0,0,0,A,ACCEPTED,717.0,2023-10-09,2026-10-06,-1.0,True,
MSIE,717,2023-10-09,2026-10-07,0,0,0,0,0,0,0,12.0,0,0,0,A,ACCEPTED,717.0,2023-10-09,2026-10-07,-2.0,True,
MSIN,716,2023-10-09,2026-10-07,0,0,0,0,0,0,0,12.0,0,0,0,A,ACCEPTED,716.0,2023-10-09,2026-10-07,-2.0,True,
MSJA,652,2024-01-10,2026-10-07,0,0,0,0,0,0,0,12.0,0,0,0,A,ACCEPTED,652.0,2024-01-10,2026-10-07,-2.0,True,
MSKY,716,2023-10-09,2026-10-07,0,0,0,0,0,0,0,12.0,0,0,0,A,ACCEPTED,716.0,2023-10-09,2026-10-07,-2.0,True,
MSTI,694,2023-11-08,2026-10-07,0,0,0,0,0,0,0,12.0,0,0,0,A,ACCEPTED,694.0,2023-11-08,2026-10-07,-2.0,True,
MTDL,4121,2010-01-04,2026-10-05,0,0,0,0,0,0,0,12.0,0,0,0,A,,,,,,,
MTEL,716,2023-10-09,2026-10-07,0,0,0,0,1,0,0,12.0,0,1,1,C,ACCEPTED,716.0,2023-10-09,2026-10-07,-2.0,True,
MTFN,717,2023-10-09,2026-10-06,0,0,0,0,0,0,0,12.0,0,0,0,A,ACCEPTED,717.0,2023-10-09,2026-10-06,-1.0,True,
MTLA,716,2023-10-09,2026-10-07,0,0,0,0,0,0,0,12.0,0,0,0,A,ACCEPTED,716.0,2023-10-09,2026-10-07,-2.0,True,
MTMH,716,2023-10-09,2026-10-07,0,0,0,0,0,0,0,12.0,0,0,0,A,ACCEPTED,716.0,2023-10-09,2026-10-07,-2.0,True,
MTPS,720,2023-10-09,2026-10-06,0,0,0,0,0,0,0,12.0,0,0,0,A,ACCEPTED,720.0,2023-10-09,2026-10-06,-1.0,True,
MTSM,720,2023-10-09,2026-10-06,0,0,0,0,0,0,0,12.0,0,0,0,A,ACCEPTED,720.0,2023-10-09,2026-10-06,-1.0,True,
MTWI,716,2023-10-09,2026-10-07,0,0,0,0,0,0,0,12.0,0,0,0,A,ACCEPTED,716.0,2023-10-09,2026-10-07,-2.0,True,
MUTU,716,2023-10-09,2026-10-07,0,0,0,0,0,0,0,12.0,0,0,0,A,ACCEPTED,716.0,2023-10-09,2026-10-07,-2.0,True,
MYOH,716,2023-10-09,2026-10-07,0,0,0,0,0,0,0,12.0,0,0,0,A,ACCEPTED,716.0,2023-10-09,2026-10-07,-2.0,True,
MYOR,4121,2010-01-04,2026-10-05,0,0,0,0,1,0,0,12.0,0,1,1,C,,,,,,,
MYTX,717,2023-10-09,2026-10-06,0,0,0,0,0,0,0,12.0,0,0,0,A,ACCEPTED,717.0,2023-10-09,2026-10-06,-1.0,True,
NAIK,452,2024-11-13,2026-10-07,0,0,0,0,0,0,0,12.0,0,0,0,B,ACCEPTED,452.0,2024-11-13,2026-10-07,-2.0,True,
NANO,716,2023-10-09,2026-10-07,0,0,0,0,0,0,0,12.0,0,0,0,A,ACCEPTED,716.0,2023-10-09,2026-10-07,-2.0,True,
NASA,716,2023-10-09,2026-10-07,0,0,0,0,0,0,0,12.0,0,0,0,A,ACCEPTED,716.0,2023-10-09,2026-10-07,-2.0,True,
NASI,716,2023-10-09,2026-10-07,0,0,0,0,0,0,0,12.0,0,0,0,A,ACCEPTED,716.0,2023-10-09,2026-10-07,-2.0,True,
NATO,716,2023-10-09,2026-10-07,0,0,0,0,0,0,0,12.0,0,0,0,A,ACCEPTED,716.0,2023-10-09,2026-10-07,-2.0,True,
NAYZ,716,2023-10-09,2026-10-07,0,0,0,0,0,0,0,12.0,0,0,0,A,ACCEPTED,716.0,2023-10-09,2026-10-07,-2.0,True,
NCKL,716,2023-10-09,2026-10-07,0,0,0,0,0,0,0,12.0,0,0,0,A,ACCEPTED,716.0,2023-10-09,2026-10-07,-2.0,True,
NELY,716,2023-10-09,2026-10-07,0,0,0,0,0,0,0,12.0,0,0,0,A,ACCEPTED,716.0,2023-10-09,2026-10-07,-2.0,True,
NEST,520,2024-08-08,2026-10-07,0,0,0,0,0,0,0,12.0,0,0,0,A,ACCEPTED,520.0,2024-08-08,2026-10-07,-2.0,True,
NETV,716,2023-10-09,2026-10-07,0,0,0,0,0,0,0,12.0,0,0,0,A,ACCEPTED,716.0,2023-10-09,2026-10-07,-2.0,True,
NFCX,716,2023-10-09,2026-10-07,0,0,0,0,0,0,0,12.0,0,0,0,A,ACCEPTED,716.0,2023-10-09,2026-10-07,-2.0,True,
NICE,653,2024-01-09,2026-10-07,0,0,0,0,0,0,0,12.0,0,0,0,A,ACCEPTED,653.0,2024-01-09,2026-10-07,-2.0,True,
NICK,715,2023-10-09,2026-10-06,0,0,0,0,0,0,0,12.0,0,0,0,A,ACCEPTED,715.0,2023-10-09,2026-10-06,-1.0,True,
NICL,716,2023-10-09,2026-10-07,0,0,0,0,0,0,0,12.0,0,0,0,A,ACCEPTED,716.0,2023-10-09,2026-10-07,-2.0,True,
NIKL,716,2023-10-09,2026-10-07,0,0,0,0,0,0,0,12.0,0,0,0,A,ACCEPTED,716.0,2023-10-09,2026-10-07,-2.0,True,
NINE,716,2023-10-09,2026-10-07,0,0,0,0,0,0,0,12.0,0,0,0,A,ACCEPTED,716.0,2023-10-09,2026-10-07,-2.0,True,
NIRO,716,2023-10-09,2026-10-07,0,0,0,0,0,0,0,12.0,0,0,0,A,ACCEPTED,716.0,2023-10-09,2026-10-07,-2.0,True,
NISP,4121,2010-01-04,2026-10-05,0,0,0,0,3,0,0,12.0,0,3,3,C,,,,,,,
NOBU,3287,2013-05-20,2026-10-05,0,0,0,0,1,0,0,12.0,0,1,1,C,,,,,,,
NPGF,716,2023-10-09,2026-10-07,0,0,0,0,0,0,0,12.0,0,0,0,A,ACCEPTED,716.0,2023-10-09,2026-10-07,-2.0,True,
NRCA,716,2023-10-09,2026-10-07,0,0,0,0,0,0,0,12.0,0,0,0,A,ACCEPTED,716.0,2023-10-09,2026-10-07,-2.0,True,
NSSS,716,2023-10-09,2026-10-07,0,0,0,0,0,0,0,12.0,0,0,0,A,ACCEPTED,716.0,2023-10-09,2026-10-07,-2.0,True,
NTBK,716,2023-10-09,2026-10-07,0,0,0,0,0,0,0,12.0,0,0,0,A,ACCEPTED,716.0,2023-10-09,2026-10-07,-2.0,True,
NZIA,716,2023-10-09,2026-10-07,0,0,0,0,0,0,0,12.0,0,0,0,A,ACCEPTED,716.0,2023-10-09,2026-10-07,-2.0,True,
OASA,716,2023-10-09,2026-10-07,0,0,0,0,0,0,0,12.0,0,0,0,A,ACCEPTED,716.0,2023-10-09,2026-10-07,-2.0,True,
OBAT,414,2025-01-13,2026-10-07,0,0,0,0,0,0,0,12.0,0,0,0,B,ACCEPTED,414.0,2025-01-13,2026-10-07,-2.0,True,
OBMD,716,2023-10-09,2026-10-07,0,0,0,0,0,0,0,12.0,0,0,0,A,ACCEPTED,716.0,2023-10-09,2026-10-07,-2.0,True,
OILS,716,2023-10-09,2026-10-07,0,0,0,0,0,0,0,12.0,0,0,0,A,ACCEPTED,716.0,2023-10-09,2026-10-07,-2.0,True,
OKAS,716,2023-10-09,2026-10-07,0,0,0,0,0,0,0,12.0,0,0,0,A,ACCEPTED,716.0,2023-10-09,2026-10-07,-2.0,True,
OLIV,716,2023-10-09,2026-10-07,0,0,0,0,0,0,0,12.0,0,0,0,A,ACCEPTED,716.0,2023-10-09,2026-10-07,-2.0,True,
OMED,716,2023-10-09,2026-10-07,0,0,0,0,0,0,0,12.0,0,0,0,A,ACCEPTED,716.0,2023-10-09,2026-10-07,-2.0,True,
OMRE,717,2023-10-09,2026-10-07,0,0,0,0,0,0,0,12.0,0,0,0,A,ACCEPTED,717.0,2023-10-09,2026-10-07,-2.0,True,
OPMS,716,2023-10-09,2026-10-07,0,0,0,0,0,0,0,12.0,0,0,0,A,ACCEPTED,716.0,2023-10-09,2026-10-07,-2.0,True,
PACK,716,2023-10-09,2026-10-07,0,0,0,0,0,0,0,12.0,0,0,0,A,ACCEPTED,716.0,2023-10-09,2026-10-07,-2.0,True,
PADA,716,2023-10-09,2026-10-07,0,0,0,0,0,0,0,12.0,0,0,0,A,ACCEPTED,716.0,2023-10-09,2026-10-07,-2.0,True,
PADI,716,2023-10-09,2026-10-07,0,0,0,0,0,0,0,12.0,0,0,0,A,ACCEPTED,716.0,2023-10-09,2026-10-07,-2.0,True,
PALM,716,2023-10-09,2026-10-07,0,0,0,0,0,0,0,12.0,0,0,0,A,ACCEPTED,716.0,2023-10-09,2026-10-07,-2.0,True,
PAMG,716,2023-10-09,2026-10-07,0,0,0,0,0,0,0,12.0,0,0,0,A,ACCEPTED,716.0,2023-10-09,2026-10-07,-2.0,True,
PANI,1963,2018-09-18,2026-10-05,0,0,0,0,0,0,0,12.0,0,0,0,A,,,,,,,
PANR,716,2023-10-09,2026-10-07,0,0,0,0,1,0,0,12.0,0,1,1,C,ACCEPTED,716.0,2023-10-09,2026-10-07,-2.0,True,
PANS,716,2023-10-09,2026-10-07,0,0,0,0,0,0,0,12.0,0,0,0,A,ACCEPTED,716.0,2023-10-09,2026-10-07,-2.0,True,
PART,544,2024-07-05,2026-10-07,0,0,0,0,0,0,0,12.0,0,0,0,A,ACCEPTED,544.0,2024-07-05,2026-10-07,-2.0,True,
PBID,716,2023-10-09,2026-10-07,0,0,0,0,1,0,0,12.0,0,1,1,C,ACCEPTED,716.0,2023-10-09,2026-10-07,-2.0,True,
PBRX,717,2023-10-09,2026-10-07,0,0,0,0,0,0,0,12.0,0,0,0,A,ACCEPTED,717.0,2023-10-09,2026-10-07,-2.0,True,
PBSA,716,2023-10-09,2026-10-07,0,0,0,0,1,0,0,12.0,0,1,1,C,ACCEPTED,716.0,2023-10-09,2026-10-07,-2.0,True,
PCAR,716,2023-10-09,2026-10-07,0,0,0,0,0,0,0,12.0,0,0,0,A,ACCEPTED,716.0,2023-10-09,2026-10-07,-2.0,True,
PDES,716,2023-10-09,2026-10-07,0,0,0,0,0,0,0,12.0,0,0,0,A,ACCEPTED,716.0,2023-10-09,2026-10-07,-2.0,True,
PDPP,716,2023-10-09,2026-10-07,0,0,0,0,0,0,0,12.0,0,0,0,A,ACCEPTED,716.0,2023-10-09,2026-10-07,-2.0,True,
PEGE,716,2023-10-09,2026-10-07,0,0,0,0,0,0,0,12.0,0,0,0,A,ACCEPTED,716.0,2023-10-09,2026-10-07,-2.0,True,
PEHA,716,2023-10-09,2026-10-07,0,0,0,0,0,0,0,12.0,0,0,0,A,ACCEPTED,716.0,2023-10-09,2026-10-07,-2.0,True,
PEVE,716,2023-10-09,2026-10-07,0,0,0,0,0,0,0,12.0,0,0,0,A,ACCEPTED,716.0,2023-10-09,2026-10-07,-2.0,True,
PGAS,4120,2010-01-04,2026-10-05,0,0,0,0,1,0,0,12.0,0,1,1,C,,,,,,,
PGEO,716,2023-10-09,2026-10-07,0,0,0,0,0,0,0,12.0,0,0,0,A,ACCEPTED,716.0,2023-10-09,2026-10-07,-2.0,True,
PGJO,716,2023-10-09,2026-10-07,0,0,0,0,0,0,0,12.0,0,0,0,A,ACCEPTED,716.0,2023-10-09,2026-10-07,-2.0,True,
PGLI,716,2023-10-09,2026-10-07,0,0,0,0,0,0,0,12.0,0,0,0,A,ACCEPTED,716.0,2023-10-09,2026-10-07,-2.0,True,
PGUN,716,2023-10-09,2026-10-07,0,0,0,0,0,0,0,12.0,0,0,0,A,ACCEPTED,716.0,2023-10-09,2026-10-07,-2.0,True,
PICO,717,2023-10-09,2026-10-07,0,0,0,0,0,0,0,12.0,0,0,0,A,ACCEPTED,717.0,2023-10-09,2026-10-07,-2.0,True,
PIPA,716,2023-10-09,2026-10-07,0,0,0,0,0,0,0,12.0,0,0,0,A,ACCEPTED,716.0,2023-10-09,2026-10-07,-2.0,True,
PJAA,717,2023-10-09,2026-10-07,0,0,0,0,0,0,0,12.0,0,0,0,A,ACCEPTED,717.0,2023-10-09,2026-10-07,-2.0,True,
PJHB,222,2025-11-06,2026-10-07,0,0,0,0,0,0,0,8.0,0,0,0,B,ACCEPTED,222.0,2025-11-06,2026-10-07,-2.0,True,
PKPK,716,2023-10-09,2026-10-07,0,0,0,0,0,0,0,12.0,0,0,0,A,ACCEPTED,716.0,2023-10-09,2026-10-07,-2.0,True,
PLAN,716,2023-10-09,2026-10-07,0,0,0,0,0,0,0,12.0,0,0,0,A,ACCEPTED,716.0,2023-10-09,2026-10-07,-2.0,True,
PLIN,720,2023-10-09,2026-10-06,0,0,0,0,0,0,0,12.0,0,0,0,A,ACCEPTED,720.0,2023-10-09,2026-10-06,-1.0,True,
PMJS,716,2023-10-09,2026-10-07,0,0,0,0,0,0,0,12.0,0,0,0,A,ACCEPTED,716.0,2023-10-09,2026-10-07,-2.0,True,
PMMP,720,2023-10-09,2026-10-06,0,0,0,0,0,0,0,12.0,0,0,0,A,ACCEPTED,720.0,2023-10-09,2026-10-06,-1.0,True,
PMUI,305,2025-07-10,2026-10-07,0,0,0,0,0,0,0,8.0,0,0,0,B,ACCEPTED,305.0,2025-07-10,2026-10-07,-2.0,True,
PNBN,4121,2010-01-04,2026-10-05,0,0,0,0,0,0,0,12.0,0,0,0,A,,,,,,,
PNBS,716,2023-10-09,2026-10-07,0,0,0,0,0,0,0,12.0,0,0,0,A,ACCEPTED,716.0,2023-10-09,2026-10-07,-2.0,True,
PNGO,716,2023-10-09,2026-10-07,0,0,0,0,0,0,0,12.0,0,0,0,A,ACCEPTED,716.0,2023-10-09,2026-10-07,-2.0,True,
PNIN,717,2023-10-09,2026-10-07,0,0,0,0,0,0,0,12.0,0,0,0,A,ACCEPTED,717.0,2023-10-09,2026-10-07,-2.0,True,
PNLF,717,2023-10-09,2026-10-07,0,0,0,0,0,0,0,12.0,0,0,0,A,ACCEPTED,717.0,2023-10-09,2026-10-07,-2.0,True,
PNSE,717,2023-10-09,2026-10-07,0,0,0,0,0,0,0,12.0,0,0,0,A,ACCEPTED,717.0,2023-10-09,2026-10-07,-2.0,True,
POLA,715,2023-10-09,2026-10-06,0,0,0,0,0,0,0,12.0,0,0,0,A,ACCEPTED,715.0,2023-10-09,2026-10-06,-1.0,True,
POLI,716,2023-10-09,2026-10-07,0,0,0,0,0,0,0,12.0,0,0,0,A,ACCEPTED,716.0,2023-10-09,2026-10-07,-2.0,True,
POLL,720,2023-10-09,2026-10-06,0,0,0,0,0,0,0,12.0,0,0,0,A,ACCEPTED,720.0,2023-10-09,2026-10-06,-1.0,True,
POLU,716,2023-10-09,2026-10-07,0,0,0,0,0,0,0,12.0,0,0,0,A,ACCEPTED,716.0,2023-10-09,2026-10-07,-2.0,True,
POLY,720,2023-10-09,2026-10-06,0,0,0,0,0,0,0,12.0,0,0,0,A,ACCEPTED,720.0,2023-10-09,2026-10-06,-1.0,True,
PORT,716,2023-10-09,2026-10-07,0,0,0,0,0,0,0,12.0,0,0,0,A,ACCEPTED,716.0,2023-10-09,2026-10-07,-2.0,True,
POWR,2536,2016-06-14,2026-10-05,0,0,0,0,0,0,0,12.0,0,0,0,A,,,,,,,
PPGL,715,2023-10-09,2026-10-06,0,0,0,0,0,0,0,12.0,0,0,0,A,ACCEPTED,715.0,2023-10-09,2026-10-06,-1.0,True,
PPRE,716,2023-10-09,2026-10-07,0,0,0,0,0,0,0,12.0,0,0,0,A,ACCEPTED,716.0,2023-10-09,2026-10-07,-2.0,True,
PPRI,716,2023-10-09,2026-10-07,0,0,0,0,0,0,0,12.0,0,0,0,A,ACCEPTED,716.0,2023-10-09,2026-10-07,-2.0,True,
PPRO,716,2023-10-09,2026-10-07,0,0,0,0,0,0,0,12.0,0,0,0,A,ACCEPTED,716.0,2023-10-09,2026-10-07,-2.0,True,
PRAY,716,2023-10-09,2026-10-07,0,0,0,0,0,0,0,12.0,0,0,0,A,ACCEPTED,716.0,2023-10-09,2026-10-07,-2.0,True,
PRDA,716,2023-10-09,2026-10-07,0,0,0,0,0,0,0,12.0,0,0,0,A,ACCEPTED,716.0,2023-10-09,2026-10-07,-2.0,True,
PRIM,716,2023-10-09,2026-10-07,0,0,0,0,0,0,0,12.0,0,0,0,A,ACCEPTED,716.0,2023-10-09,2026-10-07,-2.0,True,
PSAB,717,2023-10-09,2026-10-07,0,0,0,0,1,0,0,12.0,0,1,1,C,ACCEPTED,717.0,2023-10-09,2026-10-07,-2.0,True,
PSAT,307,2025-07-08,2026-10-07,0,0,0,0,0,0,0,8.0,0,0,0,B,ACCEPTED,307.0,2025-07-08,2026-10-07,-2.0,True,
PSDN,717,2023-10-09,2026-10-07,0,0,0,0,0,0,0,12.0,0,0,0,A,ACCEPTED,717.0,2023-10-09,2026-10-07,-2.0,True,
PSGO,716,2023-10-09,2026-10-07,0,0,0,0,0,0,0,12.0,0,0,0,A,ACCEPTED,716.0,2023-10-09,2026-10-07,-2.0,True,
PSKT,716,2023-10-09,2026-10-07,0,0,0,0,0,0,0,12.0,0,0,0,A,ACCEPTED,716.0,2023-10-09,2026-10-07,-2.0,True,
PSSI,716,2023-10-09,2026-10-07,0,0,0,0,0,0,0,12.0,0,0,0,A,ACCEPTED,716.0,2023-10-09,2026-10-07,-2.0,True,
PTBA,4120,2010-01-04,2026-10-05,0,0,0,0,4,0,0,12.0,0,4,4,C,,,,,,,
PTDU,720,2023-10-09,2026-10-06,0,0,0,0,0,0,0,12.0,0,0,0,A,ACCEPTED,720.0,2023-10-09,2026-10-06,-1.0,True,
PTIS,716,2023-10-09,2026-10-07,0,0,0,0,0,0,0,12.0,0,0,0,A,ACCEPTED,716.0,2023-10-09,2026-10-07,-2.0,True,
PTMP,716,2023-10-09,2026-10-07,0,0,0,0,0,0,0,12.0,0,0,0,A,ACCEPTED,716.0,2023-10-09,2026-10-07,-2.0,True,
PTMR,482,2024-10-08,2026-10-06,0,0,0,0,0,0,0,12.0,0,0,0,B,ACCEPTED,482.0,2024-10-08,2026-10-06,-1.0,True,
PTPP,4093,2010-02-09,2026-10-05,0,0,0,0,0,0,0,12.0,0,0,0,A,,,,,,,
PTPS,716,2023-10-09,2026-10-07,0,0,0,0,0,0,0,12.0,0,0,0,A,ACCEPTED,716.0,2023-10-09,2026-10-07,-2.0,True,
PTPW,716,2023-10-09,2026-10-07,0,0,0,0,0,0,0,12.0,0,0,0,A,ACCEPTED,716.0,2023-10-09,2026-10-07,-2.0,True,
PTRO,717,2023-10-09,2026-10-07,0,0,0,0,0,0,0,12.0,0,0,0,A,ACCEPTED,717.0,2023-10-09,2026-10-07,-2.0,True,
PTSN,716,2023-10-09,2026-10-07,0,0,0,0,0,0,0,12.0,0,0,0,A,ACCEPTED,716.0,2023-10-09,2026-10-07,-2.0,True,
PTSP,717,2023-10-09,2026-10-07,0,0,0,0,0,0,0,12.0,0,0,0,A,ACCEPTED,717.0,2023-10-09,2026-10-07,-2.0,True,
PUDP,717,2023-10-09,2026-10-07,0,0,0,0,0,0,0,12.0,0,0,0,A,ACCEPTED,717.0,2023-10-09,2026-10-07,-2.0,True,
PURA,716,2023-10-09,2026-10-07,0,0,0,0,0,0,0,12.0,0,0,0,A,ACCEPTED,716.0,2023-10-09,2026-10-07,-2.0,True,
PURI,716,2023-10-09,2026-10-07,0,0,0,0,0,0,0,12.0,0,0,0,A,ACCEPTED,716.0,2023-10-09,2026-10-07,-2.0,True,
PWON,4120,2010-01-04,2026-10-05,0,0,0,0,0,0,0,12.0,0,0,0,A,,,,,,,
PYFA,4120,2010-01-04,2026-10-05,0,0,0,0,2,0,0,12.0,0,2,2,C,,,,,,,
PZZA,716,2023-10-09,2026-10-07,0,0,0,0,0,0,0,12.0,0,0,0,A,ACCEPTED,716.0,2023-10-09,2026-10-07,-2.0,True,
RAAM,716,2023-10-09,2026-10-07,0,0,0,0,0,0,0,12.0,0,0,0,A,ACCEPTED,716.0,2023-10-09,2026-10-07,-2.0,True,
RAFI,720,2023-10-09,2026-10-06,0,0,0,0,0,0,0,12.0,0,0,0,A,ACCEPTED,720.0,2023-10-09,2026-10-06,-1.0,True,
RAJA,720,2023-10-09,2026-10-07,0,0,0,0,0,0,0,12.0,0,0,0,A,ACCEPTED,720.0,2023-10-09,2026-10-07,-2.0,True,
RALS,717,2023-10-09,2026-10-07,0,0,0,0,0,0,0,12.0,0,0,0,A,ACCEPTED,717.0,2023-10-09,2026-10-07,-2.0,True,
RANC,716,2023-10-09,2026-10-07,0,0,0,0,0,0,0,12.0,0,0,0,A,ACCEPTED,716.0,2023-10-09,2026-10-07,-2.0,True,
RATU,417,2025-01-08,2026-10-07,0,0,0,0,0,0,0,12.0,0,0,0,B,ACCEPTED,417.0,2025-01-08,2026-10-07,-2.0,True,
RBMS,717,2023-10-09,2026-10-07,0,0,0,0,0,0,0,12.0,0,0,0,A,ACCEPTED,717.0,2023-10-09,2026-10-07,-2.0,True,
RCCC,716,2023-10-09,2026-10-07,0,0,0,0,0,0,0,12.0,0,0,0,A,ACCEPTED,716.0,2023-10-09,2026-10-07,-2.0,True,
RDTX,719,2023-10-09,2026-10-07,0,0,0,0,0,0,0,12.0,0,0,0,A,ACCEPTED,719.0,2023-10-09,2026-10-07,-2.0,True,
REAL,716,2023-10-09,2026-10-07,0,0,0,0,0,0,0,12.0,0,0,0,A,ACCEPTED,716.0,2023-10-09,2026-10-07,-2.0,True,
RELF,716,2023-10-09,2026-10-07,0,0,0,0,0,0,0,12.0,0,0,0,A,ACCEPTED,716.0,2023-10-09,2026-10-07,-2.0,True,
RELI,716,2023-10-09,2026-10-07,0,0,0,0,0,0,0,12.0,0,0,0,A,ACCEPTED,716.0,2023-10-09,2026-10-07,-2.0,True,
RGAS,694,2023-11-08,2026-10-07,0,0,0,0,0,0,0,12.0,0,0,0,A,ACCEPTED,694.0,2023-11-08,2026-10-07,-2.0,True,
RICY,717,2023-10-09,2026-10-07,0,0,0,0,0,0,0,12.0,0,0,0,A,ACCEPTED,717.0,2023-10-09,2026-10-07,-2.0,True,
RIGS,717,2023-10-09,2026-10-07,0,0,0,0,0,0,0,12.0,0,0,0,A,ACCEPTED,717.0,2023-10-09,2026-10-07,-2.0,True,
RISE,716,2023-10-09,2026-10-07,0,0,0,0,0,0,0,12.0,0,0,0,A,ACCEPTED,716.0,2023-10-09,2026-10-07,-2.0,True,
RLCO,200,2025-12-08,2026-10-07,0,0,0,0,0,0,0,8.0,0,0,0,B,ACCEPTED,200.0,2025-12-08,2026-10-07,-2.0,True,
RMKE,719,2023-10-09,2026-10-07,0,0,0,0,0,0,0,12.0,0,0,0,A,ACCEPTED,719.0,2023-10-09,2026-10-07,-2.0,True,
RMKO,716,2023-10-09,2026-10-07,0,0,0,0,0,0,0,12.0,0,0,0,A,ACCEPTED,716.0,2023-10-09,2026-10-07,-2.0,True,
ROCK,716,2023-10-09,2026-10-07,0,0,0,0,0,0,0,12.0,0,0,0,A,ACCEPTED,716.0,2023-10-09,2026-10-07,-2.0,True,
RODA,717,2023-10-09,2026-10-07,0,0,0,0,0,0,0,12.0,0,0,0,A,ACCEPTED,717.0,2023-10-09,2026-10-07,-2.0,True,
RONY,716,2023-10-09,2026-10-07,0,0,0,0,0,0,0,12.0,0,0,0,A,ACCEPTED,716.0,2023-10-09,2026-10-07,-2.0,True,
ROTI,3999,2010-06-28,2026-10-05,0,0,0,0,2,0,0,12.0,0,2,2,C,,,,,,,
RSCH,716,2023-10-09,2026-10-07,0,0,0,0,0,0,0,12.0,0,0,0,A,ACCEPTED,716.0,2023-10-09,2026-10-07,-2.0,True,
RSGK,716,2023-10-09,2026-10-07,0,0,0,0,0,0,0,12.0,0,0,0,A,ACCEPTED,716.0,2023-10-09,2026-10-07,-2.0,True,
RUIS,716,2023-10-09,2026-10-07,0,0,0,0,0,0,0,12.0,0,0,0,A,ACCEPTED,716.0,2023-10-09,2026-10-07,-2.0,True,
RUNS,716,2023-10-09,2026-10-07,0,0,0,0,0,0,0,12.0,0,0,0,A,ACCEPTED,716.0,2023-10-09,2026-10-07,-2.0,True,
SAFE,717,2023-10-09,2026-10-07,0,0,0,0,0,0,0,12.0,0,0,0,A,ACCEPTED,717.0,2023-10-09,2026-10-07,-2.0,True,
SAGE,716,2023-10-09,2026-10-07,0,0,0,0,0,0,0,12.0,0,0,0,A,ACCEPTED,716.0,2023-10-09,2026-10-07,-2.0,True,
SAME,716,2023-10-09,2026-10-07,0,0,0,0,0,0,0,12.0,0,0,0,A,ACCEPTED,716.0,2023-10-09,2026-10-07,-2.0,True,
SAMF,716,2023-10-09,2026-10-07,0,0,0,0,0,0,0,12.0,0,0,0,A,ACCEPTED,716.0,2023-10-09,2026-10-07,-2.0,True,
SAPX,716,2023-10-09,2026-10-07,0,0,0,0,0,0,0,12.0,0,0,0,A,ACCEPTED,716.0,2023-10-09,2026-10-07,-2.0,True,
SATU,716,2023-10-09,2026-10-07,0,0,0,0,0,0,0,12.0,0,0,0,A,ACCEPTED,716.0,2023-10-09,2026-10-07,-2.0,True,
SBAT,720,2023-10-09,2026-10-06,0,0,0,0,0,0,0,12.0,0,0,0,A,ACCEPTED,720.0,2023-10-09,2026-10-06,-1.0,True,
SBMA,716,2023-10-09,2026-10-07,0,0,0,0,0,0,0,12.0,0,0,0,A,ACCEPTED,716.0,2023-10-09,2026-10-07,-2.0,True,
SCCO,717,2023-10-09,2026-10-07,0,0,0,0,4,0,0,12.0,0,4,4,C,ACCEPTED,717.0,2023-10-09,2026-10-07,-2.0,True,
SCMA,717,2023-10-09,2026-10-07,0,0,0,0,0,0,0,12.0,0,0,0,A,ACCEPTED,717.0,2023-10-09,2026-10-07,-2.0,True,
SCNP,716,2023-10-09,2026-10-07,0,0,0,0,0,0,0,12.0,0,0,0,A,ACCEPTED,716.0,2023-10-09,2026-10-07,-2.0,True,
SDMU,716,2023-10-09,2026-10-07,0,0,0,0,0,0,0,12.0,0,0,0,A,ACCEPTED,716.0,2023-10-09,2026-10-07,-2.0,True,
SDPC,717,2023-10-09,2026-10-07,0,0,0,0,0,0,0,12.0,0,0,0,A,ACCEPTED,717.0,2023-10-09,2026-10-07,-2.0,True,
SDRA,4120,2010-01-04,2026-10-05,0,0,0,0,2,0,0,12.0,0,2,2,C,,,,,,,
SEMA,716,2023-10-09,2026-10-07,0,0,0,0,0,0,0,12.0,0,0,0,A,ACCEPTED,716.0,2023-10-09,2026-10-07,-2.0,True,
SFAN,716,2023-10-09,2026-10-07,0,0,0,0,0,0,0,12.0,0,0,0,A,ACCEPTED,716.0,2023-10-09,2026-10-07,-2.0,True,
SGER,716,2023-10-09,2026-10-07,0,0,0,0,0,0,0,12.0,0,0,0,A,ACCEPTED,716.0,2023-10-09,2026-10-07,-2.0,True,
SGRO,717,2023-10-09,2026-10-07,0,0,0,0,0,0,0,12.0,0,0,0,A,ACCEPTED,717.0,2023-10-09,2026-10-07,-2.0,True,
SHID,716,2023-10-09,2026-10-07,0,0,0,0,0,0,0,12.0,0,0,0,A,ACCEPTED,716.0,2023-10-09,2026-10-07,-2.0,True,
SHIP,717,2023-10-09,2026-10-07,0,0,0,0,0,0,0,12.0,0,0,0,A,ACCEPTED,717.0,2023-10-09,2026-10-07,-2.0,True,
SICO,716,2023-10-09,2026-10-07,0,0,0,0,0,0,0,12.0,0,0,0,A,ACCEPTED,716.0,2023-10-09,2026-10-07,-2.0,True,
SIDO,3137,2013-12-18,2026-10-05,0,0,0,0,0,0,0,12.0,0,0,0,A,,,,,,,
SILO,716,2023-10-09,2026-10-07,0,0,0,0,0,0,0,12.0,0,0,0,A,ACCEPTED,716.0,2023-10-09,2026-10-07,-2.0,True,
SIMP,716,2023-10-09,2026-10-07,0,0,0,0,0,0,0,12.0,0,0,0,A,ACCEPTED,716.0,2023-10-09,2026-10-07,-2.0,True,
SINI,716,2023-10-09,2026-10-07,0,0,0,0,0,0,0,12.0,0,0,0,A,ACCEPTED,716.0,2023-10-09,2026-10-07,-2.0,True,
SIPD,717,2023-10-09,2026-10-07,0,0,0,0,0,0,0,12.0,0,0,0,A,ACCEPTED,717.0,2023-10-09,2026-10-07,-2.0,True,
SKBM,716,2023-10-09,2026-10-07,0,0,0,0,0,0,0,12.0,0,0,0,A,ACCEPTED,716.0,2023-10-09,2026-10-07,-2.0,True,
SKLT,4121,2010-01-04,2026-10-05,0,0,0,0,0,0,0,12.0,0,0,0,A,,,,,,,
SKRN,716,2023-10-09,2026-10-07,0,0,0,0,4,0,0,12.0,0,4,4,C,ACCEPTED,716.0,2023-10-09,2026-10-07,-2.0,True,
SLIS,716,2023-10-09,2026-10-07,0,0,0,0,0,0,0,12.0,0,0,0,A,ACCEPTED,716.0,2023-10-09,2026-10-07,-2.0,True,
SMAR,717,2023-10-09,2026-10-07,0,0,0,0,0,0,0,12.0,0,0,0,A,ACCEPTED,717.0,2023-10-09,2026-10-07,-2.0,True,
SMBR,716,2023-10-09,2026-10-07,0,0,0,0,0,0,0,12.0,0,0,0,A,ACCEPTED,716.0,2023-10-09,2026-10-07,-2.0,True,
SMCB,720,2023-10-09,2026-10-06,0,0,0,0,0,0,0,12.0,0,0,0,A,ACCEPTED,720.0,2023-10-09,2026-10-06,-1.0,True,
SMDM,717,2023-10-09,2026-10-07,0,0,0,0,0,0,0,12.0,0,0,0,A,ACCEPTED,717.0,2023-10-09,2026-10-07,-2.0,True,
SMDR,717,2023-10-09,2026-10-07,0,0,0,0,0,0,0,12.0,0,0,0,A,ACCEPTED,717.0,2023-10-09,2026-10-07,-2.0,True,
SMGA,638,2024-01-30,2026-10-07,0,0,0,0,0,0,0,12.0,0,0,0,A,ACCEPTED,638.0,2024-01-30,2026-10-07,-2.0,True,
SMGR,4120,2010-01-04,2026-10-05,0,0,0,0,1,0,0,12.0,0,1,1,C,,,,,,,
SMIL,716,2023-10-09,2026-10-07,0,0,0,0,0,0,0,12.0,0,0,0,A,ACCEPTED,716.0,2023-10-09,2026-10-07,-2.0,True,
SMKL,716,2023-10-09,2026-10-07,0,0,0,0,0,0,0,12.0,0,0,0,A,ACCEPTED,716.0,2023-10-09,2026-10-07,-2.0,True,
SMKM,716,2023-10-09,2026-10-07,0,0,0,0,0,0,0,12.0,0,0,0,A,ACCEPTED,716.0,2023-10-09,2026-10-07,-2.0,True,
SMLE,652,2024-01-10,2026-10-07,0,0,0,0,0,0,0,12.0,0,0,0,A,ACCEPTED,652.0,2024-01-10,2026-10-07,-2.0,True,
SMMA,716,2023-10-09,2026-10-07,0,0,0,0,0,0,0,12.0,0,0,0,A,ACCEPTED,716.0,2023-10-09,2026-10-07,-2.0,True,
SMMT,4120,2010-01-04,2026-10-05,0,0,0,0,0,0,0,12.0,0,0,0,A,,,,,,,
SMRA,4121,2010-01-04,2026-10-05,0,0,0,0,2,0,0,12.0,0,2,2,C,,,,,,,
SMSM,717,2023-10-09,2026-10-07,0,0,0,0,1,0,0,12.0,0,1,1,C,ACCEPTED,717.0,2023-10-09,2026-10-07,-2.0,True,
SNLK,716,2023-10-09,2026-10-07,0,0,0,0,0,0,0,12.0,0,0,0,A,ACCEPTED,716.0,2023-10-09,2026-10-07,-2.0,True,
SOCI,716,2023-10-09,2026-10-07,0,0,0,0,0,0,0,12.0,0,0,0,A,ACCEPTED,716.0,2023-10-09,2026-10-07,-2.0,True,
SOFA,716,2023-10-09,2026-10-07,0,0,0,0,0,0,0,12.0,0,0,0,A,ACCEPTED,716.0,2023-10-09,2026-10-07,-2.0,True,
SOHO,716,2023-10-09,2026-10-07,0,0,0,0,0,0,0,12.0,0,0,0,A,ACCEPTED,716.0,2023-10-09,2026-10-07,-2.0,True,
SOLA,580,2024-05-08,2026-10-07,0,0,0,0,0,0,0,12.0,0,0,0,A,ACCEPTED,580.0,2024-05-08,2026-10-07,-2.0,True,
SONA,717,2023-10-09,2026-10-07,0,0,0,0,0,0,0,12.0,0,0,0,A,ACCEPTED,717.0,2023-10-09,2026-10-07,-2.0,True,
SOSS,719,2023-10-09,2026-10-07,0,0,0,0,0,0,0,12.0,0,0,0,A,ACCEPTED,719.0,2023-10-09,2026-10-07,-2.0,True,
SOTS,716,2023-10-09,2026-10-07,0,0,0,0,0,0,0,12.0,0,0,0,A,ACCEPTED,716.0,2023-10-09,2026-10-07,-2.0,True,
SOUL,717,2023-10-09,2026-10-06,0,0,0,0,0,0,0,12.0,0,0,0,A,ACCEPTED,717.0,2023-10-09,2026-10-06,-1.0,True,
SPMA,720,2023-10-09,2026-10-07,0,0,0,0,0,0,0,12.0,0,0,0,A,ACCEPTED,720.0,2023-10-09,2026-10-07,-2.0,True,
SPRE,546,2024-07-03,2026-10-07,0,0,0,0,0,0,0,12.0,0,0,0,A,ACCEPTED,546.0,2024-07-03,2026-10-07,-2.0,True,
SPTO,716,2023-10-09,2026-10-07,0,0,0,0,5,0,0,12.0,0,5,5,C,ACCEPTED,716.0,2023-10-09,2026-10-07,-2.0,True,
SQMI,716,2023-10-09,2026-10-07,0,0,0,0,0,0,0,12.0,0,0,0,A,ACCEPTED,716.0,2023-10-09,2026-10-07,-2.0,True,
SRAJ,715,2023-10-09,2026-10-06,0,0,0,0,0,0,0,12.0,0,0,0,A,ACCEPTED,715.0,2023-10-09,2026-10-06,-1.0,True,
SRSN,717,2023-10-09,2026-10-07,0,0,0,0,0,0,0,12.0,0,0,0,A,ACCEPTED,717.0,2023-10-09,2026-10-07,-2.0,True,
SRTG,716,2023-10-09,2026-10-07,0,0,0,0,0,0,0,12.0,0,0,0,A,ACCEPTED,716.0,2023-10-09,2026-10-07,-2.0,True,
SSIA,717,2023-10-09,2026-10-07,0,0,0,0,0,0,0,12.0,0,0,0,A,ACCEPTED,717.0,2023-10-09,2026-10-07,-2.0,True,
SSMS,716,2023-10-09,2026-10-07,0,0,0,0,0,0,0,12.0,0,0,0,A,ACCEPTED,716.0,2023-10-09,2026-10-07,-2.0,True,
SSTM,717,2023-10-09,2026-10-07,0,0,0,0,0,0,0,12.0,0,0,0,A,ACCEPTED,717.0,2023-10-09,2026-10-07,-2.0,True,
STAA,716,2023-10-09,2026-10-07,0,0,0,0,0,0,0,12.0,0,0,0,A,ACCEPTED,716.0,2023-10-09,2026-10-07,-2.0,True,
STAR,716,2023-10-09,2026-10-07,0,0,0,0,0,0,0,12.0,0,0,0,A,ACCEPTED,716.0,2023-10-09,2026-10-07,-2.0,True,
STRK,715,2023-10-10,2026-10-07,0,0,0,0,0,0,0,12.0,0,0,0,A,ACCEPTED,715.0,2023-10-10,2026-10-07,-2.0,True,
STTP,4121,2010-01-04,2026-10-05,0,0,0,0,2,0,0,12.0,0,2,2,C,,,,,,,
SULI,717,2023-10-09,2026-10-07,0,0,0,0,0,0,0,12.0,0,0,0,A,ACCEPTED,717.0,2023-10-09,2026-10-07,-2.0,True,
SUNI,716,2023-10-09,2026-10-07,0,0,0,0,0,0,0,12.0,0,0,0,A,ACCEPTED,716.0,2023-10-09,2026-10-07,-2.0,True,
SUPR,720,2023-10-09,2026-10-06,0,0,0,0,0,0,0,12.0,0,0,0,A,ACCEPTED,720.0,2023-10-09,2026-10-06,-1.0,True,
SURE,715,2023-10-09,2026-10-06,0,0,0,0,0,0,0,12.0,0,0,0,A,ACCEPTED,715.0,2023-10-09,2026-10-06,-1.0,True,
SWAT,720,2023-10-09,2026-10-06,0,0,0,0,0,0,0,12.0,0,0,0,A,ACCEPTED,720.0,2023-10-09,2026-10-06,-1.0,True,
SWID,716,2023-10-09,2026-10-07,0,0,0,0,1,0,0,12.0,0,1,1,C,ACCEPTED,716.0,2023-10-09,2026-10-07,-2.0,True,
TALF,716,2023-10-09,2026-10-07,0,0,0,0,0,0,0,12.0,0,0,0,A,ACCEPTED,716.0,2023-10-09,2026-10-07,-2.0,True,
TAMA,716,2023-10-09,2026-10-07,0,0,0,0,0,0,0,12.0,0,0,0,A,ACCEPTED,716.0,2023-10-09,2026-10-07,-2.0,True,
TAMU,716,2023-10-09,2026-10-07,0,0,0,0,0,0,0,12.0,0,0,0,A,ACCEPTED,716.0,2023-10-09,2026-10-07,-2.0,True,
TAPG,716,2023-10-09,2026-10-07,0,0,0,0,2,0,0,12.0,0,2,2,C,ACCEPTED,716.0,2023-10-09,2026-10-07,-2.0,True,
TARA,716,2023-10-09,2026-10-07,0,0,0,0,0,0,0,12.0,0,0,0,A,ACCEPTED,716.0,2023-10-09,2026-10-07,-2.0,True,
TAXI,716,2023-10-09,2026-10-07,0,0,0,0,0,0,0,12.0,0,0,0,A,ACCEPTED,716.0,2023-10-09,2026-10-07,-2.0,True,
TAYS,717,2023-10-09,2026-10-06,0,0,0,0,0,0,0,12.0,0,0,0,A,ACCEPTED,717.0,2023-10-09,2026-10-06,-1.0,True,
TBIG,3920,2010-10-26,2026-10-05,0,0,0,0,0,0,0,12.0,0,0,0,A,,,,,,,
TBLA,717,2023-10-09,2026-10-07,0,0,0,0,2,0,0,12.0,0,2,2,C,ACCEPTED,717.0,2023-10-09,2026-10-07,-2.0,True,
TBMS,717,2023-10-09,2026-10-07,0,0,0,0,0,0,0,12.0,0,0,0,A,ACCEPTED,717.0,2023-10-09,2026-10-07,-2.0,True,
TCID,717,2023-10-09,2026-10-07,0,0,0,0,0,0,0,12.0,0,0,0,A,ACCEPTED,717.0,2023-10-09,2026-10-07,-2.0,True,
TCPI,716,2023-10-09,2026-10-07,0,0,0,0,0,0,0,12.0,0,0,0,A,ACCEPTED,716.0,2023-10-09,2026-10-07,-2.0,True,
TEBE,715,2023-10-09,2026-10-06,0,0,0,0,0,0,0,12.0,0,0,0,A,ACCEPTED,715.0,2023-10-09,2026-10-06,-1.0,True,
TELE,720,2023-10-09,2026-10-06,0,0,0,0,0,0,0,12.0,0,0,0,A,ACCEPTED,720.0,2023-10-09,2026-10-06,-1.0,True,
TFAS,716,2023-10-09,2026-10-07,0,0,0,0,0,0,0,12.0,0,0,0,A,ACCEPTED,716.0,2023-10-09,2026-10-07,-2.0,True,
TFCO,717,2023-10-09,2026-10-07,0,0,0,0,0,0,0,12.0,0,0,0,A,ACCEPTED,717.0,2023-10-09,2026-10-07,-2.0,True,
TGKA,717,2023-10-09,2026-10-07,0,0,0,0,0,0,0,12.0,0,0,0,A,ACCEPTED,717.0,2023-10-09,2026-10-07,-2.0,True,
TGRA,720,2023-10-09,2026-10-06,0,0,0,0,0,0,0,12.0,0,0,0,A,ACCEPTED,720.0,2023-10-09,2026-10-06,-1.0,True,
TGUK,719,2023-10-09,2026-10-07,0,0,0,0,0,0,0,12.0,0,0,0,A,ACCEPTED,719.0,2023-10-09,2026-10-07,-2.0,True,
TIFA,3745,2011-07-12,2026-10-05,0,0,0,0,1,0,0,12.0,0,1,1,C,,,,,,,
TINS,4120,2010-01-04,2026-10-05,0,0,0,0,1,0,0,12.0,0,1,1,C,,,,,,,
TIRA,717,2023-10-09,2026-10-07,0,0,0,0,0,0,0,12.0,0,0,0,A,ACCEPTED,717.0,2023-10-09,2026-10-07,-2.0,True,
TIRT,717,2023-10-09,2026-10-06,0,0,0,0,0,0,0,12.0,0,0,0,A,ACCEPTED,717.0,2023-10-09,2026-10-06,-1.0,True,
TKIM,4120,2010-01-04,2026-10-05,0,0,0,0,2,0,0,12.0,0,2,2,C,,,,,,,
TLDN,716,2023-10-09,2026-10-07,0,0,0,0,0,0,0,12.0,0,0,0,A,ACCEPTED,716.0,2023-10-09,2026-10-07,-2.0,True,
TLKM,4120,2010-01-04,2026-10-05,0,0,0,0,3,0,0,12.0,0,3,3,C,,,,,,,
TMAS,716,2023-10-09,2026-10-07,0,0,0,0,0,0,0,12.0,0,0,0,A,ACCEPTED,716.0,2023-10-09,2026-10-07,-2.0,True,
TMPO,717,2023-10-09,2026-10-07,0,0,0,0,0,0,0,12.0,0,0,0,A,ACCEPTED,717.0,2023-10-09,2026-10-07,-2.0,True,
TNCA,716,2023-10-09,2026-10-07,0,0,0,0,0,0,0,12.0,0,0,0,A,ACCEPTED,716.0,2023-10-09,2026-10-07,-2.0,True,
TOBA,716,2023-10-09,2026-10-07,0,0,0,0,0,0,0,12.0,0,0,0,A,ACCEPTED,716.0,2023-10-09,2026-10-07,-2.0,True,
TOOL,716,2023-10-09,2026-10-07,0,0,0,0,0,0,0,12.0,0,0,0,A,ACCEPTED,716.0,2023-10-09,2026-10-07,-2.0,True,
TOPS,720,2023-10-09,2026-10-06,0,0,0,0,0,0,0,12.0,0,0,0,A,ACCEPTED,720.0,2023-10-09,2026-10-06,-1.0,True,
TOTL,4120,2010-01-04,2026-10-05,0,0,0,0,0,0,0,12.0,0,0,0,A,,,,,,,
TOTO,717,2023-10-09,2026-10-07,0,0,0,0,0,0,0,12.0,0,0,0,A,ACCEPTED,717.0,2023-10-09,2026-10-07,-2.0,True,
TOWR,4075,2010-03-08,2026-10-05,0,0,0,0,1,0,0,12.0,0,1,1,C,,,,,,,
TOYS,720,2023-10-09,2026-10-06,0,0,0,0,0,0,0,12.0,0,0,0,A,ACCEPTED,720.0,2023-10-09,2026-10-06,-1.0,True,
TPIA,716,2023-10-09,2026-10-07,0,0,0,0,0,0,0,12.0,0,0,0,A,ACCEPTED,716.0,2023-10-09,2026-10-07,-2.0,True,
TPMA,716,2023-10-09,2026-10-07,0,0,0,0,0,0,0,12.0,0,0,0,A,ACCEPTED,716.0,2023-10-09,2026-10-07,-2.0,True,
TRGU,716,2023-10-09,2026-10-07,0,0,0,0,0,0,0,12.0,0,0,0,A,ACCEPTED,716.0,2023-10-09,2026-10-07,-2.0,True,
TRIM,717,2023-10-09,2026-10-07,0,0,0,0,0,0,0,12.0,0,0,0,A,ACCEPTED,717.0,2023-10-09,2026-10-07,-2.0,True,
TRIN,716,2023-10-09,2026-10-07,0,0,0,0,0,0,0,12.0,0,0,0,A,ACCEPTED,716.0,2023-10-09,2026-10-07,-2.0,True,
TRIS,716,2023-10-09,2026-10-07,0,0,0,0,0,0,0,12.0,0,0,0,A,ACCEPTED,716.0,2023-10-09,2026-10-07,-2.0,True,
TRJA,716,2023-10-09,2026-10-07,0,0,0,0,0,0,0,12.0,0,0,0,A,ACCEPTED,716.0,2023-10-09,2026-10-07,-2.0,True,
TRON,716,2023-10-09,2026-10-07,0,0,0,0,0,0,0,12.0,0,0,0,A,ACCEPTED,716.0,2023-10-09,2026-10-07,-2.0,True,
TRST,717,2023-10-09,2026-10-07,0,0,0,0,0,0,0,12.0,0,0,0,A,ACCEPTED,717.0,2023-10-09,2026-10-07,-2.0,True,
TRUE,718,2023-10-09,2026-10-07,0,0,0,0,0,0,0,12.0,0,0,0,A,ACCEPTED,718.0,2023-10-09,2026-10-07,-2.0,True,
TRUK,715,2023-10-09,2026-10-06,0,0,0,0,0,0,0,12.0,0,0,0,A,ACCEPTED,715.0,2023-10-09,2026-10-06,-1.0,True,
TRUS,717,2023-10-09,2026-10-07,0,0,0,0,1,0,0,12.0,0,1,1,C,ACCEPTED,717.0,2023-10-09,2026-10-07,-2.0,True,
TSPC,4121,2010-01-04,2026-10-05,0,0,0,0,1,0,0,12.0,0,1,1,C,,,,,,,
TUGU,716,2023-10-09,2026-10-07,0,0,0,0,0,0,0,12.0,0,0,0,A,ACCEPTED,716.0,2023-10-09,2026-10-07,-2.0,True,
TYRE,716,2023-10-09,2026-10-07,0,0,0,0,0,0,0,12.0,0,0,0,A,ACCEPTED,716.0,2023-10-09,2026-10-07,-2.0,True,
UANG,716,2023-10-09,2026-10-07,0,0,0,0,0,0,0,12.0,0,0,0,A,ACCEPTED,716.0,2023-10-09,2026-10-07,-2.0,True,
UCID,716,2023-10-09,2026-10-07,0,0,0,0,0,0,0,12.0,0,0,0,A,ACCEPTED,716.0,2023-10-09,2026-10-07,-2.0,True,
UDNG,700,2023-10-31,2026-10-07,0,0,0,0,0,0,0,12.0,0,0,0,A,ACCEPTED,700.0,2023-10-31,2026-10-07,-2.0,True,
UFOE,716,2023-10-09,2026-10-07,0,0,0,0,0,0,0,12.0,0,0,0,A,ACCEPTED,716.0,2023-10-09,2026-10-07,-2.0,True,
ULTJ,4120,2010-01-04,2026-10-05,0,0,0,0,0,0,0,12.0,0,0,0,A,,,,,,,
UNIC,717,2023-10-09,2026-10-07,0,0,0,0,0,0,0,12.0,0,0,0,A,ACCEPTED,717.0,2023-10-09,2026-10-07,-2.0,True,
UNIQ,716,2023-10-09,2026-10-07,0,0,0,0,0,0,0,12.0,0,0,0,A,ACCEPTED,716.0,2023-10-09,2026-10-07,-2.0,True,
UNSP,718,2023-10-09,2026-10-07,0,0,0,0,0,0,0,12.0,0,0,0,A,ACCEPTED,718.0,2023-10-09,2026-10-07,-2.0,True,
UNTR,717,2023-10-09,2026-10-07,0,0,0,0,0,0,0,12.0,0,0,0,A,ACCEPTED,717.0,2023-10-09,2026-10-07,-2.0,True,
UNVR,4121,2010-01-04,2026-10-05,0,0,0,0,0,0,0,12.0,0,0,0,A,,,,,,,
URBN,716,2023-10-09,2026-10-07,0,0,0,0,0,0,0,12.0,0,0,0,A,ACCEPTED,716.0,2023-10-09,2026-10-07,-2.0,True,
UVCR,716,2023-10-09,2026-10-07,0,0,0,0,0,0,0,12.0,0,0,0,A,ACCEPTED,716.0,2023-10-09,2026-10-07,-2.0,True,
VAST,716,2023-10-09,2026-10-07,0,0,0,0,0,0,0,12.0,0,0,0,A,ACCEPTED,716.0,2023-10-09,2026-10-07,-2.0,True,
VERN,478,2024-10-08,2026-10-07,0,0,0,0,0,0,0,12.0,0,0,0,B,ACCEPTED,478.0,2024-10-08,2026-10-07,-2.0,True,
VICI,716,2023-10-09,2026-10-07,0,0,0,0,0,0,0,12.0,0,0,0,A,ACCEPTED,716.0,2023-10-09,2026-10-07,-2.0,True,
VICO,716,2023-10-09,2026-10-07,0,0,0,0,0,0,0,12.0,0,0,0,A,ACCEPTED,716.0,2023-10-09,2026-10-07,-2.0,True,
VINS,716,2023-10-09,2026-10-07,0,0,0,0,0,0,0,12.0,0,0,0,A,ACCEPTED,716.0,2023-10-09,2026-10-07,-2.0,True,
VISI,621,2024-02-27,2026-10-07,0,0,0,0,0,0,0,12.0,0,0,0,A,ACCEPTED,621.0,2024-02-27,2026-10-07,-2.0,True,
VIVA,716,2023-10-09,2026-10-07,0,0,0,0,0,0,0,12.0,0,0,0,A,ACCEPTED,716.0,2023-10-09,2026-10-07,-2.0,True,
VKTR,716,2023-10-09,2026-10-07,0,0,0,0,0,0,0,12.0,0,0,0,A,ACCEPTED,716.0,2023-10-09,2026-10-07,-2.0,True,
VOKS,717,2023-10-09,2026-10-07,0,0,0,0,0,0,0,12.0,0,0,0,A,ACCEPTED,717.0,2023-10-09,2026-10-07,-2.0,True,
VRNA,716,2023-10-09,2026-10-07,0,0,0,0,0,0,0,12.0,0,0,0,A,ACCEPTED,716.0,2023-10-09,2026-10-07,-2.0,True,
VTNY,716,2023-10-09,2026-10-07,0,0,0,0,0,0,0,12.0,0,0,0,A,ACCEPTED,716.0,2023-10-09,2026-10-07,-2.0,True,
WAPO,717,2023-10-09,2026-10-07,0,0,0,0,0,0,0,12.0,0,0,0,A,ACCEPTED,717.0,2023-10-09,2026-10-07,-2.0,True,
WEGE,716,2023-10-09,2026-10-07,0,0,0,0,0,0,0,12.0,0,0,0,A,ACCEPTED,716.0,2023-10-09,2026-10-07,-2.0,True,
WEHA,716,2023-10-09,2026-10-07,0,0,0,0,2,0,0,12.0,0,2,2,C,ACCEPTED,716.0,2023-10-09,2026-10-07,-2.0,True,
WICO,720,2023-10-09,2026-10-06,0,0,0,0,0,0,0,12.0,0,0,0,A,ACCEPTED,720.0,2023-10-09,2026-10-06,-1.0,True,
WIFI,716,2023-10-09,2026-10-07,0,0,0,0,0,0,0,12.0,0,0,0,A,ACCEPTED,716.0,2023-10-09,2026-10-07,-2.0,True,
WIIM,716,2023-10-09,2026-10-07,0,0,0,0,0,0,0,12.0,0,0,0,A,ACCEPTED,716.0,2023-10-09,2026-10-07,-2.0,True,
WIKA,4124,2010-01-04,2026-10-05,0,0,0,0,1,0,0,12.0,0,1,1,C,,,,,,,
WINE,716,2023-10-09,2026-10-07,0,0,0,0,0,0,0,12.0,0,0,0,A,ACCEPTED,716.0,2023-10-09,2026-10-07,-2.0,True,
WINR,716,2023-10-09,2026-10-07,0,0,0,0,0,0,0,12.0,0,0,0,A,ACCEPTED,716.0,2023-10-09,2026-10-07,-2.0,True,
WINS,717,2023-10-09,2026-10-07,0,0,0,0,0,0,0,12.0,0,0,0,A,ACCEPTED,717.0,2023-10-09,2026-10-07,-2.0,True,
WIRG,716,2023-10-09,2026-10-07,0,0,0,0,0,0,0,12.0,0,0,0,A,ACCEPTED,716.0,2023-10-09,2026-10-07,-2.0,True,
WMPP,716,2023-10-09,2026-10-07,0,0,0,0,0,0,0,12.0,0,0,0,A,ACCEPTED,716.0,2023-10-09,2026-10-07,-2.0,True,
WMUU,716,2023-10-09,2026-10-07,0,0,0,0,0,0,0,12.0,0,0,0,A,ACCEPTED,716.0,2023-10-09,2026-10-07,-2.0,True,
WOMF,716,2023-10-09,2026-10-07,0,0,0,0,0,0,0,12.0,0,0,0,A,ACCEPTED,716.0,2023-10-09,2026-10-07,-2.0,True,
WOOD,716,2023-10-09,2026-10-07,0,0,0,0,0,0,0,12.0,0,0,0,A,ACCEPTED,716.0,2023-10-09,2026-10-07,-2.0,True,
WOWS,716,2023-10-09,2026-10-07,0,0,0,0,0,0,0,12.0,0,0,0,A,ACCEPTED,716.0,2023-10-09,2026-10-07,-2.0,True,
WSBP,2475,2016-09-20,2026-10-05,0,0,0,0,0,0,0,12.0,0,0,0,A,,,,,,,
WSKT,3322,2012-12-19,2026-06-26,0,0,0,0,0,0,0,12.0,0,0,0,A,,,,,,,
WTON,3064,2014-04-08,2026-10-05,0,0,0,0,0,0,0,12.0,0,0,0,A,,,,,,,
YELO,716,2023-10-09,2026-10-07,0,0,0,0,0,0,0,12.0,0,0,0,A,ACCEPTED,716.0,2023-10-09,2026-10-07,-2.0,True,
YOII,417,2025-01-08,2026-10-07,0,0,0,0,0,0,0,12.0,0,0,0,B,ACCEPTED,417.0,2025-01-08,2026-10-07,-2.0,True,
YPAS,717,2023-10-09,2026-10-07,0,0,0,0,0,0,0,12.0,0,0,0,A,ACCEPTED,717.0,2023-10-09,2026-10-07,-2.0,True,
YULE,716,2023-10-09,2026-10-07,0,0,0,0,0,0,0,12.0,0,0,0,A,ACCEPTED,716.0,2023-10-09,2026-10-07,-2.0,True,
YUPI,366,2025-03-25,2026-10-07,0,0,0,0,0,0,0,12.0,0,0,0,B,ACCEPTED,366.0,2025-03-25,2026-10-07,-2.0,True,
ZATA,716,2023-10-09,2026-10-07,0,0,0,0,0,0,0,12.0,0,0,0,A,ACCEPTED,716.0,2023-10-09,2026-10-07,-2.0,True,
ZBRA,720,2023-10-09,2026-10-06,0,0,0,0,0,0,0,12.0,0,0,0,A,ACCEPTED,720.0,2023-10-09,2026-10-06,-1.0,True,
ZINC,720,2023-10-09,2026-10-06,0,0,0,0,0,0,0,12.0,0,0,0,A,ACCEPTED,720.0,2023-10-09,2026-10-06,-1.0,True,
ZONE,716,2023-10-09,2026-10-07,0,0,0,0,0,0,0,12.0,0,0,0,A,ACCEPTED,716.0,2023-10-09,2026-10-07,-2.0,True,
ZYRX,716,2023-10-09,2026-10-07,0,0,0,0,0,0,0,12.0,0,0,0,A,ACCEPTED,716.0,2023-10-09,2026-10-07,-2.0,True,
