ticker,status,rows,first_date,last_date,lag_days,accepted,error
AADI,ACCEPTED,437,2024-12-05,2026-10-07,-2.0,True,
AALI,ACCEPTED,717,2023-10-09,2026-10-07,-2.0,True,
ABBA,ACCEPTED,717,2023-10-09,2026-10-06,-1.0,True,
ABDA,ACCEPTED,716,2023-10-09,2026-10-07,-2.0,True,
ABMM,ACCEPTED,716,2023-10-09,2026-10-07,-2.0,True,
ACES,ACCEPTED,716,2023-10-09,2026-10-07,-2.0,True,
ACRO,ACCEPTED,651,2024-01-11,2026-10-07,-2.0,True,
ADCP,ACCEPTED,718,2023-10-09,2026-10-06,-1.0,True,
ADMF,ACCEPTED,717,2023-10-09,2026-10-07,-2.0,True,
ADMG,ACCEPTED,717,2023-10-09,2026-10-07,-2.0,True,
ADMR,ACCEPTED,716,2023-10-09,2026-10-07,-2.0,True,
AGAR,ACCEPTED,718,2023-10-09,2026-10-07,-2.0,True,
AGII,ACCEPTED,716,2023-10-09,2026-10-07,-2.0,True,
AGRS,ACCEPTED,716,2023-10-09,2026-10-07,-2.0,True,
AHAP,ACCEPTED,717,2023-10-09,2026-10-07,-2.0,True,
AIMS,ACCEPTED,717,2023-10-09,2026-10-07,-2.0,True,
AISA,ACCEPTED,716,2023-10-09,2026-10-07,-2.0,True,
AKKU,ACCEPTED,721,2023-10-09,2026-10-07,-2.0,True,
AKPI,ACCEPTED,717,2023-10-09,2026-10-07,-2.0,True,
AKRA,ACCEPTED,716,2023-10-09,2026-10-07,-2.0,True,
AKSI,ACCEPTED,717,2023-10-09,2026-10-07,-2.0,True,
ALDO,ACCEPTED,716,2023-10-09,2026-10-07,-2.0,True,
ALKA,ACCEPTED,718,2023-10-09,2026-10-07,-2.0,True,
ALMI,ACCEPTED,720,2023-10-09,2026-10-06,-1.0,True,
AMAG,ACCEPTED,716,2023-10-09,2026-10-07,-2.0,True,
AMAN,ACCEPTED,716,2023-10-09,2026-10-07,-2.0,True,
AMAR,ACCEPTED,716,2023-10-09,2026-10-07,-2.0,True,
AMFG,ACCEPTED,717,2023-10-09,2026-10-07,-2.0,True,
AMIN,ACCEPTED,716,2023-10-09,2026-10-07,-2.0,True,
AMMN,ACCEPTED,716,2023-10-09,2026-10-07,-2.0,True,
AMMS,ACCEPTED,716,2023-10-09,2026-10-07,-2.0,True,
AMOR,ACCEPTED,716,2023-10-09,2026-10-07,-2.0,True,
AMRT,ACCEPTED,716,2023-10-09,2026-10-07,-2.0,True,
ANDI,ACCEPTED,716,2023-10-09,2026-10-07,-2.0,True,
ANJT,ACCEPTED,716,2023-10-09,2026-10-07,-2.0,True,
APEX,ACCEPTED,717,2023-10-09,2026-10-07,-2.0,True,
APIC,ACCEPTED,716,2023-10-09,2026-10-07,-2.0,True,
APII,ACCEPTED,716,2023-10-09,2026-10-07,-2.0,True,
APLI,ACCEPTED,717,2023-10-09,2026-10-07,-2.0,True,
APLN,ACCEPTED,716,2023-10-09,2026-10-07,-2.0,True,
ARCI,ACCEPTED,716,2023-10-09,2026-10-07,-2.0,True,
AREA,ACCEPTED,600,2024-04-01,2026-10-07,-2.0,True,
ARGO,ACCEPTED,716,2023-10-09,2026-10-07,-2.0,True,
ARII,ACCEPTED,716,2023-10-09,2026-10-07,-2.0,True,
ARKA,ACCEPTED,717,2023-10-09,2026-10-06,-1.0,True,
ARKO,ACCEPTED,716,2023-10-09,2026-10-07,-2.0,True,
ARMY,DOWNLOAD_FAILED,0,,,,False,empty response
ARNA,ACCEPTED,717,2023-10-09,2026-10-07,-2.0,True,
ARTA,ACCEPTED,717,2023-10-09,2026-10-07,-2.0,True,
ARTI,ACCEPTED,720,2023-10-09,2026-10-06,-1.0,True,
ARTO,ACCEPTED,716,2023-10-09,2026-10-07,-2.0,True,
ASBI,ACCEPTED,717,2023-10-09,2026-10-07,-2.0,True,
ASDM,ACCEPTED,717,2023-10-09,2026-10-07,-2.0,True,
ASGR,ACCEPTED,717,2023-10-09,2026-10-07,-2.0,True,
ASHA,ACCEPTED,716,2023-10-09,2026-10-07,-2.0,True,
ASJT,ACCEPTED,716,2023-10-09,2026-10-07,-2.0,True,
ASLC,ACCEPTED,716,2023-10-09,2026-10-07,-2.0,True,
ASLI,ACCEPTED,655,2024-01-05,2026-10-07,-2.0,True,
ASMI,ACCEPTED,716,2023-10-09,2026-10-07,-2.0,True,
ASPI,ACCEPTED,715,2023-10-09,2026-10-06,-1.0,True,
ASPR,ACCEPTED,307,2025-07-08,2026-10-07,-2.0,True,
ASRI,ACCEPTED,716,2023-10-09,2026-10-07,-2.0,True,
ASRM,ACCEPTED,717,2023-10-09,2026-10-07,-2.0,True,
ASSA,ACCEPTED,716,2023-10-09,2026-10-07,-2.0,True,
ATAP,ACCEPTED,716,2023-10-09,2026-10-07,-2.0,True,
ATIC,ACCEPTED,716,2023-10-09,2026-10-07,-2.0,True,
ATLA,ACCEPTED,595,2024-04-16,2026-10-07,-2.0,True,
AUTO,ACCEPTED,717,2023-10-09,2026-10-07,-2.0,True,
AVIA,ACCEPTED,716,2023-10-09,2026-10-07,-2.0,True,
AWAN,ACCEPTED,716,2023-10-09,2026-10-07,-2.0,True,
AXIO,ACCEPTED,716,2023-10-09,2026-10-07,-2.0,True,
AYLS,ACCEPTED,716,2023-10-09,2026-10-07,-2.0,True,
BABP,ACCEPTED,717,2023-10-09,2026-10-07,-2.0,True,
BABY,ACCEPTED,716,2023-10-09,2026-10-07,-2.0,True,
BACA,ACCEPTED,716,2023-10-09,2026-10-07,-2.0,True,
BACH,INSUFFICIENT_COVERAGE,64,2026-07-08,2026-10-07,-2.0,False,
BAIK,ACCEPTED,632,2024-02-15,2026-10-07,-2.0,True,
BAJA,ACCEPTED,717,2023-10-09,2026-10-07,-2.0,True,
BANK,ACCEPTED,716,2023-10-09,2026-10-07,-2.0,True,
BAPA,ACCEPTED,719,2023-10-09,2026-10-07,-2.0,True,
BAPI,ACCEPTED,716,2023-10-09,2026-10-07,-2.0,True,
BATA,ACCEPTED,717,2023-10-09,2026-10-06,-1.0,True,
BATR,ACCEPTED,561,2024-06-10,2026-10-07,-2.0,True,
BAUT,ACCEPTED,716,2023-10-09,2026-10-07,-2.0,True,
BAYU,ACCEPTED,717,2023-10-09,2026-10-07,-2.0,True,
BBHI,ACCEPTED,716,2023-10-09,2026-10-07,-2.0,True,
BBKP,ACCEPTED,717,2023-10-09,2026-10-07,-2.0,True,
BBLD,ACCEPTED,716,2023-10-09,2026-10-07,-2.0,True,
BBMD,ACCEPTED,717,2023-10-09,2026-10-07,-2.0,True,
BBRM,ACCEPTED,716,2023-10-09,2026-10-07,-2.0,True,
BBSI,ACCEPTED,716,2023-10-09,2026-10-07,-2.0,True,
BBSS,ACCEPTED,716,2023-10-09,2026-10-07,-2.0,True,
BBTN,ACCEPTED,716,2023-10-09,2026-10-07,-2.0,True,
BBYB,ACCEPTED,716,2023-10-09,2026-10-07,-2.0,True,
BCAP,ACCEPTED,717,2023-10-09,2026-10-07,-2.0,True,
BCIC,ACCEPTED,716,2023-10-09,2026-10-07,-2.0,True,
BCIP,ACCEPTED,716,2023-10-09,2026-10-07,-2.0,True,
BDKR,ACCEPTED,716,2023-10-09,2026-10-07,-2.0,True,
BEBS,ACCEPTED,720,2023-10-09,2026-10-06,-1.0,True,
BEEF,ACCEPTED,716,2023-10-09,2026-10-07,-2.0,True,
BEER,ACCEPTED,716,2023-10-09,2026-10-07,-2.0,True,
BEKS,ACCEPTED,716,2023-10-09,2026-10-07,-2.0,True,
BELI,ACCEPTED,716,2023-10-09,2026-10-07,-2.0,True,
BELL,ACCEPTED,716,2023-10-09,2026-10-07,-2.0,True,
BESS,ACCEPTED,716,2023-10-09,2026-10-07,-2.0,True,
BEST,ACCEPTED,716,2023-10-09,2026-10-07,-2.0,True,
BFIN,ACCEPTED,717,2023-10-09,2026-10-07,-2.0,True,
BGTG,ACCEPTED,716,2023-10-09,2026-10-07,-2.0,True,
BHAT,ACCEPTED,717,2023-10-09,2026-10-06,-1.0,True,
BHIT,ACCEPTED,717,2023-10-09,2026-10-07,-2.0,True,
BIKA,ACCEPTED,720,2023-10-09,2026-10-06,-1.0,True,
BIKE,ACCEPTED,719,2023-10-09,2026-10-06,-1.0,True,
BIMA,ACCEPTED,720,2023-10-09,2026-10-06,-1.0,True,
BINA,ACCEPTED,716,2023-10-09,2026-10-07,-2.0,True,
BINO,ACCEPTED,716,2023-10-09,2026-10-07,-2.0,True,
BIPI,ACCEPTED,716,2023-10-09,2026-10-07,-2.0,True,
BIPP,ACCEPTED,717,2023-10-09,2026-10-07,-2.0,True,
BIRD,ACCEPTED,716,2023-10-09,2026-10-07,-2.0,True,
BISI,ACCEPTED,716,2023-10-09,2026-10-07,-2.0,True,
BKDP,ACCEPTED,720,2023-10-09,2026-10-07,-2.0,True,
BKSW,ACCEPTED,717,2023-10-09,2026-10-07,-2.0,True,
BLES,ACCEPTED,543,2024-07-08,2026-10-07,-2.0,True,
BLOG,ACCEPTED,305,2025-07-10,2026-10-07,-2.0,True,
BLTA,ACCEPTED,717,2023-10-09,2026-10-07,-2.0,True,
BLTZ,ACCEPTED,718,2023-10-09,2026-10-07,-2.0,True,
BLUE,ACCEPTED,716,2023-10-09,2026-10-07,-2.0,True,
BMAS,ACCEPTED,716,2023-10-09,2026-10-07,-2.0,True,
BMBL,ACCEPTED,716,2023-10-09,2026-10-07,-2.0,True,
BMHS,ACCEPTED,716,2023-10-09,2026-10-07,-2.0,True,
BMSR,ACCEPTED,717,2023-10-09,2026-10-07,-2.0,True,
BMTR,ACCEPTED,717,2023-10-09,2026-10-07,-2.0,True,
BNBA,ACCEPTED,716,2023-10-09,2026-10-07,-2.0,True,
BNBR,ACCEPTED,720,2023-10-09,2026-10-07,-2.0,True,
BOAT,ACCEPTED,453,2024-11-12,2026-10-07,-2.0,True,
BOBA,ACCEPTED,716,2023-10-09,2026-10-07,-2.0,True,
BOGA,ACCEPTED,717,2023-10-09,2026-10-07,-2.0,True,
BOLA,ACCEPTED,716,2023-10-09,2026-10-07,-2.0,True,
BOSS,ACCEPTED,720,2023-10-09,2026-10-06,-1.0,True,
BPFI,ACCEPTED,716,2023-10-09,2026-10-07,-2.0,True,
BPII,ACCEPTED,715,2023-10-09,2026-10-06,-1.0,True,
BPTR,ACCEPTED,716,2023-10-09,2026-10-07,-2.0,True,
BRAM,ACCEPTED,716,2023-10-09,2026-10-06,-1.0,True,
BREN,ACCEPTED,716,2023-10-09,2026-10-07,-2.0,True,
BRIS,ACCEPTED,716,2023-10-09,2026-10-07,-2.0,True,
BRNA,ACCEPTED,717,2023-10-09,2026-10-07,-2.0,True,
BRPT,ACCEPTED,717,2023-10-09,2026-10-07,-2.0,True,
BSBK,ACCEPTED,716,2023-10-09,2026-10-07,-2.0,True,
BSML,ACCEPTED,716,2023-10-09,2026-10-07,-2.0,True,
BSSR,ACCEPTED,716,2023-10-09,2026-10-07,-2.0,True,
BSWD,ACCEPTED,719,2023-10-09,2026-10-06,-1.0,True,
BTEK,ACCEPTED,716,2023-10-09,2026-10-07,-2.0,True,
BTEL,DOWNLOAD_FAILED,0,,,,False,empty response
BTON,ACCEPTED,717,2023-10-09,2026-10-07,-2.0,True,
BTPS,ACCEPTED,716,2023-10-09,2026-10-07,-2.0,True,
BUAH,ACCEPTED,716,2023-10-09,2026-10-07,-2.0,True,
BUKK,ACCEPTED,717,2023-10-09,2026-10-07,-2.0,True,
BULL,ACCEPTED,716,2023-10-09,2026-10-07,-2.0,True,
BUMI,ACCEPTED,717,2023-10-09,2026-10-07,-2.0,True,
BUVA,ACCEPTED,716,2023-10-09,2026-10-07,-2.0,True,
BVIC,ACCEPTED,716,2023-10-09,2026-10-07,-2.0,True,
BWPT,ACCEPTED,716,2023-10-09,2026-10-07,-2.0,True,
BYAN,ACCEPTED,716,2023-10-09,2026-10-07,-2.0,True,
CAKK,ACCEPTED,716,2023-10-09,2026-10-07,-2.0,True,
CAMP,ACCEPTED,716,2023-10-09,2026-10-07,-2.0,True,
CANI,ACCEPTED,717,2023-10-09,2026-10-06,-1.0,True,
CARE,ACCEPTED,716,2023-10-09,2026-10-07,-2.0,True,
CARS,ACCEPTED,716,2023-10-09,2026-10-07,-2.0,True,
CASA,ACCEPTED,716,2023-10-09,2026-10-07,-2.0,True,
CASH,ACCEPTED,716,2023-10-09,2026-10-07,-2.0,True,
CASS,ACCEPTED,716,2023-10-09,2026-10-07,-2.0,True,
CBDK,ACCEPTED,414,2025-01-13,2026-10-07,-2.0,True,
CBMF,DOWNLOAD_FAILED,0,,,,False,empty response
CBPE,ACCEPTED,716,2023-10-09,2026-10-07,-2.0,True,
CBRE,ACCEPTED,716,2023-10-09,2026-10-07,-2.0,True,
CBUT,ACCEPTED,716,2023-10-09,2026-10-07,-2.0,True,
CCSI,ACCEPTED,716,2023-10-09,2026-10-07,-2.0,True,
CDIA,ACCEPTED,306,2025-07-09,2026-10-07,-2.0,True,
CENT,ACCEPTED,717,2023-10-09,2026-10-07,-2.0,True,
CFIN,ACCEPTED,717,2023-10-09,2026-10-07,-2.0,True,
CGAS,ACCEPTED,654,2024-01-08,2026-10-07,-2.0,True,
CHEK,ACCEPTED,305,2025-07-10,2026-10-07,-2.0,True,
CHEM,ACCEPTED,716,2023-10-09,2026-10-07,-2.0,True,
CHIP,ACCEPTED,716,2023-10-09,2026-10-07,-2.0,True,
CINT,ACCEPTED,716,2023-10-09,2026-10-07,-2.0,True,
CITA,ACCEPTED,716,2023-10-09,2026-10-07,-2.0,True,
CITY,ACCEPTED,716,2023-10-09,2026-10-07,-2.0,True,
CLAY,ACCEPTED,716,2023-10-09,2026-10-07,-2.0,True,
CLPI,ACCEPTED,717,2023-10-09,2026-10-07,-2.0,True,
CMNP,ACCEPTED,717,2023-10-09,2026-10-07,-2.0,True,
CMNT,ACCEPTED,716,2023-10-09,2026-10-07,-2.0,True,
CMPP,ACCEPTED,717,2023-10-09,2026-10-06,-1.0,True,
CMRY,ACCEPTED,716,2023-10-09,2026-10-07,-2.0,True,
CNKO,ACCEPTED,717,2023-10-09,2026-10-06,-1.0,True,
CNMA,ACCEPTED,716,2023-10-09,2026-10-07,-2.0,True,
COAL,ACCEPTED,717,2023-10-09,2026-10-06,-1.0,True,
COCO,ACCEPTED,716,2023-10-09,2026-10-07,-2.0,True,
COIN,ACCEPTED,306,2025-07-09,2026-10-07,-2.0,True,
COWL,DOWNLOAD_FAILED,0,,,,False,empty response
CPIN,ACCEPTED,716,2023-10-09,2026-10-07,-2.0,True,
CPRI,DOWNLOAD_FAILED,0,,,,False,empty response
CPRO,ACCEPTED,717,2023-10-09,2026-10-07,-2.0,True,
CRAB,ACCEPTED,718,2023-10-09,2026-10-07,-2.0,True,
CRSN,ACCEPTED,716,2023-10-09,2026-10-07,-2.0,True,
CSAP,ACCEPTED,716,2023-10-09,2026-10-07,-2.0,True,
CSIS,ACCEPTED,716,2023-10-09,2026-10-07,-2.0,True,
CSMI,ACCEPTED,717,2023-10-09,2026-10-06,-1.0,True,
CSRA,ACCEPTED,716,2023-10-09,2026-10-07,-2.0,True,
CTBN,ACCEPTED,717,2023-10-09,2026-10-07,-2.0,True,
CTTH,ACCEPTED,717,2023-10-09,2026-10-07,-2.0,True,
CUAN,ACCEPTED,716,2023-10-09,2026-10-07,-2.0,True,
CYBR,ACCEPTED,717,2023-10-09,2026-10-07,-2.0,True,
DAAZ,ACCEPTED,454,2024-11-11,2026-10-07,-2.0,True,
DADA,ACCEPTED,716,2023-10-09,2026-10-07,-2.0,True,
DART,ACCEPTED,717,2023-10-09,2026-10-07,-2.0,True,
DATA,ACCEPTED,581,2024-05-07,2026-10-07,-2.0,True,
DAYA,ACCEPTED,716,2023-10-09,2026-10-07,-2.0,True,
DCII,ACCEPTED,716,2023-10-09,2026-10-07,-2.0,True,
DEAL,ACCEPTED,720,2023-10-09,2026-10-06,-1.0,True,
DEFI,ACCEPTED,717,2023-10-09,2026-10-07,-2.0,True,
DEPO,ACCEPTED,716,2023-10-09,2026-10-07,-2.0,True,
DEWA,ACCEPTED,716,2023-10-09,2026-10-07,-2.0,True,
DEWI,ACCEPTED,716,2023-10-09,2026-10-07,-2.0,True,
DFAM,ACCEPTED,716,2023-10-09,2026-10-07,-2.0,True,
DGIK,ACCEPTED,717,2023-10-09,2026-10-07,-2.0,True,
DGNS,ACCEPTED,716,2023-10-09,2026-10-07,-2.0,True,
DGWG,ACCEPTED,414,2025-01-13,2026-10-07,-2.0,True,
DIGI,ACCEPTED,717,2023-10-09,2026-10-06,-1.0,True,
DILD,ACCEPTED,717,2023-10-09,2026-10-07,-2.0,True,
DIVA,ACCEPTED,716,2023-10-09,2026-10-07,-2.0,True,
DKFT,ACCEPTED,716,2023-10-09,2026-10-07,-2.0,True,
DKHH,ACCEPTED,343,2025-05-08,2026-10-07,-2.0,True,
DMAS,ACCEPTED,716,2023-10-09,2026-10-07,-2.0,True,
DMMX,ACCEPTED,716,2023-10-09,2026-10-07,-2.0,True,
DMND,ACCEPTED,716,2023-10-09,2026-10-07,-2.0,True,
DNAR,ACCEPTED,716,2023-10-09,2026-10-07,-2.0,True,
DNET,ACCEPTED,717,2023-10-09,2026-10-07,-2.0,True,
DOID,ACCEPTED,716,2023-10-09,2026-10-07,-2.0,True,
DOOH,ACCEPTED,718,2023-10-09,2026-10-07,-2.0,True,
DOSS,ACCEPTED,521,2024-08-07,2026-10-07,-2.0,True,
DPNS,ACCEPTED,720,2023-10-09,2026-10-06,-1.0,True,
DPUM,ACCEPTED,716,2023-10-09,2026-10-07,-2.0,True,
DRMA,ACCEPTED,716,2023-10-09,2026-10-07,-2.0,True,
DSFI,ACCEPTED,717,2023-10-09,2026-10-07,-2.0,True,
DSNG,ACCEPTED,716,2023-10-09,2026-10-07,-2.0,True,
DSSA,ACCEPTED,716,2023-10-09,2026-10-07,-2.0,True,
DUCK,DOWNLOAD_FAILED,0,,,,False,empty response
DUTI,ACCEPTED,716,2023-10-09,2026-10-06,-1.0,True,
DWGL,ACCEPTED,716,2023-10-09,2026-10-07,-2.0,True,
DYAN,ACCEPTED,716,2023-10-09,2026-10-07,-2.0,True,
EAST,ACCEPTED,716,2023-10-09,2026-10-07,-2.0,True,
ECII,ACCEPTED,716,2023-10-09,2026-10-07,-2.0,True,
EDGE,ACCEPTED,720,2023-10-09,2026-10-06,-1.0,True,
EKAD,ACCEPTED,716,2023-10-09,2026-10-07,-2.0,True,
ELIT,ACCEPTED,716,2023-10-09,2026-10-07,-2.0,True,
ELPI,ACCEPTED,717,2023-10-09,2026-10-07,-2.0,True,
ELTY,ACCEPTED,717,2023-10-09,2026-10-07,-2.0,True,
EMAS,ACCEPTED,254,2025-09-23,2026-10-07,-2.0,True,
EMDE,ACCEPTED,716,2023-10-09,2026-10-07,-2.0,True,
EMMI,INSUFFICIENT_COVERAGE,64,2026-07-08,2026-10-07,-2.0,False,
ENAK,ACCEPTED,716,2023-10-09,2026-10-07,-2.0,True,
ENRG,ACCEPTED,718,2023-10-09,2026-10-07,-2.0,True,
ENVY,DOWNLOAD_FAILED,0,,,,False,empty response
ENZO,ACCEPTED,716,2023-10-09,2026-10-07,-2.0,True,
EPAC,ACCEPTED,716,2023-10-09,2026-10-07,-2.0,True,
EPMT,ACCEPTED,717,2023-10-09,2026-10-07,-2.0,True,
ERAA,ACCEPTED,716,2023-10-09,2026-10-07,-2.0,True,
ERAL,ACCEPTED,716,2023-10-09,2026-10-07,-2.0,True,
ERTX,ACCEPTED,717,2023-10-09,2026-10-07,-2.0,True,
ESIP,ACCEPTED,716,2023-10-09,2026-10-07,-2.0,True,
ESSA,ACCEPTED,716,2023-10-09,2026-10-07,-2.0,True,
ESTA,ACCEPTED,716,2023-10-09,2026-10-07,-2.0,True,
ESTI,ACCEPTED,717,2023-10-09,2026-10-07,-2.0,True,
ETWA,ACCEPTED,720,2023-10-09,2026-10-06,-1.0,True,
EURO,ACCEPTED,716,2023-10-09,2026-10-07,-2.0,True,
FAPA,ACCEPTED,715,2023-10-09,2026-10-06,-1.0,True,
FAST,ACCEPTED,717,2023-10-09,2026-10-07,-2.0,True,
FASW,ACCEPTED,720,2023-10-09,2026-10-06,-1.0,True,
FILM,ACCEPTED,716,2023-10-09,2026-10-07,-2.0,True,
FIMP,ACCEPTED,720,2023-10-09,2026-10-06,-1.0,True,
FIRE,ACCEPTED,716,2023-10-09,2026-10-07,-2.0,True,
FISH,ACCEPTED,716,2023-10-09,2026-10-07,-2.0,True,
FITT,ACCEPTED,716,2023-10-09,2026-10-07,-2.0,True,
FLMC,ACCEPTED,716,2023-10-09,2026-10-07,-2.0,True,
FMII,ACCEPTED,717,2023-10-09,2026-10-07,-2.0,True,
FOLK,ACCEPTED,716,2023-10-09,2026-10-07,-2.0,True,
FOOD,ACCEPTED,717,2023-10-09,2026-10-06,-1.0,True,
FORE,ACCEPTED,359,2025-04-14,2026-10-07,-2.0,True,
FORU,ACCEPTED,718,2023-10-09,2026-10-07,-2.0,True,
FPNI,ACCEPTED,717,2023-10-09,2026-10-07,-2.0,True,
FUJI,ACCEPTED,716,2023-10-09,2026-10-07,-2.0,True,
FUTR,ACCEPTED,716,2023-10-09,2026-10-07,-2.0,True,
FWCT,ACCEPTED,716,2023-10-09,2026-10-07,-2.0,True,
GAMA,DOWNLOAD_FAILED,0,,,,False,empty response
GDST,ACCEPTED,716,2023-10-09,2026-10-07,-2.0,True,
GDYR,ACCEPTED,717,2023-10-09,2026-10-07,-2.0,True,
GEMA,ACCEPTED,717,2023-10-09,2026-10-07,-2.0,True,
GEMS,ACCEPTED,716,2023-10-09,2026-10-07,-2.0,True,
GGRP,ACCEPTED,716,2023-10-09,2026-10-07,-2.0,True,
GHON,ACCEPTED,716,2023-10-09,2026-10-07,-2.0,True,
GIAA,ACCEPTED,716,2023-10-09,2026-10-07,-2.0,True,
GLOB,ACCEPTED,720,2023-10-09,2026-10-06,-1.0,True,
GLVA,ACCEPTED,716,2023-10-09,2026-10-07,-2.0,True,
GMFI,ACCEPTED,716,2023-10-09,2026-10-07,-2.0,True,
GMTD,ACCEPTED,717,2023-10-09,2026-10-07,-2.0,True,
GOLD,ACCEPTED,716,2023-10-09,2026-10-07,-2.0,True,
GOLF,ACCEPTED,543,2024-07-08,2026-10-07,-2.0,True,
GOLL,DOWNLOAD_FAILED,0,,,,False,empty response
GOOD,ACCEPTED,716,2023-10-09,2026-10-07,-2.0,True,
GPRA,ACCEPTED,716,2023-10-09,2026-10-07,-2.0,True,
GPSO,ACCEPTED,716,2023-10-09,2026-10-07,-2.0,True,
GRIA,ACCEPTED,716,2023-10-09,2026-10-07,-2.0,True,
GRPH,ACCEPTED,646,2024-01-18,2026-10-07,-2.0,True,
GRPM,ACCEPTED,716,2023-10-09,2026-10-07,-2.0,True,
GSMF,ACCEPTED,717,2023-10-09,2026-10-07,-2.0,True,
GTBO,ACCEPTED,718,2023-10-09,2026-10-07,-2.0,True,
GTRA,ACCEPTED,716,2023-10-09,2026-10-07,-2.0,True,
GTSI,ACCEPTED,716,2023-10-09,2026-10-07,-2.0,True,
GULA,ACCEPTED,716,2023-10-09,2026-10-07,-2.0,True,
GUNA,ACCEPTED,542,2024-07-09,2026-10-07,-2.0,True,
GWSA,ACCEPTED,716,2023-10-09,2026-10-07,-2.0,True,
GZCO,ACCEPTED,716,2023-10-09,2026-10-07,-2.0,True,
HADE,ACCEPTED,716,2023-10-09,2026-10-07,-2.0,True,
HAIS,ACCEPTED,716,2023-10-09,2026-10-07,-2.0,True,
HAJJ,ACCEPTED,716,2023-10-09,2026-10-07,-2.0,True,
HALO,ACCEPTED,716,2023-10-09,2026-10-07,-2.0,True,
HATM,ACCEPTED,716,2023-10-09,2026-10-07,-2.0,True,
HBAT,ACCEPTED,716,2023-10-09,2026-10-07,-2.0,True,
HDFA,ACCEPTED,716,2023-10-09,2026-10-07,-2.0,True,
HDIT,ACCEPTED,716,2023-10-09,2026-10-07,-2.0,True,
HEAL,ACCEPTED,716,2023-10-09,2026-10-07,-2.0,True,
HELI,ACCEPTED,716,2023-10-09,2026-10-07,-2.0,True,
HERO,ACCEPTED,717,2023-10-09,2026-10-07,-2.0,True,
HEXA,ACCEPTED,717,2023-10-09,2026-10-07,-2.0,True,
HGII,ACCEPTED,416,2025-01-09,2026-10-07,-2.0,True,
HILL,ACCEPTED,717,2023-10-09,2026-10-06,-1.0,True,
HITS,ACCEPTED,720,2023-10-09,2026-10-06,-1.0,True,
HKMU,DOWNLOAD_FAILED,0,,,,False,empty response
HOKI,ACCEPTED,716,2023-10-09,2026-10-07,-2.0,True,
HOME,DOWNLOAD_FAILED,0,,,,False,empty response
HOMI,ACCEPTED,716,2023-10-09,2026-10-07,-2.0,True,
HOPE,ACCEPTED,716,2023-10-09,2026-10-07,-2.0,True,
HOTL,DOWNLOAD_FAILED,0,,,,False,empty response
HRME,ACCEPTED,716,2023-10-09,2026-10-07,-2.0,True,
HRTA,ACCEPTED,716,2023-10-09,2026-10-07,-2.0,True,
HUMI,ACCEPTED,716,2023-10-09,2026-10-07,-2.0,True,
HYGN,ACCEPTED,630,2024-02-13,2026-10-07,-2.0,True,
IATA,ACCEPTED,716,2023-10-09,2026-10-07,-2.0,True,
IBFN,ACCEPTED,717,2023-10-09,2026-10-06,-1.0,True,
IBOS,ACCEPTED,716,2023-10-09,2026-10-07,-2.0,True,
IBST,ACCEPTED,720,2023-10-09,2026-10-06,-1.0,True,
ICON,ACCEPTED,716,2023-10-09,2026-10-07,-2.0,True,
IDEA,ACCEPTED,716,2023-10-09,2026-10-07,-2.0,True,
IDPR,ACCEPTED,716,2023-10-09,2026-10-07,-2.0,True,
IFII,ACCEPTED,716,2023-10-09,2026-10-07,-2.0,True,
IFSH,ACCEPTED,716,2023-10-09,2026-10-07,-2.0,True,
IGAR,ACCEPTED,717,2023-10-09,2026-10-07,-2.0,True,
IIKP,DOWNLOAD_FAILED,0,,,,False,empty response
IKAI,ACCEPTED,717,2023-10-09,2026-10-07,-2.0,True,
IKAN,ACCEPTED,716,2023-10-09,2026-10-07,-2.0,True,
IKBI,ACCEPTED,717,2023-10-09,2026-10-07,-2.0,True,
IKPM,ACCEPTED,694,2023-11-08,2026-10-07,-2.0,True,
IMAS,ACCEPTED,717,2023-10-09,2026-10-07,-2.0,True,
IMJS,ACCEPTED,716,2023-10-09,2026-10-07,-2.0,True,
IMPC,ACCEPTED,716,2023-10-09,2026-10-07,-2.0,True,
INAF,ACCEPTED,720,2023-10-09,2026-10-06,-1.0,True,
INAI,ACCEPTED,717,2023-10-09,2026-10-07,-2.0,True,
INCF,ACCEPTED,717,2023-10-09,2026-10-06,-1.0,True,
INCI,ACCEPTED,717,2023-10-09,2026-10-07,-2.0,True,
INCO,ACCEPTED,717,2023-10-09,2026-10-07,-2.0,True,
INDO,ACCEPTED,716,2023-10-09,2026-10-07,-2.0,True,
INDR,ACCEPTED,717,2023-10-09,2026-10-07,-2.0,True,
INDX,ACCEPTED,717,2023-10-09,2026-10-06,-1.0,True,
INET,ACCEPTED,716,2023-10-09,2026-10-07,-2.0,True,
INOV,ACCEPTED,716,2023-10-09,2026-10-07,-2.0,True,
INPP,ACCEPTED,717,2023-10-09,2026-10-07,-2.0,True,
INPS,ACCEPTED,715,2023-10-09,2026-10-06,-1.0,True,
INTA,ACCEPTED,717,2023-10-09,2026-10-06,-1.0,True,
INTD,ACCEPTED,717,2023-10-09,2026-10-07,-2.0,True,
INTP,ACCEPTED,717,2023-10-09,2026-10-07,-2.0,True,
IOTF,ACCEPTED,716,2023-10-09,2026-10-07,-2.0,True,
IPAC,ACCEPTED,715,2023-10-09,2026-10-06,-1.0,True,
IPCC,ACCEPTED,716,2023-10-09,2026-10-07,-2.0,True,
IPCM,ACCEPTED,716,2023-10-09,2026-10-07,-2.0,True,
IPOL,ACCEPTED,716,2023-10-09,2026-10-07,-2.0,True,
IPPE,ACCEPTED,720,2023-10-09,2026-10-06,-1.0,True,
IPTV,ACCEPTED,716,2023-10-09,2026-10-07,-2.0,True,
IRRA,ACCEPTED,716,2023-10-09,2026-10-07,-2.0,True,
IRSX,ACCEPTED,716,2023-10-09,2026-10-07,-2.0,True,
ISAP,ACCEPTED,716,2023-10-09,2026-10-07,-2.0,True,
ISEA,ACCEPTED,543,2024-07-08,2026-10-07,-2.0,True,
ISSP,ACCEPTED,716,2023-10-09,2026-10-07,-2.0,True,
ITIC,ACCEPTED,716,2023-10-09,2026-10-07,-2.0,True,
ITMA,ACCEPTED,716,2023-10-09,2026-10-07,-2.0,True,
JARR,ACCEPTED,716,2023-10-09,2026-10-07,-2.0,True,
JAST,ACCEPTED,716,2023-10-09,2026-10-07,-2.0,True,
JATI,ACCEPTED,716,2023-10-09,2026-10-07,-2.0,True,
JAWA,ACCEPTED,716,2023-10-09,2026-10-07,-2.0,True,
JAYA,ACCEPTED,716,2023-10-09,2026-10-07,-2.0,True,
JECC,ACCEPTED,717,2023-10-09,2026-10-07,-2.0,True,
JELI,INSUFFICIENT_COVERAGE,65,2026-07-07,2026-10-07,-2.0,False,
JGLE,ACCEPTED,716,2023-10-09,2026-10-07,-2.0,True,
JIHD,ACCEPTED,717,2023-10-09,2026-10-07,-2.0,True,
JKON,ACCEPTED,717,2023-10-09,2026-10-07,-2.0,True,
JMAS,ACCEPTED,717,2023-10-09,2026-10-06,-1.0,True,
JPFA,ACCEPTED,717,2023-10-09,2026-10-07,-2.0,True,
JRPT,ACCEPTED,717,2023-10-09,2026-10-07,-2.0,True,
JSKY,DOWNLOAD_FAILED,0,,,,False,empty response
JSPT,ACCEPTED,717,2023-10-09,2026-10-07,-2.0,True,
JTPE,ACCEPTED,717,2023-10-09,2026-10-07,-2.0,True,
KAQI,ACCEPTED,377,2025-03-10,2026-10-07,-2.0,True,
KARW,ACCEPTED,717,2023-10-09,2026-10-06,-1.0,True,
KAYU,ACCEPTED,720,2023-10-09,2026-10-06,-1.0,True,
KBAG,ACCEPTED,716,2023-10-09,2026-10-07,-2.0,True,
KBLI,ACCEPTED,717,2023-10-09,2026-10-07,-2.0,True,
KBLV,ACCEPTED,716,2023-10-09,2026-10-07,-2.0,True,
KBRI,DOWNLOAD_FAILED,0,,,,False,empty response
KDSI,ACCEPTED,717,2023-10-09,2026-10-07,-2.0,True,
KDTN,ACCEPTED,716,2023-10-09,2026-10-07,-2.0,True,
KEEN,ACCEPTED,716,2023-10-09,2026-10-07,-2.0,True,
KEJU,ACCEPTED,716,2023-10-09,2026-10-07,-2.0,True,
KETR,ACCEPTED,716,2023-10-09,2026-10-07,-2.0,True,
KIAS,ACCEPTED,720,2023-10-09,2026-10-06,-1.0,True,
KICI,ACCEPTED,717,2023-10-09,2026-10-07,-2.0,True,
KIJA,ACCEPTED,717,2023-10-09,2026-10-07,-2.0,True,
KINO,ACCEPTED,716,2023-10-09,2026-10-07,-2.0,True,
KIOS,ACCEPTED,716,2023-10-09,2026-10-07,-2.0,True,
KJEN,ACCEPTED,716,2023-10-09,2026-10-07,-2.0,True,
KKES,ACCEPTED,716,2023-10-09,2026-10-07,-2.0,True,
KKGI,ACCEPTED,717,2023-10-09,2026-10-07,-2.0,True,
KLAS,ACCEPTED,716,2023-10-09,2026-10-07,-2.0,True,
KLIN,ACCEPTED,716,2023-10-09,2026-10-07,-2.0,True,
KMDS,ACCEPTED,716,2023-10-09,2026-10-07,-2.0,True,
KMTR,ACCEPTED,716,2023-10-09,2026-10-07,-2.0,True,
KOBX,ACCEPTED,716,2023-10-09,2026-10-07,-2.0,True,
KOCI,ACCEPTED,716,2023-10-09,2026-10-07,-2.0,True,
KOIN,ACCEPTED,717,2023-10-09,2026-10-06,-1.0,True,
KOKA,ACCEPTED,714,2023-10-11,2026-10-07,-2.0,True,
KONI,ACCEPTED,717,2023-10-09,2026-10-07,-2.0,True,
KOPI,ACCEPTED,716,2023-10-09,2026-10-07,-2.0,True,
KOTA,ACCEPTED,716,2023-10-09,2026-10-07,-2.0,True,
KPIG,ACCEPTED,717,2023-10-09,2026-10-07,-2.0,True,
KRAS,ACCEPTED,716,2023-10-09,2026-10-07,-2.0,True,
KREN,ACCEPTED,717,2023-10-09,2026-10-07,-2.0,True,
KRYA,ACCEPTED,716,2023-10-09,2026-10-07,-2.0,True,
KSIX,ACCEPTED,417,2025-01-08,2026-10-07,-2.0,True,
KUAS,ACCEPTED,716,2023-10-09,2026-10-07,-2.0,True,
LABA,ACCEPTED,716,2023-10-09,2026-10-07,-2.0,True,
LABS,ACCEPTED,541,2024-07-10,2026-10-07,-2.0,True,
LAJU,ACCEPTED,716,2023-10-09,2026-10-07,-2.0,True,
LAND,ACCEPTED,716,2023-10-09,2026-10-07,-2.0,True,
LAPD,ACCEPTED,716,2023-10-09,2026-10-07,-2.0,True,
LCGP,DOWNLOAD_FAILED,0,,,,False,empty response
LCKM,ACCEPTED,717,2023-10-09,2026-10-06,-1.0,True,
LEAD,ACCEPTED,716,2023-10-09,2026-10-07,-2.0,True,
LFLO,ACCEPTED,716,2023-10-09,2026-10-07,-2.0,True,
LIFE,ACCEPTED,716,2023-10-09,2026-10-07,-2.0,True,
LINK,ACCEPTED,716,2023-10-09,2026-10-07,-2.0,True,
LION,ACCEPTED,717,2023-10-09,2026-10-07,-2.0,True,
LIVE,ACCEPTED,631,2024-02-12,2026-10-07,-2.0,True,
LMAS,DOWNLOAD_FAILED,0,,,,False,empty response
LMAX,ACCEPTED,716,2023-10-09,2026-10-07,-2.0,True,
LMPI,ACCEPTED,717,2023-10-09,2026-10-07,-2.0,True,
LMSH,ACCEPTED,720,2023-10-09,2026-10-06,-1.0,True,
LOPI,ACCEPTED,714,2023-10-11,2026-10-07,-2.0,True,
LPGI,ACCEPTED,717,2023-10-09,2026-10-07,-2.0,True,
LPIN,ACCEPTED,717,2023-10-09,2026-10-07,-2.0,True,
LPLI,ACCEPTED,717,2023-10-09,2026-10-07,-2.0,True,
LPPF,ACCEPTED,717,2023-10-09,2026-10-07,-2.0,True,
LPPS,ACCEPTED,717,2023-10-09,2026-10-07,-2.0,True,
LRNA,ACCEPTED,716,2023-10-09,2026-10-07,-2.0,True,
LSIP,ACCEPTED,717,2023-10-09,2026-10-07,-2.0,True,
LTLS,ACCEPTED,717,2023-10-09,2026-10-07,-2.0,True,
LUCK,ACCEPTED,716,2023-10-09,2026-10-07,-2.0,True,
LUCY,ACCEPTED,716,2023-10-09,2026-10-07,-2.0,True,
MABA,DOWNLOAD_FAILED,0,,,,False,empty response
MAGP,DOWNLOAD_FAILED,0,,,,False,empty response
MAHA,ACCEPTED,716,2023-10-09,2026-10-07,-2.0,True,
MAIN,ACCEPTED,717,2023-10-09,2026-10-07,-2.0,True,
MANG,ACCEPTED,651,2024-01-11,2026-10-07,-2.0,True,
MAPA,ACCEPTED,716,2023-10-09,2026-10-07,-2.0,True,
MAPB,ACCEPTED,716,2023-10-09,2026-10-07,-2.0,True,
MAPI,ACCEPTED,717,2023-10-09,2026-10-07,-2.0,True,
MARI,ACCEPTED,717,2023-10-09,2026-10-06,-1.0,True,
MARK,ACCEPTED,716,2023-10-09,2026-10-07,-2.0,True,
MASB,ACCEPTED,716,2023-10-09,2026-10-07,-2.0,True,
MAXI,ACCEPTED,716,2023-10-09,2026-10-07,-2.0,True,
MBAP,ACCEPTED,716,2023-10-09,2026-10-07,-2.0,True,
MBMA,ACCEPTED,716,2023-10-09,2026-10-07,-2.0,True,
MBSS,ACCEPTED,716,2023-10-09,2026-10-07,-2.0,True,
MBTO,ACCEPTED,716,2023-10-09,2026-10-07,-2.0,True,
MCAS,ACCEPTED,716,2023-10-09,2026-10-07,-2.0,True,
MCOL,ACCEPTED,716,2023-10-09,2026-10-07,-2.0,True,
MCOR,ACCEPTED,717,2023-10-09,2026-10-07,-2.0,True,
MDIA,ACCEPTED,717,2023-10-09,2026-10-07,-2.0,True,
MDIY,ACCEPTED,427,2024-12-19,2026-10-07,-2.0,True,
MDKA,ACCEPTED,716,2023-10-09,2026-10-07,-2.0,True,
MDKI,ACCEPTED,716,2023-10-09,2026-10-07,-2.0,True,
MDLA,ACCEPTED,358,2025-04-15,2026-10-07,-2.0,True,
MDLN,ACCEPTED,717,2023-10-09,2026-10-07,-2.0,True,
MDRN,ACCEPTED,717,2023-10-09,2026-10-06,-1.0,True,
MEDS,ACCEPTED,716,2023-10-09,2026-10-07,-2.0,True,
MEJA,ACCEPTED,631,2024-02-12,2026-10-07,-2.0,True,
MENN,ACCEPTED,720,2023-10-09,2026-10-06,-1.0,True,
MERI,ACCEPTED,305,2025-07-10,2026-10-07,-2.0,True,
META,DOWNLOAD_FAILED,0,,,,False,empty response
MFMI,ACCEPTED,720,2023-10-09,2026-10-06,-1.0,True,
MGLV,ACCEPTED,716,2023-10-09,2026-10-07,-2.0,True,
MGNA,ACCEPTED,716,2023-10-09,2026-10-07,-2.0,True,
MGRO,ACCEPTED,716,2023-10-09,2026-10-07,-2.0,True,
MHKI,ACCEPTED,595,2024-04-16,2026-10-07,-2.0,True,
MICE,ACCEPTED,718,2023-10-09,2026-10-07,-2.0,True,
MIDI,ACCEPTED,716,2023-10-09,2026-10-07,-2.0,True,
MIKA,ACCEPTED,716,2023-10-09,2026-10-07,-2.0,True,
MINA,ACCEPTED,716,2023-10-09,2026-10-07,-2.0,True,
MINE,ACCEPTED,377,2025-03-10,2026-10-07,-2.0,True,
MIRA,ACCEPTED,716,2023-10-09,2026-10-07,-2.0,True,
MITI,ACCEPTED,716,2023-10-09,2026-10-07,-2.0,True,
MKAP,ACCEPTED,631,2024-02-12,2026-10-07,-2.0,True,
MKNT,ACCEPTED,720,2023-10-09,2026-10-06,-1.0,True,
MKPI,ACCEPTED,716,2023-10-09,2026-10-07,-2.0,True,
MKTR,ACCEPTED,716,2023-10-09,2026-10-07,-2.0,True,
MLIA,ACCEPTED,717,2023-10-09,2026-10-07,-2.0,True,
MLPL,ACCEPTED,717,2023-10-09,2026-10-07,-2.0,True,
MMIX,ACCEPTED,717,2023-10-09,2026-10-07,-2.0,True,
MMLP,ACCEPTED,716,2023-10-09,2026-10-07,-2.0,True,
MNCN,ACCEPTED,717,2023-10-09,2026-10-07,-2.0,True,
MOLI,ACCEPTED,716,2023-10-09,2026-10-07,-2.0,True,
MORA,ACCEPTED,716,2023-10-09,2026-10-07,-2.0,True,
MPMX,ACCEPTED,716,2023-10-09,2026-10-07,-2.0,True,
MPOW,ACCEPTED,716,2023-10-09,2026-10-07,-2.0,True,
MPPA,ACCEPTED,717,2023-10-09,2026-10-07,-2.0,True,
MPRO,ACCEPTED,718,2023-10-09,2026-10-07,-2.0,True,
MPXL,ACCEPTED,716,2023-10-09,2026-10-07,-2.0,True,
MRAT,ACCEPTED,717,2023-10-09,2026-10-07,-2.0,True,
MREI,ACCEPTED,717,2023-10-09,2026-10-06,-1.0,True,
MSIE,ACCEPTED,717,2023-10-09,2026-10-07,-2.0,True,
MSIN,ACCEPTED,716,2023-10-09,2026-10-07,-2.0,True,
MSJA,ACCEPTED,652,2024-01-10,2026-10-07,-2.0,True,
MSKY,ACCEPTED,716,2023-10-09,2026-10-07,-2.0,True,
MSTI,ACCEPTED,694,2023-11-08,2026-10-07,-2.0,True,
MTEL,ACCEPTED,716,2023-10-09,2026-10-07,-2.0,True,
MTFN,ACCEPTED,717,2023-10-09,2026-10-06,-1.0,True,
MTLA,ACCEPTED,716,2023-10-09,2026-10-07,-2.0,True,
MTMH,ACCEPTED,716,2023-10-09,2026-10-07,-2.0,True,
MTPS,ACCEPTED,720,2023-10-09,2026-10-06,-1.0,True,
MTRA,DOWNLOAD_FAILED,0,,,,False,empty response
MTSM,ACCEPTED,720,2023-10-09,2026-10-06,-1.0,True,
MTWI,ACCEPTED,716,2023-10-09,2026-10-07,-2.0,True,
MUTU,ACCEPTED,716,2023-10-09,2026-10-07,-2.0,True,
MYOH,ACCEPTED,716,2023-10-09,2026-10-07,-2.0,True,
MYTX,ACCEPTED,717,2023-10-09,2026-10-06,-1.0,True,
NAIK,ACCEPTED,452,2024-11-13,2026-10-07,-2.0,True,
NANO,ACCEPTED,716,2023-10-09,2026-10-07,-2.0,True,
NASA,ACCEPTED,716,2023-10-09,2026-10-07,-2.0,True,
NASI,ACCEPTED,716,2023-10-09,2026-10-07,-2.0,True,
NATO,ACCEPTED,716,2023-10-09,2026-10-07,-2.0,True,
NAYZ,ACCEPTED,716,2023-10-09,2026-10-07,-2.0,True,
NCKL,ACCEPTED,716,2023-10-09,2026-10-07,-2.0,True,
NELY,ACCEPTED,716,2023-10-09,2026-10-07,-2.0,True,
NEST,ACCEPTED,520,2024-08-08,2026-10-07,-2.0,True,
NETV,ACCEPTED,716,2023-10-09,2026-10-07,-2.0,True,
NFCX,ACCEPTED,716,2023-10-09,2026-10-07,-2.0,True,
NICE,ACCEPTED,653,2024-01-09,2026-10-07,-2.0,True,
NICK,ACCEPTED,715,2023-10-09,2026-10-06,-1.0,True,
NICL,ACCEPTED,716,2023-10-09,2026-10-07,-2.0,True,
NIKL,ACCEPTED,716,2023-10-09,2026-10-07,-2.0,True,
NINE,ACCEPTED,716,2023-10-09,2026-10-07,-2.0,True,
NIRO,ACCEPTED,716,2023-10-09,2026-10-07,-2.0,True,
NPGF,ACCEPTED,716,2023-10-09,2026-10-07,-2.0,True,
NRCA,ACCEPTED,716,2023-10-09,2026-10-07,-2.0,True,
NSSS,ACCEPTED,716,2023-10-09,2026-10-07,-2.0,True,
NTBK,ACCEPTED,716,2023-10-09,2026-10-07,-2.0,True,
NUSA,DOWNLOAD_FAILED,0,,,,False,empty response
NZIA,ACCEPTED,716,2023-10-09,2026-10-07,-2.0,True,
OASA,ACCEPTED,716,2023-10-09,2026-10-07,-2.0,True,
OBAT,ACCEPTED,414,2025-01-13,2026-10-07,-2.0,True,
OBMD,ACCEPTED,716,2023-10-09,2026-10-07,-2.0,True,
OCAP,DOWNLOAD_FAILED,0,,,,False,empty response
OILS,ACCEPTED,716,2023-10-09,2026-10-07,-2.0,True,
OKAS,ACCEPTED,716,2023-10-09,2026-10-07,-2.0,True,
OLIV,ACCEPTED,716,2023-10-09,2026-10-07,-2.0,True,
OMED,ACCEPTED,716,2023-10-09,2026-10-07,-2.0,True,
OMRE,ACCEPTED,717,2023-10-09,2026-10-07,-2.0,True,
OPMS,ACCEPTED,716,2023-10-09,2026-10-07,-2.0,True,
PACK,ACCEPTED,716,2023-10-09,2026-10-07,-2.0,True,
PADA,ACCEPTED,716,2023-10-09,2026-10-07,-2.0,True,
PADI,ACCEPTED,716,2023-10-09,2026-10-07,-2.0,True,
PALM,ACCEPTED,716,2023-10-09,2026-10-07,-2.0,True,
PAMG,ACCEPTED,716,2023-10-09,2026-10-07,-2.0,True,
PANR,ACCEPTED,716,2023-10-09,2026-10-07,-2.0,True,
PANS,ACCEPTED,716,2023-10-09,2026-10-07,-2.0,True,
PART,ACCEPTED,544,2024-07-05,2026-10-07,-2.0,True,
PBID,ACCEPTED,716,2023-10-09,2026-10-07,-2.0,True,
PBRX,ACCEPTED,717,2023-10-09,2026-10-07,-2.0,True,
PBSA,ACCEPTED,716,2023-10-09,2026-10-07,-2.0,True,
PCAR,ACCEPTED,716,2023-10-09,2026-10-07,-2.0,True,
PDES,ACCEPTED,716,2023-10-09,2026-10-07,-2.0,True,
PDPP,ACCEPTED,716,2023-10-09,2026-10-07,-2.0,True,
PEGE,ACCEPTED,716,2023-10-09,2026-10-07,-2.0,True,
PEHA,ACCEPTED,716,2023-10-09,2026-10-07,-2.0,True,
PEVE,ACCEPTED,716,2023-10-09,2026-10-07,-2.0,True,
PGEO,ACCEPTED,716,2023-10-09,2026-10-07,-2.0,True,
PGJO,ACCEPTED,716,2023-10-09,2026-10-07,-2.0,True,
PGLI,ACCEPTED,716,2023-10-09,2026-10-07,-2.0,True,
PGUN,ACCEPTED,716,2023-10-09,2026-10-07,-2.0,True,
PICO,ACCEPTED,717,2023-10-09,2026-10-07,-2.0,True,
PIPA,ACCEPTED,716,2023-10-09,2026-10-07,-2.0,True,
PJAA,ACCEPTED,717,2023-10-09,2026-10-07,-2.0,True,
PJHB,ACCEPTED,222,2025-11-06,2026-10-07,-2.0,True,
PKPK,ACCEPTED,716,2023-10-09,2026-10-07,-2.0,True,
PLAN,ACCEPTED,716,2023-10-09,2026-10-07,-2.0,True,
PLAS,DOWNLOAD_FAILED,0,,,,False,empty response
PLIN,ACCEPTED,720,2023-10-09,2026-10-06,-1.0,True,
PMJS,ACCEPTED,716,2023-10-09,2026-10-07,-2.0,True,
PMMP,ACCEPTED,720,2023-10-09,2026-10-06,-1.0,True,
PMUI,ACCEPTED,305,2025-07-10,2026-10-07,-2.0,True,
PNBS,ACCEPTED,716,2023-10-09,2026-10-07,-2.0,True,
PNGO,ACCEPTED,716,2023-10-09,2026-10-07,-2.0,True,
PNIN,ACCEPTED,717,2023-10-09,2026-10-07,-2.0,True,
PNLF,ACCEPTED,717,2023-10-09,2026-10-07,-2.0,True,
PNSE,ACCEPTED,717,2023-10-09,2026-10-07,-2.0,True,
POLA,ACCEPTED,715,2023-10-09,2026-10-06,-1.0,True,
POLI,ACCEPTED,716,2023-10-09,2026-10-07,-2.0,True,
POLL,ACCEPTED,720,2023-10-09,2026-10-06,-1.0,True,
POLU,ACCEPTED,716,2023-10-09,2026-10-07,-2.0,True,
POLY,ACCEPTED,720,2023-10-09,2026-10-06,-1.0,True,
POOL,DOWNLOAD_FAILED,0,,,,False,empty response
PORT,ACCEPTED,716,2023-10-09,2026-10-07,-2.0,True,
POSA,DOWNLOAD_FAILED,0,,,,False,empty response
PPGL,ACCEPTED,715,2023-10-09,2026-10-06,-1.0,True,
PPRE,ACCEPTED,716,2023-10-09,2026-10-07,-2.0,True,
PPRI,ACCEPTED,716,2023-10-09,2026-10-07,-2.0,True,
PPRO,ACCEPTED,716,2023-10-09,2026-10-07,-2.0,True,
PRAY,ACCEPTED,716,2023-10-09,2026-10-07,-2.0,True,
PRDA,ACCEPTED,716,2023-10-09,2026-10-07,-2.0,True,
PRDL,INSUFFICIENT_COVERAGE,63,2026-07-09,2026-10-07,-2.0,False,
PRIM,ACCEPTED,716,2023-10-09,2026-10-07,-2.0,True,
PSAB,ACCEPTED,717,2023-10-09,2026-10-07,-2.0,True,
PSAT,ACCEPTED,307,2025-07-08,2026-10-07,-2.0,True,
PSDN,ACCEPTED,717,2023-10-09,2026-10-07,-2.0,True,
PSGO,ACCEPTED,716,2023-10-09,2026-10-07,-2.0,True,
PSKT,ACCEPTED,716,2023-10-09,2026-10-07,-2.0,True,
PSSI,ACCEPTED,716,2023-10-09,2026-10-07,-2.0,True,
PTDU,ACCEPTED,720,2023-10-09,2026-10-06,-1.0,True,
PTIS,ACCEPTED,716,2023-10-09,2026-10-07,-2.0,True,
PTMP,ACCEPTED,716,2023-10-09,2026-10-07,-2.0,True,
PTMR,ACCEPTED,482,2024-10-08,2026-10-06,-1.0,True,
PTPS,ACCEPTED,716,2023-10-09,2026-10-07,-2.0,True,
PTPW,ACCEPTED,716,2023-10-09,2026-10-07,-2.0,True,
PTRO,ACCEPTED,717,2023-10-09,2026-10-07,-2.0,True,
PTSN,ACCEPTED,716,2023-10-09,2026-10-07,-2.0,True,
PTSP,ACCEPTED,717,2023-10-09,2026-10-07,-2.0,True,
PUDP,ACCEPTED,717,2023-10-09,2026-10-07,-2.0,True,
PURA,ACCEPTED,716,2023-10-09,2026-10-07,-2.0,True,
PURE,DOWNLOAD_FAILED,0,,,,False,empty response
PURI,ACCEPTED,716,2023-10-09,2026-10-07,-2.0,True,
PZZA,ACCEPTED,716,2023-10-09,2026-10-07,-2.0,True,
RAAM,ACCEPTED,716,2023-10-09,2026-10-07,-2.0,True,
RAFI,ACCEPTED,720,2023-10-09,2026-10-06,-1.0,True,
RAJA,ACCEPTED,720,2023-10-09,2026-10-07,-2.0,True,
RALS,ACCEPTED,717,2023-10-09,2026-10-07,-2.0,True,
RANC,ACCEPTED,716,2023-10-09,2026-10-07,-2.0,True,
RANS,INSUFFICIENT_COVERAGE,62,2026-07-10,2026-10-07,-2.0,False,
RATU,ACCEPTED,417,2025-01-08,2026-10-07,-2.0,True,
RBMS,ACCEPTED,717,2023-10-09,2026-10-07,-2.0,True,
RCCC,ACCEPTED,716,2023-10-09,2026-10-07,-2.0,True,
RDTX,ACCEPTED,719,2023-10-09,2026-10-07,-2.0,True,
REAL,ACCEPTED,716,2023-10-09,2026-10-07,-2.0,True,
RELF,ACCEPTED,716,2023-10-09,2026-10-07,-2.0,True,
RELI,ACCEPTED,716,2023-10-09,2026-10-07,-2.0,True,
RGAS,ACCEPTED,694,2023-11-08,2026-10-07,-2.0,True,
RICY,ACCEPTED,717,2023-10-09,2026-10-07,-2.0,True,
RIGS,ACCEPTED,717,2023-10-09,2026-10-07,-2.0,True,
RIMO,DOWNLOAD_FAILED,0,,,,False,empty response
RISE,ACCEPTED,716,2023-10-09,2026-10-07,-2.0,True,
RLCO,ACCEPTED,200,2025-12-08,2026-10-07,-2.0,True,
RMKE,ACCEPTED,719,2023-10-09,2026-10-07,-2.0,True,
RMKO,ACCEPTED,716,2023-10-09,2026-10-07,-2.0,True,
ROCK,ACCEPTED,716,2023-10-09,2026-10-07,-2.0,True,
RODA,ACCEPTED,717,2023-10-09,2026-10-07,-2.0,True,
RONY,ACCEPTED,716,2023-10-09,2026-10-07,-2.0,True,
RSCH,ACCEPTED,716,2023-10-09,2026-10-07,-2.0,True,
RSGK,ACCEPTED,716,2023-10-09,2026-10-07,-2.0,True,
RUIS,ACCEPTED,716,2023-10-09,2026-10-07,-2.0,True,
RUNS,ACCEPTED,716,2023-10-09,2026-10-07,-2.0,True,
SAFE,ACCEPTED,717,2023-10-09,2026-10-07,-2.0,True,
SAGE,ACCEPTED,716,2023-10-09,2026-10-07,-2.0,True,
SAME,ACCEPTED,716,2023-10-09,2026-10-07,-2.0,True,
SAMF,ACCEPTED,716,2023-10-09,2026-10-07,-2.0,True,
SAPX,ACCEPTED,716,2023-10-09,2026-10-07,-2.0,True,
SATU,ACCEPTED,716,2023-10-09,2026-10-07,-2.0,True,
SBAT,ACCEPTED,720,2023-10-09,2026-10-06,-1.0,True,
SBMA,ACCEPTED,716,2023-10-09,2026-10-07,-2.0,True,
SCCO,ACCEPTED,717,2023-10-09,2026-10-07,-2.0,True,
SCMA,ACCEPTED,717,2023-10-09,2026-10-07,-2.0,True,
SCNP,ACCEPTED,716,2023-10-09,2026-10-07,-2.0,True,
SCPI,DOWNLOAD_FAILED,0,,,,False,empty response
SDMU,ACCEPTED,716,2023-10-09,2026-10-07,-2.0,True,
SDPC,ACCEPTED,717,2023-10-09,2026-10-07,-2.0,True,
SEMA,ACCEPTED,716,2023-10-09,2026-10-07,-2.0,True,
SFAN,ACCEPTED,716,2023-10-09,2026-10-07,-2.0,True,
SGER,ACCEPTED,716,2023-10-09,2026-10-07,-2.0,True,
SGRO,ACCEPTED,717,2023-10-09,2026-10-07,-2.0,True,
SHID,ACCEPTED,716,2023-10-09,2026-10-07,-2.0,True,
SHIP,ACCEPTED,717,2023-10-09,2026-10-07,-2.0,True,
SICO,ACCEPTED,716,2023-10-09,2026-10-07,-2.0,True,
SILO,ACCEPTED,716,2023-10-09,2026-10-07,-2.0,True,
SIMA,DOWNLOAD_FAILED,0,,,,False,empty response
SIMP,ACCEPTED,716,2023-10-09,2026-10-07,-2.0,True,
SINI,ACCEPTED,716,2023-10-09,2026-10-07,-2.0,True,
SIPD,ACCEPTED,717,2023-10-09,2026-10-07,-2.0,True,
SKBM,ACCEPTED,716,2023-10-09,2026-10-07,-2.0,True,
SKRN,ACCEPTED,716,2023-10-09,2026-10-07,-2.0,True,
SKYB,DOWNLOAD_FAILED,0,,,,False,empty response
SLIS,ACCEPTED,716,2023-10-09,2026-10-07,-2.0,True,
SMAR,ACCEPTED,717,2023-10-09,2026-10-07,-2.0,True,
SMBR,ACCEPTED,716,2023-10-09,2026-10-07,-2.0,True,
SMCB,ACCEPTED,720,2023-10-09,2026-10-06,-1.0,True,
SMDM,ACCEPTED,717,2023-10-09,2026-10-07,-2.0,True,
SMDR,ACCEPTED,717,2023-10-09,2026-10-07,-2.0,True,
SMGA,ACCEPTED,638,2024-01-30,2026-10-07,-2.0,True,
SMIL,ACCEPTED,716,2023-10-09,2026-10-07,-2.0,True,
SMKL,ACCEPTED,716,2023-10-09,2026-10-07,-2.0,True,
SMKM,ACCEPTED,716,2023-10-09,2026-10-07,-2.0,True,
SMLE,ACCEPTED,652,2024-01-10,2026-10-07,-2.0,True,
SMMA,ACCEPTED,716,2023-10-09,2026-10-07,-2.0,True,
SMRU,DOWNLOAD_FAILED,0,,,,False,empty response
SMSM,ACCEPTED,717,2023-10-09,2026-10-07,-2.0,True,
SNLK,ACCEPTED,716,2023-10-09,2026-10-07,-2.0,True,
SOCI,ACCEPTED,716,2023-10-09,2026-10-07,-2.0,True,
SOFA,ACCEPTED,716,2023-10-09,2026-10-07,-2.0,True,
SOHO,ACCEPTED,716,2023-10-09,2026-10-07,-2.0,True,
SOLA,ACCEPTED,580,2024-05-08,2026-10-07,-2.0,True,
SONA,ACCEPTED,717,2023-10-09,2026-10-07,-2.0,True,
SOSS,ACCEPTED,719,2023-10-09,2026-10-07,-2.0,True,
SOTS,ACCEPTED,716,2023-10-09,2026-10-07,-2.0,True,
SOUL,ACCEPTED,717,2023-10-09,2026-10-06,-1.0,True,
SPMA,ACCEPTED,720,2023-10-09,2026-10-07,-2.0,True,
SPRE,ACCEPTED,546,2024-07-03,2026-10-07,-2.0,True,
SPTO,ACCEPTED,716,2023-10-09,2026-10-07,-2.0,True,
SQMI,ACCEPTED,716,2023-10-09,2026-10-07,-2.0,True,
SRAJ,ACCEPTED,715,2023-10-09,2026-10-06,-1.0,True,
SRIL,DOWNLOAD_FAILED,0,,,,False,empty response
SRSN,ACCEPTED,717,2023-10-09,2026-10-07,-2.0,True,
SRTG,ACCEPTED,716,2023-10-09,2026-10-07,-2.0,True,
SSIA,ACCEPTED,717,2023-10-09,2026-10-07,-2.0,True,
SSMS,ACCEPTED,716,2023-10-09,2026-10-07,-2.0,True,
SSTM,ACCEPTED,717,2023-10-09,2026-10-07,-2.0,True,
STAA,ACCEPTED,716,2023-10-09,2026-10-07,-2.0,True,
STAR,ACCEPTED,716,2023-10-09,2026-10-07,-2.0,True,
STRK,ACCEPTED,715,2023-10-10,2026-10-07,-2.0,True,
SUGI,DOWNLOAD_FAILED,0,,,,False,empty response
SULI,ACCEPTED,717,2023-10-09,2026-10-07,-2.0,True,
SUNI,ACCEPTED,716,2023-10-09,2026-10-07,-2.0,True,
SUPA,INSUFFICIENT_COVERAGE,193,2025-12-17,2026-10-07,-2.0,False,
SUPR,ACCEPTED,720,2023-10-09,2026-10-06,-1.0,True,
SURE,ACCEPTED,715,2023-10-09,2026-10-06,-1.0,True,
SWAT,ACCEPTED,720,2023-10-09,2026-10-06,-1.0,True,
SWID,ACCEPTED,716,2023-10-09,2026-10-07,-2.0,True,
TALF,ACCEPTED,716,2023-10-09,2026-10-07,-2.0,True,
TAMA,ACCEPTED,716,2023-10-09,2026-10-07,-2.0,True,
TAMU,ACCEPTED,716,2023-10-09,2026-10-07,-2.0,True,
TAPG,ACCEPTED,716,2023-10-09,2026-10-07,-2.0,True,
TARA,ACCEPTED,716,2023-10-09,2026-10-07,-2.0,True,
TAXI,ACCEPTED,716,2023-10-09,2026-10-07,-2.0,True,
TAYS,ACCEPTED,717,2023-10-09,2026-10-06,-1.0,True,
TBLA,ACCEPTED,717,2023-10-09,2026-10-07,-2.0,True,
TBMS,ACCEPTED,717,2023-10-09,2026-10-07,-2.0,True,
TCID,ACCEPTED,717,2023-10-09,2026-10-07,-2.0,True,
TCPI,ACCEPTED,716,2023-10-09,2026-10-07,-2.0,True,
TDPM,DOWNLOAD_FAILED,0,,,,False,empty response
TEBE,ACCEPTED,715,2023-10-09,2026-10-06,-1.0,True,
TECH,DOWNLOAD_FAILED,0,,,,False,empty response
TELE,ACCEPTED,720,2023-10-09,2026-10-06,-1.0,True,
TFAS,ACCEPTED,716,2023-10-09,2026-10-07,-2.0,True,
TFCO,ACCEPTED,717,2023-10-09,2026-10-07,-2.0,True,
TGKA,ACCEPTED,717,2023-10-09,2026-10-07,-2.0,True,
TGRA,ACCEPTED,720,2023-10-09,2026-10-06,-1.0,True,
TGUK,ACCEPTED,719,2023-10-09,2026-10-07,-2.0,True,
TIRA,ACCEPTED,717,2023-10-09,2026-10-07,-2.0,True,
TIRT,ACCEPTED,717,2023-10-09,2026-10-06,-1.0,True,
TLDN,ACCEPTED,716,2023-10-09,2026-10-07,-2.0,True,
TMAS,ACCEPTED,716,2023-10-09,2026-10-07,-2.0,True,
TMPO,ACCEPTED,717,2023-10-09,2026-10-07,-2.0,True,
TNCA,ACCEPTED,716,2023-10-09,2026-10-07,-2.0,True,
TOBA,ACCEPTED,716,2023-10-09,2026-10-07,-2.0,True,
TOOL,ACCEPTED,716,2023-10-09,2026-10-07,-2.0,True,
TOPS,ACCEPTED,720,2023-10-09,2026-10-06,-1.0,True,
TOTO,ACCEPTED,717,2023-10-09,2026-10-07,-2.0,True,
TOYS,ACCEPTED,720,2023-10-09,2026-10-06,-1.0,True,
TPIA,ACCEPTED,716,2023-10-09,2026-10-07,-2.0,True,
TPMA,ACCEPTED,716,2023-10-09,2026-10-07,-2.0,True,
TRAM,DOWNLOAD_FAILED,0,,,,False,empty response
TRGU,ACCEPTED,716,2023-10-09,2026-10-07,-2.0,True,
TRIL,DOWNLOAD_FAILED,0,,,,False,empty response
TRIM,ACCEPTED,717,2023-10-09,2026-10-07,-2.0,True,
TRIN,ACCEPTED,716,2023-10-09,2026-10-07,-2.0,True,
TRIO,DOWNLOAD_FAILED,0,,,,False,empty response
TRIS,ACCEPTED,716,2023-10-09,2026-10-07,-2.0,True,
TRJA,ACCEPTED,716,2023-10-09,2026-10-07,-2.0,True,
TRON,ACCEPTED,716,2023-10-09,2026-10-07,-2.0,True,
TRST,ACCEPTED,717,2023-10-09,2026-10-07,-2.0,True,
TRUE,ACCEPTED,718,2023-10-09,2026-10-07,-2.0,True,
TRUK,ACCEPTED,715,2023-10-09,2026-10-06,-1.0,True,
TRUS,ACCEPTED,717,2023-10-09,2026-10-07,-2.0,True,
TUGU,ACCEPTED,716,2023-10-09,2026-10-07,-2.0,True,
TYRE,ACCEPTED,716,2023-10-09,2026-10-07,-2.0,True,
UANG,ACCEPTED,716,2023-10-09,2026-10-07,-2.0,True,
UCID,ACCEPTED,716,2023-10-09,2026-10-07,-2.0,True,
UDNG,ACCEPTED,700,2023-10-31,2026-10-07,-2.0,True,
UFOE,ACCEPTED,716,2023-10-09,2026-10-07,-2.0,True,
UNIC,ACCEPTED,717,2023-10-09,2026-10-07,-2.0,True,
UNIQ,ACCEPTED,716,2023-10-09,2026-10-07,-2.0,True,
UNIT,DOWNLOAD_FAILED,0,,,,False,empty response
UNSP,ACCEPTED,718,2023-10-09,2026-10-07,-2.0,True,
UNTR,ACCEPTED,717,2023-10-09,2026-10-07,-2.0,True,
URBN,ACCEPTED,716,2023-10-09,2026-10-07,-2.0,True,
UVCR,ACCEPTED,716,2023-10-09,2026-10-07,-2.0,True,
VAST,ACCEPTED,716,2023-10-09,2026-10-07,-2.0,True,
VERN,ACCEPTED,478,2024-10-08,2026-10-07,-2.0,True,
VICI,ACCEPTED,716,2023-10-09,2026-10-07,-2.0,True,
VICO,ACCEPTED,716,2023-10-09,2026-10-07,-2.0,True,
VINS,ACCEPTED,716,2023-10-09,2026-10-07,-2.0,True,
VISI,ACCEPTED,621,2024-02-27,2026-10-07,-2.0,True,
VIVA,ACCEPTED,716,2023-10-09,2026-10-07,-2.0,True,
VKTR,ACCEPTED,716,2023-10-09,2026-10-07,-2.0,True,
VOKS,ACCEPTED,717,2023-10-09,2026-10-07,-2.0,True,
VRNA,ACCEPTED,716,2023-10-09,2026-10-07,-2.0,True,
VTNY,ACCEPTED,716,2023-10-09,2026-10-07,-2.0,True,
WAPO,ACCEPTED,717,2023-10-09,2026-10-07,-2.0,True,
WEGE,ACCEPTED,716,2023-10-09,2026-10-07,-2.0,True,
WEHA,ACCEPTED,716,2023-10-09,2026-10-07,-2.0,True,
WICO,ACCEPTED,720,2023-10-09,2026-10-06,-1.0,True,
WIFI,ACCEPTED,716,2023-10-09,2026-10-07,-2.0,True,
WIIM,ACCEPTED,716,2023-10-09,2026-10-07,-2.0,True,
WINE,ACCEPTED,716,2023-10-09,2026-10-07,-2.0,True,
WINR,ACCEPTED,716,2023-10-09,2026-10-07,-2.0,True,
WINS,ACCEPTED,717,2023-10-09,2026-10-07,-2.0,True,
WIRG,ACCEPTED,716,2023-10-09,2026-10-07,-2.0,True,
WMPP,ACCEPTED,716,2023-10-09,2026-10-07,-2.0,True,
WMUU,ACCEPTED,716,2023-10-09,2026-10-07,-2.0,True,
WOMF,ACCEPTED,716,2023-10-09,2026-10-07,-2.0,True,
WOOD,ACCEPTED,716,2023-10-09,2026-10-07,-2.0,True,
WOWS,ACCEPTED,716,2023-10-09,2026-10-07,-2.0,True,
YELO,ACCEPTED,716,2023-10-09,2026-10-07,-2.0,True,
YOII,ACCEPTED,417,2025-01-08,2026-10-07,-2.0,True,
YPAS,ACCEPTED,717,2023-10-09,2026-10-07,-2.0,True,
YULE,ACCEPTED,716,2023-10-09,2026-10-07,-2.0,True,
YUPI,ACCEPTED,366,2025-03-25,2026-10-07,-2.0,True,
ZATA,ACCEPTED,716,2023-10-09,2026-10-07,-2.0,True,
ZBRA,ACCEPTED,720,2023-10-09,2026-10-06,-1.0,True,
ZINC,ACCEPTED,720,2023-10-09,2026-10-06,-1.0,True,
ZONE,ACCEPTED,716,2023-10-09,2026-10-07,-2.0,True,
ZYRX,ACCEPTED,716,2023-10-09,2026-10-07,-2.0,True,
