ticker,rows,first_date,last_date,lag_days,expected_sessions_between_dates,session_coverage,duplicate_rows,duplicate_keys,missing_ohlcv_cells,nonpositive_price_rows,invalid_ohlc_rows,negative_volume_rows,max_calendar_gap_days,max_missing_trading_sessions,quality_grade,verdict
AALI,717,2023-10-09,2026-10-07,-2,710,1.009859,0,0,0,0,0,0,12,0,A,RESEARCH_READY
ABBA,717,2023-10-09,2026-10-06,-1,710,1.009859,0,0,0,0,0,0,12,0,A,RESEARCH_READY
ABDA,716,2023-10-09,2026-10-07,-2,710,1.008451,0,0,0,0,0,0,12,0,A,RESEARCH_READY
ABMM,716,2023-10-09,2026-10-07,-2,710,1.008451,0,0,0,0,0,0,12,0,A,RESEARCH_READY
ACES,716,2023-10-09,2026-10-07,-2,710,1.008451,0,0,0,0,0,0,12,0,A,RESEARCH_READY
ACRO,651,2024-01-11,2026-10-07,-2,645,1.009302,0,0,0,0,0,0,12,0,A,RESEARCH_READY
ACST,3264,2013-06-24,2026-10-05,0,3208,1.017456,0,0,0,0,0,0,12,0,A,RESEARCH_READY
ADCP,718,2023-10-09,2026-10-06,-1,710,1.011268,0,0,0,0,0,0,12,0,A,RESEARCH_READY
ADES,4121,2010-01-04,2026-10-05,0,4064,1.014026,0,0,0,0,0,0,12,0,A,RESEARCH_READY
ADMG,717,2023-10-09,2026-10-07,-2,710,1.009859,0,0,0,0,0,0,12,0,A,RESEARCH_READY
ADMR,716,2023-10-09,2026-10-07,-2,710,1.008451,0,0,0,0,0,0,12,0,A,RESEARCH_READY
AGAR,718,2023-10-09,2026-10-07,-2,710,1.011268,0,0,0,0,0,0,12,0,A,RESEARCH_READY
AGII,716,2023-10-09,2026-10-07,-2,710,1.008451,0,0,0,0,0,0,12,0,A,RESEARCH_READY
AGRS,716,2023-10-09,2026-10-07,-2,710,1.008451,0,0,0,0,0,0,12,0,A,RESEARCH_READY
AHAP,717,2023-10-09,2026-10-07,-2,710,1.009859,0,0,0,0,0,0,12,0,A,RESEARCH_READY
AIMS,717,2023-10-09,2026-10-07,-2,710,1.009859,0,0,0,0,0,0,12,0,A,RESEARCH_READY
AISA,716,2023-10-09,2026-10-07,-2,710,1.008451,0,0,0,0,0,0,12,0,A,RESEARCH_READY
AKKU,721,2023-10-09,2026-10-07,-2,710,1.015493,0,0,0,0,0,0,12,0,A,RESEARCH_READY
AKPI,717,2023-10-09,2026-10-07,-2,710,1.009859,0,0,0,0,0,0,12,0,A,RESEARCH_READY
AKRA,716,2023-10-09,2026-10-07,-2,710,1.008451,0,0,0,0,0,0,12,0,A,RESEARCH_READY
AKSI,717,2023-10-09,2026-10-07,-2,710,1.009859,0,0,0,0,0,0,12,0,A,RESEARCH_READY
ALDO,716,2023-10-09,2026-10-07,-2,710,1.008451,0,0,0,0,0,0,12,0,A,RESEARCH_READY
ALKA,718,2023-10-09,2026-10-07,-2,710,1.011268,0,0,0,0,0,0,12,0,A,RESEARCH_READY
ALMI,720,2023-10-09,2026-10-06,-1,710,1.014085,0,0,0,0,0,0,12,0,A,RESEARCH_READY
AMAN,716,2023-10-09,2026-10-07,-2,710,1.008451,0,0,0,0,0,0,12,0,A,RESEARCH_READY
AMAR,716,2023-10-09,2026-10-07,-2,710,1.008451,0,0,0,0,0,0,12,0,A,RESEARCH_READY
AMFG,717,2023-10-09,2026-10-07,-2,710,1.009859,0,0,0,0,0,0,12,0,A,RESEARCH_READY
AMIN,716,2023-10-09,2026-10-07,-2,710,1.008451,0,0,0,0,0,0,12,0,A,RESEARCH_READY
AMMN,716,2023-10-09,2026-10-07,-2,710,1.008451,0,0,0,0,0,0,12,0,A,RESEARCH_READY
AMMS,716,2023-10-09,2026-10-07,-2,710,1.008451,0,0,0,0,0,0,12,0,A,RESEARCH_READY
AMOR,716,2023-10-09,2026-10-07,-2,710,1.008451,0,0,0,0,0,0,12,0,A,RESEARCH_READY
AMRT,716,2023-10-09,2026-10-07,-2,710,1.008451,0,0,0,0,0,0,12,0,A,RESEARCH_READY
ANDI,716,2023-10-09,2026-10-07,-2,710,1.008451,0,0,0,0,0,0,12,0,A,RESEARCH_READY
ANJT,716,2023-10-09,2026-10-07,-2,710,1.008451,0,0,0,0,0,0,12,0,A,RESEARCH_READY
APEX,717,2023-10-09,2026-10-07,-2,710,1.009859,0,0,0,0,0,0,12,0,A,RESEARCH_READY
APIC,716,2023-10-09,2026-10-07,-2,710,1.008451,0,0,0,0,0,0,12,0,A,RESEARCH_READY
APII,716,2023-10-09,2026-10-07,-2,710,1.008451,0,0,0,0,0,0,12,0,A,RESEARCH_READY
APLI,717,2023-10-09,2026-10-07,-2,710,1.009859,0,0,0,0,0,0,12,0,A,RESEARCH_READY
APLN,716,2023-10-09,2026-10-07,-2,710,1.008451,0,0,0,0,0,0,12,0,A,RESEARCH_READY
ARCI,716,2023-10-09,2026-10-07,-2,710,1.008451,0,0,0,0,0,0,12,0,A,RESEARCH_READY
AREA,600,2024-04-01,2026-10-07,-2,594,1.010101,0,0,0,0,0,0,12,0,A,RESEARCH_READY
ARGO,716,2023-10-09,2026-10-07,-2,710,1.008451,0,0,0,0,0,0,12,0,A,RESEARCH_READY
ARII,716,2023-10-09,2026-10-07,-2,710,1.008451,0,0,0,0,0,0,12,0,A,RESEARCH_READY
ARKA,717,2023-10-09,2026-10-06,-1,710,1.009859,0,0,0,0,0,0,12,0,A,RESEARCH_READY
ARKO,716,2023-10-09,2026-10-07,-2,710,1.008451,0,0,0,0,0,0,12,0,A,RESEARCH_READY
ARNA,717,2023-10-09,2026-10-07,-2,710,1.009859,0,0,0,0,0,0,12,0,A,RESEARCH_READY
ARTA,717,2023-10-09,2026-10-07,-2,710,1.009859,0,0,0,0,0,0,12,0,A,RESEARCH_READY
ARTI,720,2023-10-09,2026-10-06,-1,710,1.014085,0,0,0,0,0,0,12,0,A,RESEARCH_READY
ARTO,716,2023-10-09,2026-10-07,-2,710,1.008451,0,0,0,0,0,0,12,0,A,RESEARCH_READY
ASBI,717,2023-10-09,2026-10-07,-2,710,1.009859,0,0,0,0,0,0,12,0,A,RESEARCH_READY
ASDM,717,2023-10-09,2026-10-07,-2,710,1.009859,0,0,0,0,0,0,12,0,A,RESEARCH_READY
ASGR,717,2023-10-09,2026-10-07,-2,710,1.009859,0,0,0,0,0,0,12,0,A,RESEARCH_READY
ASHA,716,2023-10-09,2026-10-07,-2,710,1.008451,0,0,0,0,0,0,12,0,A,RESEARCH_READY
ASII,4120,2010-01-04,2026-10-05,0,4064,1.01378,0,0,0,0,0,0,12,1,A,RESEARCH_READY
ASJT,716,2023-10-09,2026-10-07,-2,710,1.008451,0,0,0,0,0,0,12,0,A,RESEARCH_READY
ASLC,716,2023-10-09,2026-10-07,-2,710,1.008451,0,0,0,0,0,0,12,0,A,RESEARCH_READY
ASLI,655,2024-01-05,2026-10-07,-2,649,1.009245,0,0,0,0,0,0,12,0,A,RESEARCH_READY
ASMI,716,2023-10-09,2026-10-07,-2,710,1.008451,0,0,0,0,0,0,12,0,A,RESEARCH_READY
ASPI,715,2023-10-09,2026-10-06,-1,710,1.007042,0,0,0,0,0,0,12,0,A,RESEARCH_READY
ASRI,716,2023-10-09,2026-10-07,-2,710,1.008451,0,0,0,0,0,0,12,0,A,RESEARCH_READY
ASRM,717,2023-10-09,2026-10-07,-2,710,1.009859,0,0,0,0,0,0,12,0,A,RESEARCH_READY
ASSA,716,2023-10-09,2026-10-07,-2,710,1.008451,0,0,0,0,0,0,12,0,A,RESEARCH_READY
ATAP,716,2023-10-09,2026-10-07,-2,710,1.008451,0,0,0,0,0,0,12,0,A,RESEARCH_READY
ATIC,716,2023-10-09,2026-10-07,-2,710,1.008451,0,0,0,0,0,0,12,0,A,RESEARCH_READY
ATLA,595,2024-04-16,2026-10-07,-2,589,1.010187,0,0,0,0,0,0,12,0,A,RESEARCH_READY
AUTO,717,2023-10-09,2026-10-07,-2,710,1.009859,0,0,0,0,0,0,12,0,A,RESEARCH_READY
AVIA,716,2023-10-09,2026-10-07,-2,710,1.008451,0,0,0,0,0,0,12,0,A,RESEARCH_READY
AWAN,716,2023-10-09,2026-10-07,-2,710,1.008451,0,0,0,0,0,0,12,0,A,RESEARCH_READY
AXIO,716,2023-10-09,2026-10-07,-2,710,1.008451,0,0,0,0,0,0,12,0,A,RESEARCH_READY
AYLS,716,2023-10-09,2026-10-07,-2,710,1.008451,0,0,0,0,0,0,12,0,A,RESEARCH_READY
BABP,717,2023-10-09,2026-10-07,-2,710,1.009859,0,0,0,0,0,0,12,0,A,RESEARCH_READY
BABY,716,2023-10-09,2026-10-07,-2,710,1.008451,0,0,0,0,0,0,12,0,A,RESEARCH_READY
BACA,716,2023-10-09,2026-10-07,-2,710,1.008451,0,0,0,0,0,0,12,0,A,RESEARCH_READY
BAIK,632,2024-02-15,2026-10-07,-2,623,1.014446,0,0,0,0,0,0,12,0,A,RESEARCH_READY
BAJA,717,2023-10-09,2026-10-07,-2,710,1.009859,0,0,0,0,0,0,12,0,A,RESEARCH_READY
BALI,3081,2014-03-13,2026-10-05,0,3034,1.015491,0,0,0,0,0,0,12,4,A,RESEARCH_READY
BANK,716,2023-10-09,2026-10-07,-2,710,1.008451,0,0,0,0,0,0,12,0,A,RESEARCH_READY
BAPA,719,2023-10-09,2026-10-07,-2,710,1.012676,0,0,0,0,0,0,12,0,A,RESEARCH_READY
BAPI,716,2023-10-09,2026-10-07,-2,710,1.008451,0,0,0,0,0,0,12,0,A,RESEARCH_READY
BATA,717,2023-10-09,2026-10-06,-1,710,1.009859,0,0,0,0,0,0,12,0,A,RESEARCH_READY
BATR,561,2024-06-10,2026-10-07,-2,555,1.010811,0,0,0,0,0,0,12,0,A,RESEARCH_READY
BAUT,716,2023-10-09,2026-10-07,-2,710,1.008451,0,0,0,0,0,0,12,0,A,RESEARCH_READY
BAYU,717,2023-10-09,2026-10-07,-2,710,1.009859,0,0,0,0,0,0,12,0,A,RESEARCH_READY
BBCA,4120,2010-01-04,2026-10-05,0,4064,1.01378,0,0,0,0,0,0,12,0,A,RESEARCH_READY
BBHI,716,2023-10-09,2026-10-07,-2,710,1.008451,0,0,0,0,0,0,12,0,A,RESEARCH_READY
BBKP,717,2023-10-09,2026-10-07,-2,710,1.009859,0,0,0,0,0,0,12,0,A,RESEARCH_READY
BBLD,716,2023-10-09,2026-10-07,-2,710,1.008451,0,0,0,0,0,0,12,0,A,RESEARCH_READY
BBMD,717,2023-10-09,2026-10-07,-2,710,1.009859,0,0,0,0,0,0,12,0,A,RESEARCH_READY
BBNI,4121,2010-01-04,2026-10-05,0,4064,1.014026,0,0,0,0,0,0,12,0,A,RESEARCH_READY
BBRM,716,2023-10-09,2026-10-07,-2,710,1.008451,0,0,0,0,0,0,12,0,A,RESEARCH_READY
BBSI,716,2023-10-09,2026-10-07,-2,710,1.008451,0,0,0,0,0,0,12,0,A,RESEARCH_READY
BBSS,716,2023-10-09,2026-10-07,-2,710,1.008451,0,0,0,0,0,0,12,0,A,RESEARCH_READY
BBTN,716,2023-10-09,2026-10-07,-2,710,1.008451,0,0,0,0,0,0,12,0,A,RESEARCH_READY
BBYB,716,2023-10-09,2026-10-07,-2,710,1.008451,0,0,0,0,0,0,12,0,A,RESEARCH_READY
BCAP,717,2023-10-09,2026-10-07,-2,710,1.009859,0,0,0,0,0,0,12,0,A,RESEARCH_READY
BCIC,716,2023-10-09,2026-10-07,-2,710,1.008451,0,0,0,0,0,0,12,0,A,RESEARCH_READY
BCIP,716,2023-10-09,2026-10-07,-2,710,1.008451,0,0,0,0,0,0,12,0,A,RESEARCH_READY
BDKR,716,2023-10-09,2026-10-07,-2,710,1.008451,0,0,0,0,0,0,12,0,A,RESEARCH_READY
BDMN,4121,2010-01-04,2026-10-05,0,4064,1.014026,0,0,0,0,0,0,12,0,A,RESEARCH_READY
BEBS,720,2023-10-09,2026-10-06,-1,710,1.014085,0,0,0,0,0,0,12,0,A,RESEARCH_READY
BEEF,716,2023-10-09,2026-10-07,-2,710,1.008451,0,0,0,0,0,0,12,0,A,RESEARCH_READY
BEER,716,2023-10-09,2026-10-07,-2,710,1.008451,0,0,0,0,0,0,12,0,A,RESEARCH_READY
BEKS,716,2023-10-09,2026-10-07,-2,710,1.008451,0,0,0,0,0,0,12,0,A,RESEARCH_READY
BELI,716,2023-10-09,2026-10-07,-2,710,1.008451,0,0,0,0,0,0,12,0,A,RESEARCH_READY
BELL,716,2023-10-09,2026-10-07,-2,710,1.008451,0,0,0,0,0,0,12,0,A,RESEARCH_READY
BESS,716,2023-10-09,2026-10-07,-2,710,1.008451,0,0,0,0,0,0,12,0,A,RESEARCH_READY
BEST,716,2023-10-09,2026-10-07,-2,710,1.008451,0,0,0,0,0,0,12,0,A,RESEARCH_READY
BGTG,716,2023-10-09,2026-10-07,-2,710,1.008451,0,0,0,0,0,0,12,0,A,RESEARCH_READY
BHAT,717,2023-10-09,2026-10-06,-1,710,1.009859,0,0,0,0,0,0,12,0,A,RESEARCH_READY
BHIT,717,2023-10-09,2026-10-07,-2,710,1.009859,0,0,0,0,0,0,12,0,A,RESEARCH_READY
BIKA,720,2023-10-09,2026-10-06,-1,710,1.014085,0,0,0,0,0,0,12,0,A,RESEARCH_READY
BIKE,719,2023-10-09,2026-10-06,-1,710,1.012676,0,0,0,0,0,0,12,0,A,RESEARCH_READY
BIMA,720,2023-10-09,2026-10-06,-1,710,1.014085,0,0,0,0,0,0,12,0,A,RESEARCH_READY
BINA,716,2023-10-09,2026-10-07,-2,710,1.008451,0,0,0,0,0,0,12,0,A,RESEARCH_READY
BINO,716,2023-10-09,2026-10-07,-2,710,1.008451,0,0,0,0,0,0,12,0,A,RESEARCH_READY
BIPI,716,2023-10-09,2026-10-07,-2,710,1.008451,0,0,0,0,0,0,12,0,A,RESEARCH_READY
BIPP,717,2023-10-09,2026-10-07,-2,710,1.009859,0,0,0,0,0,0,12,0,A,RESEARCH_READY
BIRD,716,2023-10-09,2026-10-07,-2,710,1.008451,0,0,0,0,0,0,12,0,A,RESEARCH_READY
BISI,716,2023-10-09,2026-10-07,-2,710,1.008451,0,0,0,0,0,0,12,0,A,RESEARCH_READY
BJBR,3992,2010-07-08,2026-10-05,0,3936,1.014228,0,0,0,0,0,0,12,0,A,RESEARCH_READY
BJTM,3494,2012-07-12,2026-10-05,0,3439,1.015993,0,0,0,0,0,0,12,1,A,RESEARCH_READY
BKDP,720,2023-10-09,2026-10-07,-2,710,1.014085,0,0,0,0,0,0,12,0,A,RESEARCH_READY
BKSL,4121,2010-01-04,2026-10-05,0,4064,1.014026,0,0,0,0,0,0,12,0,A,RESEARCH_READY
BKSW,717,2023-10-09,2026-10-07,-2,710,1.009859,0,0,0,0,0,0,12,0,A,RESEARCH_READY
BLES,543,2024-07-08,2026-10-07,-2,537,1.011173,0,0,0,0,0,0,12,0,A,RESEARCH_READY
BLTA,717,2023-10-09,2026-10-07,-2,710,1.009859,0,0,0,0,0,0,12,0,A,RESEARCH_READY
BLTZ,718,2023-10-09,2026-10-07,-2,710,1.011268,0,0,0,0,0,0,12,0,A,RESEARCH_READY
BLUE,716,2023-10-09,2026-10-07,-2,710,1.008451,0,0,0,0,0,0,12,0,A,RESEARCH_READY
BMAS,716,2023-10-09,2026-10-07,-2,710,1.008451,0,0,0,0,0,0,12,0,A,RESEARCH_READY
BMBL,716,2023-10-09,2026-10-07,-2,710,1.008451,0,0,0,0,0,0,12,0,A,RESEARCH_READY
BMHS,716,2023-10-09,2026-10-07,-2,710,1.008451,0,0,0,0,0,0,12,0,A,RESEARCH_READY
BMSR,717,2023-10-09,2026-10-07,-2,710,1.009859,0,0,0,0,0,0,12,0,A,RESEARCH_READY
BMTR,717,2023-10-09,2026-10-07,-2,710,1.009859,0,0,0,0,0,0,12,0,A,RESEARCH_READY
BNBA,716,2023-10-09,2026-10-07,-2,710,1.008451,0,0,0,0,0,0,12,0,A,RESEARCH_READY
BNBR,720,2023-10-09,2026-10-07,-2,710,1.014085,0,0,0,0,0,0,12,0,A,RESEARCH_READY
BNGA,4120,2010-01-04,2026-10-05,0,4064,1.01378,0,0,0,0,0,0,12,1,A,RESEARCH_READY
BNII,4120,2010-01-04,2026-10-05,0,4064,1.01378,0,0,0,0,0,0,12,1,A,RESEARCH_READY
BOBA,716,2023-10-09,2026-10-07,-2,710,1.008451,0,0,0,0,0,0,12,0,A,RESEARCH_READY
BOGA,717,2023-10-09,2026-10-07,-2,710,1.009859,0,0,0,0,0,0,12,0,A,RESEARCH_READY
BOLA,716,2023-10-09,2026-10-07,-2,710,1.008451,0,0,0,0,0,0,12,0,A,RESEARCH_READY
BOLT,2758,2015-07-07,2026-10-05,0,2713,1.016587,0,0,0,0,0,0,12,4,A,RESEARCH_READY
BOSS,720,2023-10-09,2026-10-06,-1,710,1.014085,0,0,0,0,0,0,12,0,A,RESEARCH_READY
BPFI,716,2023-10-09,2026-10-07,-2,710,1.008451,0,0,0,0,0,0,12,0,A,RESEARCH_READY
BPII,715,2023-10-09,2026-10-06,-1,710,1.007042,0,0,0,0,0,0,12,0,A,RESEARCH_READY
BPTR,716,2023-10-09,2026-10-07,-2,710,1.008451,0,0,0,0,0,0,12,0,A,RESEARCH_READY
BRAM,716,2023-10-09,2026-10-06,-1,710,1.008451,0,0,0,0,0,0,12,0,A,RESEARCH_READY
BREN,716,2023-10-09,2026-10-07,-2,710,1.008451,0,0,0,0,0,0,12,0,A,RESEARCH_READY
BRIS,716,2023-10-09,2026-10-07,-2,710,1.008451,0,0,0,0,0,0,12,0,A,RESEARCH_READY
BRNA,717,2023-10-09,2026-10-07,-2,710,1.009859,0,0,0,0,0,0,12,0,A,RESEARCH_READY
BRPT,717,2023-10-09,2026-10-07,-2,710,1.009859,0,0,0,0,0,0,12,0,A,RESEARCH_READY
BSBK,716,2023-10-09,2026-10-07,-2,710,1.008451,0,0,0,0,0,0,12,0,A,RESEARCH_READY
BSML,716,2023-10-09,2026-10-07,-2,710,1.008451,0,0,0,0,0,0,12,0,A,RESEARCH_READY
BSSR,716,2023-10-09,2026-10-07,-2,710,1.008451,0,0,0,0,0,0,12,0,A,RESEARCH_READY
BSWD,719,2023-10-09,2026-10-06,-1,710,1.012676,0,0,0,0,0,0,12,0,A,RESEARCH_READY
BTEK,716,2023-10-09,2026-10-07,-2,710,1.008451,0,0,0,0,0,0,12,0,A,RESEARCH_READY
BTON,717,2023-10-09,2026-10-07,-2,710,1.009859,0,0,0,0,0,0,12,0,A,RESEARCH_READY
BTPS,716,2023-10-09,2026-10-07,-2,710,1.008451,0,0,0,0,0,0,12,0,A,RESEARCH_READY
BUAH,716,2023-10-09,2026-10-07,-2,710,1.008451,0,0,0,0,0,0,12,0,A,RESEARCH_READY
BUKA,1243,2021-08-06,2026-10-05,0,1239,1.003228,0,0,0,0,0,0,12,0,A,RESEARCH_READY
BUKK,717,2023-10-09,2026-10-07,-2,710,1.009859,0,0,0,0,0,0,12,0,A,RESEARCH_READY
BULL,716,2023-10-09,2026-10-07,-2,710,1.008451,0,0,0,0,0,0,12,0,A,RESEARCH_READY
BUMI,717,2023-10-09,2026-10-07,-2,710,1.009859,0,0,0,0,0,0,12,0,A,RESEARCH_READY
BUVA,716,2023-10-09,2026-10-07,-2,710,1.008451,0,0,0,0,0,0,12,0,A,RESEARCH_READY
BVIC,716,2023-10-09,2026-10-07,-2,710,1.008451,0,0,0,0,0,0,12,0,A,RESEARCH_READY
BWPT,716,2023-10-09,2026-10-07,-2,710,1.008451,0,0,0,0,0,0,12,0,A,RESEARCH_READY
BYAN,716,2023-10-09,2026-10-07,-2,710,1.008451,0,0,0,0,0,0,12,0,A,RESEARCH_READY
CAKK,716,2023-10-09,2026-10-07,-2,710,1.008451,0,0,0,0,0,0,12,0,A,RESEARCH_READY
CAMP,716,2023-10-09,2026-10-07,-2,710,1.008451,0,0,0,0,0,0,12,0,A,RESEARCH_READY
CANI,717,2023-10-09,2026-10-06,-1,710,1.009859,0,0,0,0,0,0,12,0,A,RESEARCH_READY
CARE,716,2023-10-09,2026-10-07,-2,710,1.008451,0,0,0,0,0,0,12,0,A,RESEARCH_READY
CARS,716,2023-10-09,2026-10-07,-2,710,1.008451,0,0,0,0,0,0,12,0,A,RESEARCH_READY
CASA,716,2023-10-09,2026-10-07,-2,710,1.008451,0,0,0,0,0,0,12,0,A,RESEARCH_READY
CASH,716,2023-10-09,2026-10-07,-2,710,1.008451,0,0,0,0,0,0,12,0,A,RESEARCH_READY
CASS,716,2023-10-09,2026-10-07,-2,710,1.008451,0,0,0,0,0,0,12,0,A,RESEARCH_READY
CBPE,716,2023-10-09,2026-10-07,-2,710,1.008451,0,0,0,0,0,0,12,0,A,RESEARCH_READY
CBRE,716,2023-10-09,2026-10-07,-2,710,1.008451,0,0,0,0,0,0,12,0,A,RESEARCH_READY
CBUT,716,2023-10-09,2026-10-07,-2,710,1.008451,0,0,0,0,0,0,12,0,A,RESEARCH_READY
CCSI,716,2023-10-09,2026-10-07,-2,710,1.008451,0,0,0,0,0,0,12,0,A,RESEARCH_READY
CENT,717,2023-10-09,2026-10-07,-2,710,1.009859,0,0,0,0,0,0,12,0,A,RESEARCH_READY
CFIN,717,2023-10-09,2026-10-07,-2,710,1.009859,0,0,0,0,0,0,12,0,A,RESEARCH_READY
CGAS,654,2024-01-08,2026-10-07,-2,648,1.009259,0,0,0,0,0,0,12,0,A,RESEARCH_READY
CHEM,716,2023-10-09,2026-10-07,-2,710,1.008451,0,0,0,0,0,0,12,0,A,RESEARCH_READY
CHIP,716,2023-10-09,2026-10-07,-2,710,1.008451,0,0,0,0,0,0,12,0,A,RESEARCH_READY
CINT,716,2023-10-09,2026-10-07,-2,710,1.008451,0,0,0,0,0,0,12,0,A,RESEARCH_READY
CITY,716,2023-10-09,2026-10-07,-2,710,1.008451,0,0,0,0,0,0,12,0,A,RESEARCH_READY
CLAY,716,2023-10-09,2026-10-07,-2,710,1.008451,0,0,0,0,0,0,12,0,A,RESEARCH_READY
CLEO,2318,2017-05-05,2026-10-05,0,2268,1.022046,0,0,0,0,0,0,12,0,A,RESEARCH_READY
CLPI,717,2023-10-09,2026-10-07,-2,710,1.009859,0,0,0,0,0,0,12,0,A,RESEARCH_READY
CMNP,717,2023-10-09,2026-10-07,-2,710,1.009859,0,0,0,0,0,0,12,0,A,RESEARCH_READY
CMNT,716,2023-10-09,2026-10-07,-2,710,1.008451,0,0,0,0,0,0,12,0,A,RESEARCH_READY
CMPP,717,2023-10-09,2026-10-06,-1,710,1.009859,0,0,0,0,0,0,12,0,A,RESEARCH_READY
CMRY,716,2023-10-09,2026-10-07,-2,710,1.008451,0,0,0,0,0,0,12,0,A,RESEARCH_READY
CNKO,717,2023-10-09,2026-10-06,-1,710,1.009859,0,0,0,0,0,0,12,0,A,RESEARCH_READY
CNMA,716,2023-10-09,2026-10-07,-2,710,1.008451,0,0,0,0,0,0,12,0,A,RESEARCH_READY
COAL,717,2023-10-09,2026-10-06,-1,710,1.009859,0,0,0,0,0,0,12,0,A,RESEARCH_READY
COCO,716,2023-10-09,2026-10-07,-2,710,1.008451,0,0,0,0,0,0,12,0,A,RESEARCH_READY
CPIN,716,2023-10-09,2026-10-07,-2,710,1.008451,0,0,0,0,0,0,12,0,A,RESEARCH_READY
CPRO,717,2023-10-09,2026-10-07,-2,710,1.009859,0,0,0,0,0,0,12,0,A,RESEARCH_READY
CRAB,718,2023-10-09,2026-10-07,-2,710,1.011268,0,0,0,0,0,0,12,0,A,RESEARCH_READY
CRSN,716,2023-10-09,2026-10-07,-2,710,1.008451,0,0,0,0,0,0,12,0,A,RESEARCH_READY
CSAP,716,2023-10-09,2026-10-07,-2,710,1.008451,0,0,0,0,0,0,12,0,A,RESEARCH_READY
CSIS,716,2023-10-09,2026-10-07,-2,710,1.008451,0,0,0,0,0,0,12,0,A,RESEARCH_READY
CSMI,717,2023-10-09,2026-10-06,-1,710,1.009859,0,0,0,0,0,0,12,0,A,RESEARCH_READY
CSRA,716,2023-10-09,2026-10-07,-2,710,1.008451,0,0,0,0,0,0,12,0,A,RESEARCH_READY
CTBN,717,2023-10-09,2026-10-07,-2,710,1.009859,0,0,0,0,0,0,12,0,A,RESEARCH_READY
CTRA,4120,2010-01-04,2026-10-05,0,4064,1.01378,0,0,0,0,0,0,12,1,A,RESEARCH_READY
CTTH,717,2023-10-09,2026-10-07,-2,710,1.009859,0,0,0,0,0,0,12,0,A,RESEARCH_READY
CUAN,716,2023-10-09,2026-10-07,-2,710,1.008451,0,0,0,0,0,0,12,0,A,RESEARCH_READY
CYBR,717,2023-10-09,2026-10-07,-2,710,1.009859,0,0,0,0,0,0,12,0,A,RESEARCH_READY
DADA,716,2023-10-09,2026-10-07,-2,710,1.008451,0,0,0,0,0,0,12,0,A,RESEARCH_READY
DART,717,2023-10-09,2026-10-07,-2,710,1.009859,0,0,0,0,0,0,12,0,A,RESEARCH_READY
DATA,581,2024-05-07,2026-10-07,-2,575,1.010435,0,0,0,0,0,0,12,0,A,RESEARCH_READY
DAYA,716,2023-10-09,2026-10-07,-2,710,1.008451,0,0,0,0,0,0,12,0,A,RESEARCH_READY
DCII,716,2023-10-09,2026-10-07,-2,710,1.008451,0,0,0,0,0,0,12,0,A,RESEARCH_READY
DEAL,720,2023-10-09,2026-10-06,-1,710,1.014085,0,0,0,0,0,0,12,0,A,RESEARCH_READY
DEFI,717,2023-10-09,2026-10-07,-2,710,1.009859,0,0,0,0,0,0,12,0,A,RESEARCH_READY
DEPO,716,2023-10-09,2026-10-07,-2,710,1.008451,0,0,0,0,0,0,12,0,A,RESEARCH_READY
DEWA,716,2023-10-09,2026-10-07,-2,710,1.008451,0,0,0,0,0,0,12,0,A,RESEARCH_READY
DEWI,716,2023-10-09,2026-10-07,-2,710,1.008451,0,0,0,0,0,0,12,0,A,RESEARCH_READY
DFAM,716,2023-10-09,2026-10-07,-2,710,1.008451,0,0,0,0,0,0,12,0,A,RESEARCH_READY
DGIK,717,2023-10-09,2026-10-07,-2,710,1.009859,0,0,0,0,0,0,12,0,A,RESEARCH_READY
DGNS,716,2023-10-09,2026-10-07,-2,710,1.008451,0,0,0,0,0,0,12,0,A,RESEARCH_READY
DIGI,717,2023-10-09,2026-10-06,-1,710,1.009859,0,0,0,0,0,0,12,0,A,RESEARCH_READY
DILD,717,2023-10-09,2026-10-07,-2,710,1.009859,0,0,0,0,0,0,12,0,A,RESEARCH_READY
DIVA,716,2023-10-09,2026-10-07,-2,710,1.008451,0,0,0,0,0,0,12,0,A,RESEARCH_READY
DKFT,716,2023-10-09,2026-10-07,-2,710,1.008451,0,0,0,0,0,0,12,0,A,RESEARCH_READY
DLTA,4120,2010-01-04,2026-10-05,0,4064,1.01378,0,0,0,0,0,0,12,1,A,RESEARCH_READY
DMMX,716,2023-10-09,2026-10-07,-2,710,1.008451,0,0,0,0,0,0,12,0,A,RESEARCH_READY
DMND,716,2023-10-09,2026-10-07,-2,710,1.008451,0,0,0,0,0,0,12,0,A,RESEARCH_READY
DNAR,716,2023-10-09,2026-10-07,-2,710,1.008451,0,0,0,0,0,0,12,0,A,RESEARCH_READY
DNET,717,2023-10-09,2026-10-07,-2,710,1.009859,0,0,0,0,0,0,12,0,A,RESEARCH_READY
DOID,716,2023-10-09,2026-10-07,-2,710,1.008451,0,0,0,0,0,0,12,0,A,RESEARCH_READY
DOOH,718,2023-10-09,2026-10-07,-2,710,1.011268,0,0,0,0,0,0,12,0,A,RESEARCH_READY
DOSS,521,2024-08-07,2026-10-07,-2,515,1.01165,0,0,0,0,0,0,12,0,A,RESEARCH_READY
DPNS,720,2023-10-09,2026-10-06,-1,710,1.014085,0,0,0,0,0,0,12,0,A,RESEARCH_READY
DPUM,716,2023-10-09,2026-10-07,-2,710,1.008451,0,0,0,0,0,0,12,0,A,RESEARCH_READY
DRMA,716,2023-10-09,2026-10-07,-2,710,1.008451,0,0,0,0,0,0,12,0,A,RESEARCH_READY
DSFI,717,2023-10-09,2026-10-07,-2,710,1.009859,0,0,0,0,0,0,12,0,A,RESEARCH_READY
DSNG,716,2023-10-09,2026-10-07,-2,710,1.008451,0,0,0,0,0,0,12,0,A,RESEARCH_READY
DSSA,716,2023-10-09,2026-10-07,-2,710,1.008451,0,0,0,0,0,0,12,0,A,RESEARCH_READY
DWGL,716,2023-10-09,2026-10-07,-2,710,1.008451,0,0,0,0,0,0,12,0,A,RESEARCH_READY
DYAN,716,2023-10-09,2026-10-07,-2,710,1.008451,0,0,0,0,0,0,12,0,A,RESEARCH_READY
EAST,716,2023-10-09,2026-10-07,-2,710,1.008451,0,0,0,0,0,0,12,0,A,RESEARCH_READY
ECII,716,2023-10-09,2026-10-07,-2,710,1.008451,0,0,0,0,0,0,12,0,A,RESEARCH_READY
EDGE,720,2023-10-09,2026-10-06,-1,710,1.014085,0,0,0,0,0,0,12,0,A,RESEARCH_READY
EKAD,716,2023-10-09,2026-10-07,-2,710,1.008451,0,0,0,0,0,0,12,0,A,RESEARCH_READY
ELIT,716,2023-10-09,2026-10-07,-2,710,1.008451,0,0,0,0,0,0,12,0,A,RESEARCH_READY
ELPI,717,2023-10-09,2026-10-07,-2,710,1.009859,0,0,0,0,0,0,12,0,A,RESEARCH_READY
ELSA,4120,2010-01-04,2026-10-05,0,4064,1.01378,0,0,0,0,0,0,12,1,A,RESEARCH_READY
ELTY,717,2023-10-09,2026-10-07,-2,710,1.009859,0,0,0,0,0,0,12,0,A,RESEARCH_READY
EMDE,716,2023-10-09,2026-10-07,-2,710,1.008451,0,0,0,0,0,0,12,0,A,RESEARCH_READY
EMTK,4114,2010-01-12,2026-10-05,0,4058,1.0138,0,0,0,0,0,0,12,0,A,RESEARCH_READY
ENAK,716,2023-10-09,2026-10-07,-2,710,1.008451,0,0,0,0,0,0,12,0,A,RESEARCH_READY
ENRG,718,2023-10-09,2026-10-07,-2,710,1.011268,0,0,0,0,0,0,12,0,A,RESEARCH_READY
ENZO,716,2023-10-09,2026-10-07,-2,710,1.008451,0,0,0,0,0,0,12,0,A,RESEARCH_READY
EPAC,716,2023-10-09,2026-10-07,-2,710,1.008451,0,0,0,0,0,0,12,0,A,RESEARCH_READY
EPMT,717,2023-10-09,2026-10-07,-2,710,1.009859,0,0,0,0,0,0,12,0,A,RESEARCH_READY
ERAA,716,2023-10-09,2026-10-07,-2,710,1.008451,0,0,0,0,0,0,12,0,A,RESEARCH_READY
ERAL,716,2023-10-09,2026-10-07,-2,710,1.008451,0,0,0,0,0,0,12,0,A,RESEARCH_READY
ERTX,717,2023-10-09,2026-10-07,-2,710,1.009859,0,0,0,0,0,0,12,0,A,RESEARCH_READY
ESIP,716,2023-10-09,2026-10-07,-2,710,1.008451,0,0,0,0,0,0,12,0,A,RESEARCH_READY
ESSA,716,2023-10-09,2026-10-07,-2,710,1.008451,0,0,0,0,0,0,12,0,A,RESEARCH_READY
ESTA,716,2023-10-09,2026-10-07,-2,710,1.008451,0,0,0,0,0,0,12,0,A,RESEARCH_READY
ESTI,717,2023-10-09,2026-10-07,-2,710,1.009859,0,0,0,0,0,0,12,0,A,RESEARCH_READY
ETWA,720,2023-10-09,2026-10-06,-1,710,1.014085,0,0,0,0,0,0,12,0,A,RESEARCH_READY
EURO,716,2023-10-09,2026-10-07,-2,710,1.008451,0,0,0,0,0,0,12,0,A,RESEARCH_READY
EXCL,4120,2010-01-04,2026-10-05,0,4064,1.01378,0,0,0,0,0,0,12,0,A,RESEARCH_READY
FAPA,715,2023-10-09,2026-10-06,-1,710,1.007042,0,0,0,0,0,0,12,0,A,RESEARCH_READY
FAST,717,2023-10-09,2026-10-07,-2,710,1.009859,0,0,0,0,0,0,12,0,A,RESEARCH_READY
FASW,720,2023-10-09,2026-10-06,-1,710,1.014085,0,0,0,0,0,0,12,0,A,RESEARCH_READY
FILM,716,2023-10-09,2026-10-07,-2,710,1.008451,0,0,0,0,0,0,12,0,A,RESEARCH_READY
FIMP,720,2023-10-09,2026-10-06,-1,710,1.014085,0,0,0,0,0,0,12,0,A,RESEARCH_READY
FIRE,716,2023-10-09,2026-10-07,-2,710,1.008451,0,0,0,0,0,0,12,0,A,RESEARCH_READY
FISH,716,2023-10-09,2026-10-07,-2,710,1.008451,0,0,0,0,0,0,12,0,A,RESEARCH_READY
FITT,716,2023-10-09,2026-10-07,-2,710,1.008451,0,0,0,0,0,0,12,0,A,RESEARCH_READY
FLMC,716,2023-10-09,2026-10-07,-2,710,1.008451,0,0,0,0,0,0,12,0,A,RESEARCH_READY
FMII,717,2023-10-09,2026-10-07,-2,710,1.009859,0,0,0,0,0,0,12,0,A,RESEARCH_READY
FOLK,716,2023-10-09,2026-10-07,-2,710,1.008451,0,0,0,0,0,0,12,0,A,RESEARCH_READY
FOOD,717,2023-10-09,2026-10-06,-1,710,1.009859,0,0,0,0,0,0,12,0,A,RESEARCH_READY
FORU,718,2023-10-09,2026-10-07,-2,710,1.011268,0,0,0,0,0,0,12,0,A,RESEARCH_READY
FPNI,717,2023-10-09,2026-10-07,-2,710,1.009859,0,0,0,0,0,0,12,0,A,RESEARCH_READY
FUJI,716,2023-10-09,2026-10-07,-2,710,1.008451,0,0,0,0,0,0,12,0,A,RESEARCH_READY
FUTR,716,2023-10-09,2026-10-07,-2,710,1.008451,0,0,0,0,0,0,12,0,A,RESEARCH_READY
GDST,716,2023-10-09,2026-10-07,-2,710,1.008451,0,0,0,0,0,0,12,0,A,RESEARCH_READY
GDYR,717,2023-10-09,2026-10-07,-2,710,1.009859,0,0,0,0,0,0,12,0,A,RESEARCH_READY
GEMA,717,2023-10-09,2026-10-07,-2,710,1.009859,0,0,0,0,0,0,12,0,A,RESEARCH_READY
GEMS,716,2023-10-09,2026-10-07,-2,710,1.008451,0,0,0,0,0,0,12,0,A,RESEARCH_READY
GGRP,716,2023-10-09,2026-10-07,-2,710,1.008451,0,0,0,0,0,0,12,0,A,RESEARCH_READY
GHON,716,2023-10-09,2026-10-07,-2,710,1.008451,0,0,0,0,0,0,12,0,A,RESEARCH_READY
GIAA,716,2023-10-09,2026-10-07,-2,710,1.008451,0,0,0,0,0,0,12,0,A,RESEARCH_READY
GJTL,4120,2010-01-04,2026-10-05,0,4064,1.01378,0,0,0,0,0,0,12,1,A,RESEARCH_READY
GLOB,720,2023-10-09,2026-10-06,-1,710,1.014085,0,0,0,0,0,0,12,0,A,RESEARCH_READY
GLVA,716,2023-10-09,2026-10-07,-2,710,1.008451,0,0,0,0,0,0,12,0,A,RESEARCH_READY
GMFI,716,2023-10-09,2026-10-07,-2,710,1.008451,0,0,0,0,0,0,12,0,A,RESEARCH_READY
GMTD,717,2023-10-09,2026-10-07,-2,710,1.009859,0,0,0,0,0,0,12,0,A,RESEARCH_READY
GOLD,716,2023-10-09,2026-10-07,-2,710,1.008451,0,0,0,0,0,0,12,0,A,RESEARCH_READY
GOLF,543,2024-07-08,2026-10-07,-2,537,1.011173,0,0,0,0,0,0,12,0,A,RESEARCH_READY
GOOD,716,2023-10-09,2026-10-07,-2,710,1.008451,0,0,0,0,0,0,12,0,A,RESEARCH_READY
GOTO,1074,2022-04-11,2026-10-05,0,1070,1.003738,0,0,0,0,0,0,12,0,A,RESEARCH_READY
GPRA,716,2023-10-09,2026-10-07,-2,710,1.008451,0,0,0,0,0,0,12,0,A,RESEARCH_READY
GPSO,716,2023-10-09,2026-10-07,-2,710,1.008451,0,0,0,0,0,0,12,0,A,RESEARCH_READY
GRIA,716,2023-10-09,2026-10-07,-2,710,1.008451,0,0,0,0,0,0,12,0,A,RESEARCH_READY
GRPH,646,2024-01-18,2026-10-07,-2,640,1.009375,0,0,0,0,0,0,12,0,A,RESEARCH_READY
GRPM,716,2023-10-09,2026-10-07,-2,710,1.008451,0,0,0,0,0,0,12,0,A,RESEARCH_READY
GSMF,717,2023-10-09,2026-10-07,-2,710,1.009859,0,0,0,0,0,0,12,0,A,RESEARCH_READY
GTBO,718,2023-10-09,2026-10-07,-2,710,1.011268,0,0,0,0,0,0,12,0,A,RESEARCH_READY
GTRA,716,2023-10-09,2026-10-07,-2,710,1.008451,0,0,0,0,0,0,12,0,A,RESEARCH_READY
GTSI,716,2023-10-09,2026-10-07,-2,710,1.008451,0,0,0,0,0,0,12,0,A,RESEARCH_READY
GULA,716,2023-10-09,2026-10-07,-2,710,1.008451,0,0,0,0,0,0,12,0,A,RESEARCH_READY
GUNA,542,2024-07-09,2026-10-07,-2,536,1.011194,0,0,0,0,0,0,12,0,A,RESEARCH_READY
GWSA,716,2023-10-09,2026-10-07,-2,710,1.008451,0,0,0,0,0,0,12,0,A,RESEARCH_READY
GZCO,716,2023-10-09,2026-10-07,-2,710,1.008451,0,0,0,0,0,0,12,0,A,RESEARCH_READY
HADE,716,2023-10-09,2026-10-07,-2,710,1.008451,0,0,0,0,0,0,12,0,A,RESEARCH_READY
HAIS,716,2023-10-09,2026-10-07,-2,710,1.008451,0,0,0,0,0,0,12,0,A,RESEARCH_READY
HAJJ,716,2023-10-09,2026-10-07,-2,710,1.008451,0,0,0,0,0,0,12,0,A,RESEARCH_READY
HALO,716,2023-10-09,2026-10-07,-2,710,1.008451,0,0,0,0,0,0,12,0,A,RESEARCH_READY
HATM,716,2023-10-09,2026-10-07,-2,710,1.008451,0,0,0,0,0,0,12,0,A,RESEARCH_READY
HBAT,716,2023-10-09,2026-10-07,-2,710,1.008451,0,0,0,0,0,0,12,0,A,RESEARCH_READY
HDFA,716,2023-10-09,2026-10-07,-2,710,1.008451,0,0,0,0,0,0,12,0,A,RESEARCH_READY
HDIT,716,2023-10-09,2026-10-07,-2,710,1.008451,0,0,0,0,0,0,12,0,A,RESEARCH_READY
HEAL,716,2023-10-09,2026-10-07,-2,710,1.008451,0,0,0,0,0,0,12,0,A,RESEARCH_READY
HELI,716,2023-10-09,2026-10-07,-2,710,1.008451,0,0,0,0,0,0,12,0,A,RESEARCH_READY
HERO,717,2023-10-09,2026-10-07,-2,710,1.009859,0,0,0,0,0,0,12,0,A,RESEARCH_READY
HEXA,717,2023-10-09,2026-10-07,-2,710,1.009859,0,0,0,0,0,0,12,0,A,RESEARCH_READY
HILL,717,2023-10-09,2026-10-06,-1,710,1.009859,0,0,0,0,0,0,12,0,A,RESEARCH_READY
HITS,720,2023-10-09,2026-10-06,-1,710,1.014085,0,0,0,0,0,0,12,0,A,RESEARCH_READY
HOKI,716,2023-10-09,2026-10-07,-2,710,1.008451,0,0,0,0,0,0,12,0,A,RESEARCH_READY
HOMI,716,2023-10-09,2026-10-07,-2,710,1.008451,0,0,0,0,0,0,12,0,A,RESEARCH_READY
HOPE,716,2023-10-09,2026-10-07,-2,710,1.008451,0,0,0,0,0,0,12,0,A,RESEARCH_READY
HRME,716,2023-10-09,2026-10-07,-2,710,1.008451,0,0,0,0,0,0,12,0,A,RESEARCH_READY
HRTA,716,2023-10-09,2026-10-07,-2,710,1.008451,0,0,0,0,0,0,12,0,A,RESEARCH_READY
HRUM,3934,2010-10-06,2026-10-05,0,3878,1.01444,0,0,0,0,0,0,12,0,A,RESEARCH_READY
HUMI,716,2023-10-09,2026-10-07,-2,710,1.008451,0,0,0,0,0,0,12,0,A,RESEARCH_READY
HYGN,630,2024-02-13,2026-10-07,-2,624,1.009615,0,0,0,0,0,0,12,0,A,RESEARCH_READY
IATA,716,2023-10-09,2026-10-07,-2,710,1.008451,0,0,0,0,0,0,12,0,A,RESEARCH_READY
IBFN,717,2023-10-09,2026-10-06,-1,710,1.009859,0,0,0,0,0,0,12,0,A,RESEARCH_READY
IBOS,716,2023-10-09,2026-10-07,-2,710,1.008451,0,0,0,0,0,0,12,0,A,RESEARCH_READY
IBST,720,2023-10-09,2026-10-06,-1,710,1.014085,0,0,0,0,0,0,12,0,A,RESEARCH_READY
ICON,716,2023-10-09,2026-10-07,-2,710,1.008451,0,0,0,0,0,0,12,0,A,RESEARCH_READY
IDEA,716,2023-10-09,2026-10-07,-2,710,1.008451,0,0,0,0,0,0,12,0,A,RESEARCH_READY
IDPR,716,2023-10-09,2026-10-07,-2,710,1.008451,0,0,0,0,0,0,12,0,A,RESEARCH_READY
IFII,716,2023-10-09,2026-10-07,-2,710,1.008451,0,0,0,0,0,0,12,0,A,RESEARCH_READY
IGAR,717,2023-10-09,2026-10-07,-2,710,1.009859,0,0,0,0,0,0,12,0,A,RESEARCH_READY
IKAI,717,2023-10-09,2026-10-07,-2,710,1.009859,0,0,0,0,0,0,12,0,A,RESEARCH_READY
IKAN,716,2023-10-09,2026-10-07,-2,710,1.008451,0,0,0,0,0,0,12,0,A,RESEARCH_READY
IKBI,717,2023-10-09,2026-10-07,-2,710,1.009859,0,0,0,0,0,0,12,0,A,RESEARCH_READY
IKPM,694,2023-11-08,2026-10-07,-2,688,1.008721,0,0,0,0,0,0,12,0,A,RESEARCH_READY
IMAS,717,2023-10-09,2026-10-07,-2,710,1.009859,0,0,0,0,0,0,12,0,A,RESEARCH_READY
IMJS,716,2023-10-09,2026-10-07,-2,710,1.008451,0,0,0,0,0,0,12,0,A,RESEARCH_READY
IMPC,716,2023-10-09,2026-10-07,-2,710,1.008451,0,0,0,0,0,0,12,0,A,RESEARCH_READY
INAF,720,2023-10-09,2026-10-06,-1,710,1.014085,0,0,0,0,0,0,12,0,A,RESEARCH_READY
INAI,717,2023-10-09,2026-10-07,-2,710,1.009859,0,0,0,0,0,0,12,0,A,RESEARCH_READY
INCF,717,2023-10-09,2026-10-06,-1,710,1.009859,0,0,0,0,0,0,12,0,A,RESEARCH_READY
INCO,717,2023-10-09,2026-10-07,-2,710,1.009859,0,0,0,0,0,0,12,0,A,RESEARCH_READY
INDF,4121,2010-01-04,2026-10-05,0,4064,1.014026,0,0,0,0,0,0,12,0,A,RESEARCH_READY
INDO,716,2023-10-09,2026-10-07,-2,710,1.008451,0,0,0,0,0,0,12,0,A,RESEARCH_READY
INDR,717,2023-10-09,2026-10-07,-2,710,1.009859,0,0,0,0,0,0,12,0,A,RESEARCH_READY
INDX,717,2023-10-09,2026-10-06,-1,710,1.009859,0,0,0,0,0,0,12,0,A,RESEARCH_READY
INDY,4120,2010-01-04,2026-10-05,0,4064,1.01378,0,0,0,0,0,0,12,0,A,RESEARCH_READY
INET,716,2023-10-09,2026-10-07,-2,710,1.008451,0,0,0,0,0,0,12,0,A,RESEARCH_READY
INOV,716,2023-10-09,2026-10-07,-2,710,1.008451,0,0,0,0,0,0,12,0,A,RESEARCH_READY
INPP,717,2023-10-09,2026-10-07,-2,710,1.009859,0,0,0,0,0,0,12,0,A,RESEARCH_READY
INPS,715,2023-10-09,2026-10-06,-1,710,1.007042,0,0,0,0,0,0,12,0,A,RESEARCH_READY
INTA,717,2023-10-09,2026-10-06,-1,710,1.009859,0,0,0,0,0,0,12,0,A,RESEARCH_READY
INTD,717,2023-10-09,2026-10-07,-2,710,1.009859,0,0,0,0,0,0,12,0,A,RESEARCH_READY
INTP,717,2023-10-09,2026-10-07,-2,710,1.009859,0,0,0,0,0,0,12,0,A,RESEARCH_READY
IOTF,716,2023-10-09,2026-10-07,-2,710,1.008451,0,0,0,0,0,0,12,0,A,RESEARCH_READY
IPAC,715,2023-10-09,2026-10-06,-1,710,1.007042,0,0,0,0,0,0,12,0,A,RESEARCH_READY
IPCC,716,2023-10-09,2026-10-07,-2,710,1.008451,0,0,0,0,0,0,12,0,A,RESEARCH_READY
IPOL,716,2023-10-09,2026-10-07,-2,710,1.008451,0,0,0,0,0,0,12,0,A,RESEARCH_READY
IPPE,720,2023-10-09,2026-10-06,-1,710,1.014085,0,0,0,0,0,0,12,0,A,RESEARCH_READY
IPTV,716,2023-10-09,2026-10-07,-2,710,1.008451,0,0,0,0,0,0,12,0,A,RESEARCH_READY
IRRA,716,2023-10-09,2026-10-07,-2,710,1.008451,0,0,0,0,0,0,12,0,A,RESEARCH_READY
IRSX,716,2023-10-09,2026-10-07,-2,710,1.008451,0,0,0,0,0,0,12,0,A,RESEARCH_READY
ISAP,716,2023-10-09,2026-10-07,-2,710,1.008451,0,0,0,0,0,0,12,0,A,RESEARCH_READY
ISEA,543,2024-07-08,2026-10-07,-2,537,1.011173,0,0,0,0,0,0,12,0,A,RESEARCH_READY
ITIC,716,2023-10-09,2026-10-07,-2,710,1.008451,0,0,0,0,0,0,12,0,A,RESEARCH_READY
ITMA,716,2023-10-09,2026-10-07,-2,710,1.008451,0,0,0,0,0,0,12,0,A,RESEARCH_READY
JARR,716,2023-10-09,2026-10-07,-2,710,1.008451,0,0,0,0,0,0,12,0,A,RESEARCH_READY
JAST,716,2023-10-09,2026-10-07,-2,710,1.008451,0,0,0,0,0,0,12,0,A,RESEARCH_READY
JATI,716,2023-10-09,2026-10-07,-2,710,1.008451,0,0,0,0,0,0,12,0,A,RESEARCH_READY
JAWA,716,2023-10-09,2026-10-07,-2,710,1.008451,0,0,0,0,0,0,12,0,A,RESEARCH_READY
JAYA,716,2023-10-09,2026-10-07,-2,710,1.008451,0,0,0,0,0,0,12,0,A,RESEARCH_READY
JECC,717,2023-10-09,2026-10-07,-2,710,1.009859,0,0,0,0,0,0,12,0,A,RESEARCH_READY
JGLE,716,2023-10-09,2026-10-07,-2,710,1.008451,0,0,0,0,0,0,12,0,A,RESEARCH_READY
JIHD,717,2023-10-09,2026-10-07,-2,710,1.009859,0,0,0,0,0,0,12,0,A,RESEARCH_READY
JKON,717,2023-10-09,2026-10-07,-2,710,1.009859,0,0,0,0,0,0,12,0,A,RESEARCH_READY
JMAS,717,2023-10-09,2026-10-06,-1,710,1.009859,0,0,0,0,0,0,12,0,A,RESEARCH_READY
JPFA,717,2023-10-09,2026-10-07,-2,710,1.009859,0,0,0,0,0,0,12,0,A,RESEARCH_READY
JRPT,717,2023-10-09,2026-10-07,-2,710,1.009859,0,0,0,0,0,0,12,0,A,RESEARCH_READY
JSMR,4119,2010-01-04,2026-10-05,0,4064,1.013533,0,0,0,0,0,0,12,1,A,RESEARCH_READY
JSPT,717,2023-10-09,2026-10-07,-2,710,1.009859,0,0,0,0,0,0,12,0,A,RESEARCH_READY
KARW,717,2023-10-09,2026-10-06,-1,710,1.009859,0,0,0,0,0,0,12,0,A,RESEARCH_READY
KAYU,720,2023-10-09,2026-10-06,-1,710,1.014085,0,0,0,0,0,0,12,0,A,RESEARCH_READY
KBAG,716,2023-10-09,2026-10-07,-2,710,1.008451,0,0,0,0,0,0,12,0,A,RESEARCH_READY
KBLI,717,2023-10-09,2026-10-07,-2,710,1.009859,0,0,0,0,0,0,12,0,A,RESEARCH_READY
KBLV,716,2023-10-09,2026-10-07,-2,710,1.008451,0,0,0,0,0,0,12,0,A,RESEARCH_READY
KDSI,717,2023-10-09,2026-10-07,-2,710,1.009859,0,0,0,0,0,0,12,0,A,RESEARCH_READY
KDTN,716,2023-10-09,2026-10-07,-2,710,1.008451,0,0,0,0,0,0,12,0,A,RESEARCH_READY
KEEN,716,2023-10-09,2026-10-07,-2,710,1.008451,0,0,0,0,0,0,12,0,A,RESEARCH_READY
KEJU,716,2023-10-09,2026-10-07,-2,710,1.008451,0,0,0,0,0,0,12,0,A,RESEARCH_READY
KETR,716,2023-10-09,2026-10-07,-2,710,1.008451,0,0,0,0,0,0,12,0,A,RESEARCH_READY
KIAS,720,2023-10-09,2026-10-06,-1,710,1.014085,0,0,0,0,0,0,12,0,A,RESEARCH_READY
KICI,717,2023-10-09,2026-10-07,-2,710,1.009859,0,0,0,0,0,0,12,0,A,RESEARCH_READY
KIJA,717,2023-10-09,2026-10-07,-2,710,1.009859,0,0,0,0,0,0,12,0,A,RESEARCH_READY
KINO,716,2023-10-09,2026-10-07,-2,710,1.008451,0,0,0,0,0,0,12,0,A,RESEARCH_READY
KIOS,716,2023-10-09,2026-10-07,-2,710,1.008451,0,0,0,0,0,0,12,0,A,RESEARCH_READY
KJEN,716,2023-10-09,2026-10-07,-2,710,1.008451,0,0,0,0,0,0,12,0,A,RESEARCH_READY
KKES,716,2023-10-09,2026-10-07,-2,710,1.008451,0,0,0,0,0,0,12,0,A,RESEARCH_READY
KLAS,716,2023-10-09,2026-10-07,-2,710,1.008451,0,0,0,0,0,0,12,0,A,RESEARCH_READY
KLIN,716,2023-10-09,2026-10-07,-2,710,1.008451,0,0,0,0,0,0,12,0,A,RESEARCH_READY
KMDS,716,2023-10-09,2026-10-07,-2,710,1.008451,0,0,0,0,0,0,12,0,A,RESEARCH_READY
KMTR,716,2023-10-09,2026-10-07,-2,710,1.008451,0,0,0,0,0,0,12,0,A,RESEARCH_READY
KOBX,716,2023-10-09,2026-10-07,-2,710,1.008451,0,0,0,0,0,0,12,0,A,RESEARCH_READY
KOCI,716,2023-10-09,2026-10-07,-2,710,1.008451,0,0,0,0,0,0,12,0,A,RESEARCH_READY
KOIN,717,2023-10-09,2026-10-06,-1,710,1.009859,0,0,0,0,0,0,12,0,A,RESEARCH_READY
KOKA,714,2023-10-11,2026-10-07,-2,708,1.008475,0,0,0,0,0,0,12,0,A,RESEARCH_READY
KONI,717,2023-10-09,2026-10-07,-2,710,1.009859,0,0,0,0,0,0,12,0,A,RESEARCH_READY
KOPI,716,2023-10-09,2026-10-07,-2,710,1.008451,0,0,0,0,0,0,12,0,A,RESEARCH_READY
KOTA,716,2023-10-09,2026-10-07,-2,710,1.008451,0,0,0,0,0,0,12,0,A,RESEARCH_READY
KPIG,717,2023-10-09,2026-10-07,-2,710,1.009859,0,0,0,0,0,0,12,0,A,RESEARCH_READY
KRAS,716,2023-10-09,2026-10-07,-2,710,1.008451,0,0,0,0,0,0,12,0,A,RESEARCH_READY
KREN,717,2023-10-09,2026-10-07,-2,710,1.009859,0,0,0,0,0,0,12,0,A,RESEARCH_READY
KRYA,716,2023-10-09,2026-10-07,-2,710,1.008451,0,0,0,0,0,0,12,0,A,RESEARCH_READY
KUAS,716,2023-10-09,2026-10-07,-2,710,1.008451,0,0,0,0,0,0,12,0,A,RESEARCH_READY
LABA,716,2023-10-09,2026-10-07,-2,710,1.008451,0,0,0,0,0,0,12,0,A,RESEARCH_READY
LABS,541,2024-07-10,2026-10-07,-2,535,1.011215,0,0,0,0,0,0,12,0,A,RESEARCH_READY
LAJU,716,2023-10-09,2026-10-07,-2,710,1.008451,0,0,0,0,0,0,12,0,A,RESEARCH_READY
LAND,716,2023-10-09,2026-10-07,-2,710,1.008451,0,0,0,0,0,0,12,0,A,RESEARCH_READY
LAPD,716,2023-10-09,2026-10-07,-2,710,1.008451,0,0,0,0,0,0,12,0,A,RESEARCH_READY
LCKM,717,2023-10-09,2026-10-06,-1,710,1.009859,0,0,0,0,0,0,12,0,A,RESEARCH_READY
LEAD,716,2023-10-09,2026-10-07,-2,710,1.008451,0,0,0,0,0,0,12,0,A,RESEARCH_READY
LFLO,716,2023-10-09,2026-10-07,-2,710,1.008451,0,0,0,0,0,0,12,0,A,RESEARCH_READY
LIFE,716,2023-10-09,2026-10-07,-2,710,1.008451,0,0,0,0,0,0,12,0,A,RESEARCH_READY
LINK,716,2023-10-09,2026-10-07,-2,710,1.008451,0,0,0,0,0,0,12,0,A,RESEARCH_READY
LION,717,2023-10-09,2026-10-07,-2,710,1.009859,0,0,0,0,0,0,12,0,A,RESEARCH_READY
LIVE,631,2024-02-12,2026-10-07,-2,625,1.0096,0,0,0,0,0,0,12,0,A,RESEARCH_READY
LMAX,716,2023-10-09,2026-10-07,-2,710,1.008451,0,0,0,0,0,0,12,0,A,RESEARCH_READY
LMPI,717,2023-10-09,2026-10-07,-2,710,1.009859,0,0,0,0,0,0,12,0,A,RESEARCH_READY
LMSH,720,2023-10-09,2026-10-06,-1,710,1.014085,0,0,0,0,0,0,12,0,A,RESEARCH_READY
LOPI,714,2023-10-11,2026-10-07,-2,708,1.008475,0,0,0,0,0,0,12,0,A,RESEARCH_READY
LPGI,717,2023-10-09,2026-10-07,-2,710,1.009859,0,0,0,0,0,0,12,0,A,RESEARCH_READY
LPIN,717,2023-10-09,2026-10-07,-2,710,1.009859,0,0,0,0,0,0,12,0,A,RESEARCH_READY
LPKR,4120,2010-01-04,2026-10-05,0,4064,1.01378,0,0,0,0,0,0,12,0,A,RESEARCH_READY
LPLI,717,2023-10-09,2026-10-07,-2,710,1.009859,0,0,0,0,0,0,12,0,A,RESEARCH_READY
LPPF,717,2023-10-09,2026-10-07,-2,710,1.009859,0,0,0,0,0,0,12,0,A,RESEARCH_READY
LPPS,717,2023-10-09,2026-10-07,-2,710,1.009859,0,0,0,0,0,0,12,0,A,RESEARCH_READY
LRNA,716,2023-10-09,2026-10-07,-2,710,1.008451,0,0,0,0,0,0,12,0,A,RESEARCH_READY
LSIP,717,2023-10-09,2026-10-07,-2,710,1.009859,0,0,0,0,0,0,12,0,A,RESEARCH_READY
LTLS,717,2023-10-09,2026-10-07,-2,710,1.009859,0,0,0,0,0,0,12,0,A,RESEARCH_READY
LUCK,716,2023-10-09,2026-10-07,-2,710,1.008451,0,0,0,0,0,0,12,0,A,RESEARCH_READY
LUCY,716,2023-10-09,2026-10-07,-2,710,1.008451,0,0,0,0,0,0,12,0,A,RESEARCH_READY
MAHA,716,2023-10-09,2026-10-07,-2,710,1.008451,0,0,0,0,0,0,12,0,A,RESEARCH_READY
MAIN,717,2023-10-09,2026-10-07,-2,710,1.009859,0,0,0,0,0,0,12,0,A,RESEARCH_READY
MANG,651,2024-01-11,2026-10-07,-2,645,1.009302,0,0,0,0,0,0,12,0,A,RESEARCH_READY
MAPA,716,2023-10-09,2026-10-07,-2,710,1.008451,0,0,0,0,0,0,12,0,A,RESEARCH_READY
MAPB,716,2023-10-09,2026-10-07,-2,710,1.008451,0,0,0,0,0,0,12,0,A,RESEARCH_READY
MAPI,717,2023-10-09,2026-10-07,-2,710,1.009859,0,0,0,0,0,0,12,0,A,RESEARCH_READY
MARI,717,2023-10-09,2026-10-06,-1,710,1.009859,0,0,0,0,0,0,12,0,A,RESEARCH_READY
MARK,716,2023-10-09,2026-10-07,-2,710,1.008451,0,0,0,0,0,0,12,0,A,RESEARCH_READY
MASB,716,2023-10-09,2026-10-07,-2,710,1.008451,0,0,0,0,0,0,12,0,A,RESEARCH_READY
MAXI,716,2023-10-09,2026-10-07,-2,710,1.008451,0,0,0,0,0,0,12,0,A,RESEARCH_READY
MBAP,716,2023-10-09,2026-10-07,-2,710,1.008451,0,0,0,0,0,0,12,0,A,RESEARCH_READY
MBMA,716,2023-10-09,2026-10-07,-2,710,1.008451,0,0,0,0,0,0,12,0,A,RESEARCH_READY
MBSS,716,2023-10-09,2026-10-07,-2,710,1.008451,0,0,0,0,0,0,12,0,A,RESEARCH_READY
MBTO,716,2023-10-09,2026-10-07,-2,710,1.008451,0,0,0,0,0,0,12,0,A,RESEARCH_READY
MCAS,716,2023-10-09,2026-10-07,-2,710,1.008451,0,0,0,0,0,0,12,0,A,RESEARCH_READY
MCOL,716,2023-10-09,2026-10-07,-2,710,1.008451,0,0,0,0,0,0,12,0,A,RESEARCH_READY
MCOR,717,2023-10-09,2026-10-07,-2,710,1.009859,0,0,0,0,0,0,12,0,A,RESEARCH_READY
MDIA,717,2023-10-09,2026-10-07,-2,710,1.009859,0,0,0,0,0,0,12,0,A,RESEARCH_READY
MDKA,716,2023-10-09,2026-10-07,-2,710,1.008451,0,0,0,0,0,0,12,0,A,RESEARCH_READY
MDKI,716,2023-10-09,2026-10-07,-2,710,1.008451,0,0,0,0,0,0,12,0,A,RESEARCH_READY
MDLN,717,2023-10-09,2026-10-07,-2,710,1.009859,0,0,0,0,0,0,12,0,A,RESEARCH_READY
MDRN,717,2023-10-09,2026-10-06,-1,710,1.009859,0,0,0,0,0,0,12,0,A,RESEARCH_READY
MEDS,716,2023-10-09,2026-10-07,-2,710,1.008451,0,0,0,0,0,0,12,0,A,RESEARCH_READY
MEJA,631,2024-02-12,2026-10-07,-2,625,1.0096,0,0,0,0,0,0,12,0,A,RESEARCH_READY
MENN,720,2023-10-09,2026-10-06,-1,710,1.014085,0,0,0,0,0,0,12,0,A,RESEARCH_READY
MERK,4121,2010-01-04,2026-10-05,0,4064,1.014026,0,0,0,0,0,0,12,0,A,RESEARCH_READY
MFMI,720,2023-10-09,2026-10-06,-1,710,1.014085,0,0,0,0,0,0,12,0,A,RESEARCH_READY
MGLV,716,2023-10-09,2026-10-07,-2,710,1.008451,0,0,0,0,0,0,12,0,A,RESEARCH_READY
MGNA,716,2023-10-09,2026-10-07,-2,710,1.008451,0,0,0,0,0,0,12,0,A,RESEARCH_READY
MGRO,716,2023-10-09,2026-10-07,-2,710,1.008451,0,0,0,0,0,0,12,0,A,RESEARCH_READY
MHKI,595,2024-04-16,2026-10-07,-2,589,1.010187,0,0,0,0,0,0,12,0,A,RESEARCH_READY
MICE,718,2023-10-09,2026-10-07,-2,710,1.011268,0,0,0,0,0,0,12,0,A,RESEARCH_READY
MIDI,716,2023-10-09,2026-10-07,-2,710,1.008451,0,0,0,0,0,0,12,0,A,RESEARCH_READY
MIKA,716,2023-10-09,2026-10-07,-2,710,1.008451,0,0,0,0,0,0,12,0,A,RESEARCH_READY
MINA,716,2023-10-09,2026-10-07,-2,710,1.008451,0,0,0,0,0,0,12,0,A,RESEARCH_READY
MIRA,716,2023-10-09,2026-10-07,-2,710,1.008451,0,0,0,0,0,0,12,0,A,RESEARCH_READY
MITI,716,2023-10-09,2026-10-07,-2,710,1.008451,0,0,0,0,0,0,12,0,A,RESEARCH_READY
MKAP,631,2024-02-12,2026-10-07,-2,625,1.0096,0,0,0,0,0,0,12,0,A,RESEARCH_READY
MKNT,720,2023-10-09,2026-10-06,-1,710,1.014085,0,0,0,0,0,0,12,0,A,RESEARCH_READY
MKPI,716,2023-10-09,2026-10-07,-2,710,1.008451,0,0,0,0,0,0,12,0,A,RESEARCH_READY
MKTR,716,2023-10-09,2026-10-07,-2,710,1.008451,0,0,0,0,0,0,12,0,A,RESEARCH_READY
MLBI,4121,2010-01-04,2026-10-05,0,4064,1.014026,0,0,0,0,0,0,12,0,A,RESEARCH_READY
MLIA,717,2023-10-09,2026-10-07,-2,710,1.009859,0,0,0,0,0,0,12,0,A,RESEARCH_READY
MLPL,717,2023-10-09,2026-10-07,-2,710,1.009859,0,0,0,0,0,0,12,0,A,RESEARCH_READY
MLPT,3246,2013-07-08,2026-10-05,0,3198,1.015009,0,0,0,0,0,0,12,4,A,RESEARCH_READY
MMIX,717,2023-10-09,2026-10-07,-2,710,1.009859,0,0,0,0,0,0,12,0,A,RESEARCH_READY
MMLP,716,2023-10-09,2026-10-07,-2,710,1.008451,0,0,0,0,0,0,12,0,A,RESEARCH_READY
MNCN,717,2023-10-09,2026-10-07,-2,710,1.009859,0,0,0,0,0,0,12,0,A,RESEARCH_READY
MOLI,716,2023-10-09,2026-10-07,-2,710,1.008451,0,0,0,0,0,0,12,0,A,RESEARCH_READY
MORA,716,2023-10-09,2026-10-07,-2,710,1.008451,0,0,0,0,0,0,12,0,A,RESEARCH_READY
MPOW,716,2023-10-09,2026-10-07,-2,710,1.008451,0,0,0,0,0,0,12,0,A,RESEARCH_READY
MPPA,717,2023-10-09,2026-10-07,-2,710,1.009859,0,0,0,0,0,0,12,0,A,RESEARCH_READY
MPRO,718,2023-10-09,2026-10-07,-2,710,1.011268,0,0,0,0,0,0,12,0,A,RESEARCH_READY
MPXL,716,2023-10-09,2026-10-07,-2,710,1.008451,0,0,0,0,0,0,12,0,A,RESEARCH_READY
MRAT,717,2023-10-09,2026-10-07,-2,710,1.009859,0,0,0,0,0,0,12,0,A,RESEARCH_READY
MREI,717,2023-10-09,2026-10-06,-1,710,1.009859,0,0,0,0,0,0,12,0,A,RESEARCH_READY
MSIE,717,2023-10-09,2026-10-07,-2,710,1.009859,0,0,0,0,0,0,12,0,A,RESEARCH_READY
MSIN,716,2023-10-09,2026-10-07,-2,710,1.008451,0,0,0,0,0,0,12,0,A,RESEARCH_READY
MSJA,652,2024-01-10,2026-10-07,-2,646,1.009288,0,0,0,0,0,0,12,0,A,RESEARCH_READY
MSKY,716,2023-10-09,2026-10-07,-2,710,1.008451,0,0,0,0,0,0,12,0,A,RESEARCH_READY
MSTI,694,2023-11-08,2026-10-07,-2,688,1.008721,0,0,0,0,0,0,12,0,A,RESEARCH_READY
MTDL,4121,2010-01-04,2026-10-05,0,4064,1.014026,0,0,0,0,0,0,12,0,A,RESEARCH_READY
MTFN,717,2023-10-09,2026-10-06,-1,710,1.009859,0,0,0,0,0,0,12,0,A,RESEARCH_READY
MTLA,716,2023-10-09,2026-10-07,-2,710,1.008451,0,0,0,0,0,0,12,0,A,RESEARCH_READY
MTMH,716,2023-10-09,2026-10-07,-2,710,1.008451,0,0,0,0,0,0,12,0,A,RESEARCH_READY
MTPS,720,2023-10-09,2026-10-06,-1,710,1.014085,0,0,0,0,0,0,12,0,A,RESEARCH_READY
MTSM,720,2023-10-09,2026-10-06,-1,710,1.014085,0,0,0,0,0,0,12,0,A,RESEARCH_READY
MTWI,716,2023-10-09,2026-10-07,-2,710,1.008451,0,0,0,0,0,0,12,0,A,RESEARCH_READY
MUTU,716,2023-10-09,2026-10-07,-2,710,1.008451,0,0,0,0,0,0,12,0,A,RESEARCH_READY
MYOH,716,2023-10-09,2026-10-07,-2,710,1.008451,0,0,0,0,0,0,12,0,A,RESEARCH_READY
MYTX,717,2023-10-09,2026-10-06,-1,710,1.009859,0,0,0,0,0,0,12,0,A,RESEARCH_READY
NANO,716,2023-10-09,2026-10-07,-2,710,1.008451,0,0,0,0,0,0,12,0,A,RESEARCH_READY
NASA,716,2023-10-09,2026-10-07,-2,710,1.008451,0,0,0,0,0,0,12,0,A,RESEARCH_READY
NASI,716,2023-10-09,2026-10-07,-2,710,1.008451,0,0,0,0,0,0,12,0,A,RESEARCH_READY
NATO,716,2023-10-09,2026-10-07,-2,710,1.008451,0,0,0,0,0,0,12,0,A,RESEARCH_READY
NAYZ,716,2023-10-09,2026-10-07,-2,710,1.008451,0,0,0,0,0,0,12,0,A,RESEARCH_READY
NCKL,716,2023-10-09,2026-10-07,-2,710,1.008451,0,0,0,0,0,0,12,0,A,RESEARCH_READY
NELY,716,2023-10-09,2026-10-07,-2,710,1.008451,0,0,0,0,0,0,12,0,A,RESEARCH_READY
NEST,520,2024-08-08,2026-10-07,-2,514,1.011673,0,0,0,0,0,0,12,0,A,RESEARCH_READY
NETV,716,2023-10-09,2026-10-07,-2,710,1.008451,0,0,0,0,0,0,12,0,A,RESEARCH_READY
NFCX,716,2023-10-09,2026-10-07,-2,710,1.008451,0,0,0,0,0,0,12,0,A,RESEARCH_READY
NICE,653,2024-01-09,2026-10-07,-2,647,1.009274,0,0,0,0,0,0,12,0,A,RESEARCH_READY
NICK,715,2023-10-09,2026-10-06,-1,710,1.007042,0,0,0,0,0,0,12,0,A,RESEARCH_READY
NICL,716,2023-10-09,2026-10-07,-2,710,1.008451,0,0,0,0,0,0,12,0,A,RESEARCH_READY
NIKL,716,2023-10-09,2026-10-07,-2,710,1.008451,0,0,0,0,0,0,12,0,A,RESEARCH_READY
NINE,716,2023-10-09,2026-10-07,-2,710,1.008451,0,0,0,0,0,0,12,0,A,RESEARCH_READY
NIRO,716,2023-10-09,2026-10-07,-2,710,1.008451,0,0,0,0,0,0,12,0,A,RESEARCH_READY
NPGF,716,2023-10-09,2026-10-07,-2,710,1.008451,0,0,0,0,0,0,12,0,A,RESEARCH_READY
NRCA,716,2023-10-09,2026-10-07,-2,710,1.008451,0,0,0,0,0,0,12,0,A,RESEARCH_READY
NSSS,716,2023-10-09,2026-10-07,-2,710,1.008451,0,0,0,0,0,0,12,0,A,RESEARCH_READY
NTBK,716,2023-10-09,2026-10-07,-2,710,1.008451,0,0,0,0,0,0,12,0,A,RESEARCH_READY
NZIA,716,2023-10-09,2026-10-07,-2,710,1.008451,0,0,0,0,0,0,12,0,A,RESEARCH_READY
OASA,716,2023-10-09,2026-10-07,-2,710,1.008451,0,0,0,0,0,0,12,0,A,RESEARCH_READY
OBMD,716,2023-10-09,2026-10-07,-2,710,1.008451,0,0,0,0,0,0,12,0,A,RESEARCH_READY
OILS,716,2023-10-09,2026-10-07,-2,710,1.008451,0,0,0,0,0,0,12,0,A,RESEARCH_READY
OKAS,716,2023-10-09,2026-10-07,-2,710,1.008451,0,0,0,0,0,0,12,0,A,RESEARCH_READY
OLIV,716,2023-10-09,2026-10-07,-2,710,1.008451,0,0,0,0,0,0,12,0,A,RESEARCH_READY
OMED,716,2023-10-09,2026-10-07,-2,710,1.008451,0,0,0,0,0,0,12,0,A,RESEARCH_READY
OMRE,717,2023-10-09,2026-10-07,-2,710,1.009859,0,0,0,0,0,0,12,0,A,RESEARCH_READY
OPMS,716,2023-10-09,2026-10-07,-2,710,1.008451,0,0,0,0,0,0,12,0,A,RESEARCH_READY
PACK,716,2023-10-09,2026-10-07,-2,710,1.008451,0,0,0,0,0,0,12,0,A,RESEARCH_READY
PADA,716,2023-10-09,2026-10-07,-2,710,1.008451,0,0,0,0,0,0,12,0,A,RESEARCH_READY
PADI,716,2023-10-09,2026-10-07,-2,710,1.008451,0,0,0,0,0,0,12,0,A,RESEARCH_READY
PALM,716,2023-10-09,2026-10-07,-2,710,1.008451,0,0,0,0,0,0,12,0,A,RESEARCH_READY
PAMG,716,2023-10-09,2026-10-07,-2,710,1.008451,0,0,0,0,0,0,12,0,A,RESEARCH_READY
PANI,1963,2018-09-18,2026-10-05,0,1942,1.010814,0,0,0,0,0,0,12,0,A,RESEARCH_READY
PANS,716,2023-10-09,2026-10-07,-2,710,1.008451,0,0,0,0,0,0,12,0,A,RESEARCH_READY
PART,544,2024-07-05,2026-10-07,-2,538,1.011152,0,0,0,0,0,0,12,0,A,RESEARCH_READY
PBRX,717,2023-10-09,2026-10-07,-2,710,1.009859,0,0,0,0,0,0,12,0,A,RESEARCH_READY
PCAR,716,2023-10-09,2026-10-07,-2,710,1.008451,0,0,0,0,0,0,12,0,A,RESEARCH_READY
PDES,716,2023-10-09,2026-10-07,-2,710,1.008451,0,0,0,0,0,0,12,0,A,RESEARCH_READY
PDPP,716,2023-10-09,2026-10-07,-2,710,1.008451,0,0,0,0,0,0,12,0,A,RESEARCH_READY
PEGE,716,2023-10-09,2026-10-07,-2,710,1.008451,0,0,0,0,0,0,12,0,A,RESEARCH_READY
PEHA,716,2023-10-09,2026-10-07,-2,710,1.008451,0,0,0,0,0,0,12,0,A,RESEARCH_READY
PEVE,716,2023-10-09,2026-10-07,-2,710,1.008451,0,0,0,0,0,0,12,0,A,RESEARCH_READY
PGEO,716,2023-10-09,2026-10-07,-2,710,1.008451,0,0,0,0,0,0,12,0,A,RESEARCH_READY
PGJO,716,2023-10-09,2026-10-07,-2,710,1.008451,0,0,0,0,0,0,12,0,A,RESEARCH_READY
PGLI,716,2023-10-09,2026-10-07,-2,710,1.008451,0,0,0,0,0,0,12,0,A,RESEARCH_READY
PGUN,716,2023-10-09,2026-10-07,-2,710,1.008451,0,0,0,0,0,0,12,0,A,RESEARCH_READY
PICO,717,2023-10-09,2026-10-07,-2,710,1.009859,0,0,0,0,0,0,12,0,A,RESEARCH_READY
PIPA,716,2023-10-09,2026-10-07,-2,710,1.008451,0,0,0,0,0,0,12,0,A,RESEARCH_READY
PJAA,717,2023-10-09,2026-10-07,-2,710,1.009859,0,0,0,0,0,0,12,0,A,RESEARCH_READY
PKPK,716,2023-10-09,2026-10-07,-2,710,1.008451,0,0,0,0,0,0,12,0,A,RESEARCH_READY
PLAN,716,2023-10-09,2026-10-07,-2,710,1.008451,0,0,0,0,0,0,12,0,A,RESEARCH_READY
PLIN,720,2023-10-09,2026-10-06,-1,710,1.014085,0,0,0,0,0,0,12,0,A,RESEARCH_READY
PMJS,716,2023-10-09,2026-10-07,-2,710,1.008451,0,0,0,0,0,0,12,0,A,RESEARCH_READY
PMMP,720,2023-10-09,2026-10-06,-1,710,1.014085,0,0,0,0,0,0,12,0,A,RESEARCH_READY
PNBN,4121,2010-01-04,2026-10-05,0,4064,1.014026,0,0,0,0,0,0,12,0,A,RESEARCH_READY
PNBS,716,2023-10-09,2026-10-07,-2,710,1.008451,0,0,0,0,0,0,12,0,A,RESEARCH_READY
PNGO,716,2023-10-09,2026-10-07,-2,710,1.008451,0,0,0,0,0,0,12,0,A,RESEARCH_READY
PNIN,717,2023-10-09,2026-10-07,-2,710,1.009859,0,0,0,0,0,0,12,0,A,RESEARCH_READY
PNLF,717,2023-10-09,2026-10-07,-2,710,1.009859,0,0,0,0,0,0,12,0,A,RESEARCH_READY
PNSE,717,2023-10-09,2026-10-07,-2,710,1.009859,0,0,0,0,0,0,12,0,A,RESEARCH_READY
POLA,715,2023-10-09,2026-10-06,-1,710,1.007042,0,0,0,0,0,0,12,0,A,RESEARCH_READY
POLI,716,2023-10-09,2026-10-07,-2,710,1.008451,0,0,0,0,0,0,12,0,A,RESEARCH_READY
POLL,720,2023-10-09,2026-10-06,-1,710,1.014085,0,0,0,0,0,0,12,0,A,RESEARCH_READY
POLU,716,2023-10-09,2026-10-07,-2,710,1.008451,0,0,0,0,0,0,12,0,A,RESEARCH_READY
POLY,720,2023-10-09,2026-10-06,-1,710,1.014085,0,0,0,0,0,0,12,0,A,RESEARCH_READY
PORT,716,2023-10-09,2026-10-07,-2,710,1.008451,0,0,0,0,0,0,12,0,A,RESEARCH_READY
POWR,2536,2016-06-14,2026-10-05,0,2485,1.020523,0,0,0,0,0,0,12,1,A,RESEARCH_READY
PPGL,715,2023-10-09,2026-10-06,-1,710,1.007042,0,0,0,0,0,0,12,0,A,RESEARCH_READY
PPRE,716,2023-10-09,2026-10-07,-2,710,1.008451,0,0,0,0,0,0,12,0,A,RESEARCH_READY
PPRI,716,2023-10-09,2026-10-07,-2,710,1.008451,0,0,0,0,0,0,12,0,A,RESEARCH_READY
PPRO,716,2023-10-09,2026-10-07,-2,710,1.008451,0,0,0,0,0,0,12,0,A,RESEARCH_READY
PRAY,716,2023-10-09,2026-10-07,-2,710,1.008451,0,0,0,0,0,0,12,0,A,RESEARCH_READY
PRDA,716,2023-10-09,2026-10-07,-2,710,1.008451,0,0,0,0,0,0,12,0,A,RESEARCH_READY
PRIM,716,2023-10-09,2026-10-07,-2,710,1.008451,0,0,0,0,0,0,12,0,A,RESEARCH_READY
PSDN,717,2023-10-09,2026-10-07,-2,710,1.009859,0,0,0,0,0,0,12,0,A,RESEARCH_READY
PSGO,716,2023-10-09,2026-10-07,-2,710,1.008451,0,0,0,0,0,0,12,0,A,RESEARCH_READY
PSKT,716,2023-10-09,2026-10-07,-2,710,1.008451,0,0,0,0,0,0,12,0,A,RESEARCH_READY
PSSI,716,2023-10-09,2026-10-07,-2,710,1.008451,0,0,0,0,0,0,12,0,A,RESEARCH_READY
PTDU,720,2023-10-09,2026-10-06,-1,710,1.014085,0,0,0,0,0,0,12,0,A,RESEARCH_READY
PTIS,716,2023-10-09,2026-10-07,-2,710,1.008451,0,0,0,0,0,0,12,0,A,RESEARCH_READY
PTMP,716,2023-10-09,2026-10-07,-2,710,1.008451,0,0,0,0,0,0,12,0,A,RESEARCH_READY
PTPP,4093,2010-02-09,2026-10-05,0,4038,1.013621,0,0,0,0,0,0,12,1,A,RESEARCH_READY
PTPS,716,2023-10-09,2026-10-07,-2,710,1.008451,0,0,0,0,0,0,12,0,A,RESEARCH_READY
PTPW,716,2023-10-09,2026-10-07,-2,710,1.008451,0,0,0,0,0,0,12,0,A,RESEARCH_READY
PTRO,717,2023-10-09,2026-10-07,-2,710,1.009859,0,0,0,0,0,0,12,0,A,RESEARCH_READY
PTSN,716,2023-10-09,2026-10-07,-2,710,1.008451,0,0,0,0,0,0,12,0,A,RESEARCH_READY
PTSP,717,2023-10-09,2026-10-07,-2,710,1.009859,0,0,0,0,0,0,12,0,A,RESEARCH_READY
PUDP,717,2023-10-09,2026-10-07,-2,710,1.009859,0,0,0,0,0,0,12,0,A,RESEARCH_READY
PURA,716,2023-10-09,2026-10-07,-2,710,1.008451,0,0,0,0,0,0,12,0,A,RESEARCH_READY
PURI,716,2023-10-09,2026-10-07,-2,710,1.008451,0,0,0,0,0,0,12,0,A,RESEARCH_READY
PWON,4120,2010-01-04,2026-10-05,0,4064,1.01378,0,0,0,0,0,0,12,1,A,RESEARCH_READY
PZZA,716,2023-10-09,2026-10-07,-2,710,1.008451,0,0,0,0,0,0,12,0,A,RESEARCH_READY
RAAM,716,2023-10-09,2026-10-07,-2,710,1.008451,0,0,0,0,0,0,12,0,A,RESEARCH_READY
RAFI,720,2023-10-09,2026-10-06,-1,710,1.014085,0,0,0,0,0,0,12,0,A,RESEARCH_READY
RAJA,720,2023-10-09,2026-10-07,-2,710,1.014085,0,0,0,0,0,0,12,0,A,RESEARCH_READY
RALS,717,2023-10-09,2026-10-07,-2,710,1.009859,0,0,0,0,0,0,12,0,A,RESEARCH_READY
RANC,716,2023-10-09,2026-10-07,-2,710,1.008451,0,0,0,0,0,0,12,0,A,RESEARCH_READY
RBMS,717,2023-10-09,2026-10-07,-2,710,1.009859,0,0,0,0,0,0,12,0,A,RESEARCH_READY
RCCC,716,2023-10-09,2026-10-07,-2,710,1.008451,0,0,0,0,0,0,12,0,A,RESEARCH_READY
RDTX,719,2023-10-09,2026-10-07,-2,710,1.012676,0,0,0,0,0,0,12,0,A,RESEARCH_READY
REAL,716,2023-10-09,2026-10-07,-2,710,1.008451,0,0,0,0,0,0,12,0,A,RESEARCH_READY
RELF,716,2023-10-09,2026-10-07,-2,710,1.008451,0,0,0,0,0,0,12,0,A,RESEARCH_READY
RELI,716,2023-10-09,2026-10-07,-2,710,1.008451,0,0,0,0,0,0,12,0,A,RESEARCH_READY
RGAS,694,2023-11-08,2026-10-07,-2,688,1.008721,0,0,0,0,0,0,12,0,A,RESEARCH_READY
RICY,717,2023-10-09,2026-10-07,-2,710,1.009859,0,0,0,0,0,0,12,0,A,RESEARCH_READY
RIGS,717,2023-10-09,2026-10-07,-2,710,1.009859,0,0,0,0,0,0,12,0,A,RESEARCH_READY
RISE,716,2023-10-09,2026-10-07,-2,710,1.008451,0,0,0,0,0,0,12,0,A,RESEARCH_READY
RMKE,719,2023-10-09,2026-10-07,-2,710,1.012676,0,0,0,0,0,0,12,0,A,RESEARCH_READY
RMKO,716,2023-10-09,2026-10-07,-2,710,1.008451,0,0,0,0,0,0,12,0,A,RESEARCH_READY
ROCK,716,2023-10-09,2026-10-07,-2,710,1.008451,0,0,0,0,0,0,12,0,A,RESEARCH_READY
RODA,717,2023-10-09,2026-10-07,-2,710,1.009859,0,0,0,0,0,0,12,0,A,RESEARCH_READY
RONY,716,2023-10-09,2026-10-07,-2,710,1.008451,0,0,0,0,0,0,12,0,A,RESEARCH_READY
RSCH,716,2023-10-09,2026-10-07,-2,710,1.008451,0,0,0,0,0,0,12,0,A,RESEARCH_READY
RSGK,716,2023-10-09,2026-10-07,-2,710,1.008451,0,0,0,0,0,0,12,0,A,RESEARCH_READY
RUIS,716,2023-10-09,2026-10-07,-2,710,1.008451,0,0,0,0,0,0,12,0,A,RESEARCH_READY
RUNS,716,2023-10-09,2026-10-07,-2,710,1.008451,0,0,0,0,0,0,12,0,A,RESEARCH_READY
SAFE,717,2023-10-09,2026-10-07,-2,710,1.009859,0,0,0,0,0,0,12,0,A,RESEARCH_READY
SAGE,716,2023-10-09,2026-10-07,-2,710,1.008451,0,0,0,0,0,0,12,0,A,RESEARCH_READY
SAME,716,2023-10-09,2026-10-07,-2,710,1.008451,0,0,0,0,0,0,12,0,A,RESEARCH_READY
SAMF,716,2023-10-09,2026-10-07,-2,710,1.008451,0,0,0,0,0,0,12,0,A,RESEARCH_READY
SAPX,716,2023-10-09,2026-10-07,-2,710,1.008451,0,0,0,0,0,0,12,0,A,RESEARCH_READY
SATU,716,2023-10-09,2026-10-07,-2,710,1.008451,0,0,0,0,0,0,12,0,A,RESEARCH_READY
SBAT,720,2023-10-09,2026-10-06,-1,710,1.014085,0,0,0,0,0,0,12,0,A,RESEARCH_READY
SBMA,716,2023-10-09,2026-10-07,-2,710,1.008451,0,0,0,0,0,0,12,0,A,RESEARCH_READY
SCMA,717,2023-10-09,2026-10-07,-2,710,1.009859,0,0,0,0,0,0,12,0,A,RESEARCH_READY
SCNP,716,2023-10-09,2026-10-07,-2,710,1.008451,0,0,0,0,0,0,12,0,A,RESEARCH_READY
SDMU,716,2023-10-09,2026-10-07,-2,710,1.008451,0,0,0,0,0,0,12,0,A,RESEARCH_READY
SDPC,717,2023-10-09,2026-10-07,-2,710,1.009859,0,0,0,0,0,0,12,0,A,RESEARCH_READY
SEMA,716,2023-10-09,2026-10-07,-2,710,1.008451,0,0,0,0,0,0,12,0,A,RESEARCH_READY
SFAN,716,2023-10-09,2026-10-07,-2,710,1.008451,0,0,0,0,0,0,12,0,A,RESEARCH_READY
SGER,716,2023-10-09,2026-10-07,-2,710,1.008451,0,0,0,0,0,0,12,0,A,RESEARCH_READY
SGRO,717,2023-10-09,2026-10-07,-2,710,1.009859,0,0,0,0,0,0,12,0,A,RESEARCH_READY
SHID,716,2023-10-09,2026-10-07,-2,710,1.008451,0,0,0,0,0,0,12,0,A,RESEARCH_READY
SHIP,717,2023-10-09,2026-10-07,-2,710,1.009859,0,0,0,0,0,0,12,0,A,RESEARCH_READY
SICO,716,2023-10-09,2026-10-07,-2,710,1.008451,0,0,0,0,0,0,12,0,A,RESEARCH_READY
SIDO,3137,2013-12-18,2026-10-05,0,3089,1.015539,0,0,0,0,0,0,12,4,A,RESEARCH_READY
SILO,716,2023-10-09,2026-10-07,-2,710,1.008451,0,0,0,0,0,0,12,0,A,RESEARCH_READY
SIMP,716,2023-10-09,2026-10-07,-2,710,1.008451,0,0,0,0,0,0,12,0,A,RESEARCH_READY
SINI,716,2023-10-09,2026-10-07,-2,710,1.008451,0,0,0,0,0,0,12,0,A,RESEARCH_READY
SIPD,717,2023-10-09,2026-10-07,-2,710,1.009859,0,0,0,0,0,0,12,0,A,RESEARCH_READY
SKBM,716,2023-10-09,2026-10-07,-2,710,1.008451,0,0,0,0,0,0,12,0,A,RESEARCH_READY
SKLT,4121,2010-01-04,2026-10-05,0,4064,1.014026,0,0,0,0,0,0,12,0,A,RESEARCH_READY
SLIS,716,2023-10-09,2026-10-07,-2,710,1.008451,0,0,0,0,0,0,12,0,A,RESEARCH_READY
SMAR,717,2023-10-09,2026-10-07,-2,710,1.009859,0,0,0,0,0,0,12,0,A,RESEARCH_READY
SMBR,716,2023-10-09,2026-10-07,-2,710,1.008451,0,0,0,0,0,0,12,0,A,RESEARCH_READY
SMCB,720,2023-10-09,2026-10-06,-1,710,1.014085,0,0,0,0,0,0,12,0,A,RESEARCH_READY
SMDM,717,2023-10-09,2026-10-07,-2,710,1.009859,0,0,0,0,0,0,12,0,A,RESEARCH_READY
SMDR,717,2023-10-09,2026-10-07,-2,710,1.009859,0,0,0,0,0,0,12,0,A,RESEARCH_READY
SMGA,638,2024-01-30,2026-10-07,-2,632,1.009494,0,0,0,0,0,0,12,0,A,RESEARCH_READY
SMIL,716,2023-10-09,2026-10-07,-2,710,1.008451,0,0,0,0,0,0,12,0,A,RESEARCH_READY
SMKL,716,2023-10-09,2026-10-07,-2,710,1.008451,0,0,0,0,0,0,12,0,A,RESEARCH_READY
SMKM,716,2023-10-09,2026-10-07,-2,710,1.008451,0,0,0,0,0,0,12,0,A,RESEARCH_READY
SMLE,652,2024-01-10,2026-10-07,-2,646,1.009288,0,0,0,0,0,0,12,0,A,RESEARCH_READY
SMMA,716,2023-10-09,2026-10-07,-2,710,1.008451,0,0,0,0,0,0,12,0,A,RESEARCH_READY
SMMT,4120,2010-01-04,2026-10-05,0,4064,1.01378,0,0,0,0,0,0,12,0,A,RESEARCH_READY
SNLK,716,2023-10-09,2026-10-07,-2,710,1.008451,0,0,0,0,0,0,12,0,A,RESEARCH_READY
SOCI,716,2023-10-09,2026-10-07,-2,710,1.008451,0,0,0,0,0,0,12,0,A,RESEARCH_READY
SOFA,716,2023-10-09,2026-10-07,-2,710,1.008451,0,0,0,0,0,0,12,0,A,RESEARCH_READY
SOHO,716,2023-10-09,2026-10-07,-2,710,1.008451,0,0,0,0,0,0,12,0,A,RESEARCH_READY
SOLA,580,2024-05-08,2026-10-07,-2,574,1.010453,0,0,0,0,0,0,12,0,A,RESEARCH_READY
SONA,717,2023-10-09,2026-10-07,-2,710,1.009859,0,0,0,0,0,0,12,0,A,RESEARCH_READY
SOSS,719,2023-10-09,2026-10-07,-2,710,1.012676,0,0,0,0,0,0,12,0,A,RESEARCH_READY
SOTS,716,2023-10-09,2026-10-07,-2,710,1.008451,0,0,0,0,0,0,12,0,A,RESEARCH_READY
SOUL,717,2023-10-09,2026-10-06,-1,710,1.009859,0,0,0,0,0,0,12,0,A,RESEARCH_READY
SPMA,720,2023-10-09,2026-10-07,-2,710,1.014085,0,0,0,0,0,0,12,0,A,RESEARCH_READY
SPRE,546,2024-07-03,2026-10-07,-2,540,1.011111,0,0,0,0,0,0,12,0,A,RESEARCH_READY
SQMI,716,2023-10-09,2026-10-07,-2,710,1.008451,0,0,0,0,0,0,12,0,A,RESEARCH_READY
SRAJ,715,2023-10-09,2026-10-06,-1,710,1.007042,0,0,0,0,0,0,12,0,A,RESEARCH_READY
SRSN,717,2023-10-09,2026-10-07,-2,710,1.009859,0,0,0,0,0,0,12,0,A,RESEARCH_READY
SRTG,716,2023-10-09,2026-10-07,-2,710,1.008451,0,0,0,0,0,0,12,0,A,RESEARCH_READY
SSIA,717,2023-10-09,2026-10-07,-2,710,1.009859,0,0,0,0,0,0,12,0,A,RESEARCH_READY
SSMS,716,2023-10-09,2026-10-07,-2,710,1.008451,0,0,0,0,0,0,12,0,A,RESEARCH_READY
SSTM,717,2023-10-09,2026-10-07,-2,710,1.009859,0,0,0,0,0,0,12,0,A,RESEARCH_READY
STAA,716,2023-10-09,2026-10-07,-2,710,1.008451,0,0,0,0,0,0,12,0,A,RESEARCH_READY
STAR,716,2023-10-09,2026-10-07,-2,710,1.008451,0,0,0,0,0,0,12,0,A,RESEARCH_READY
STRK,715,2023-10-10,2026-10-07,-2,709,1.008463,0,0,0,0,0,0,12,0,A,RESEARCH_READY
SULI,717,2023-10-09,2026-10-07,-2,710,1.009859,0,0,0,0,0,0,12,0,A,RESEARCH_READY
SUNI,716,2023-10-09,2026-10-07,-2,710,1.008451,0,0,0,0,0,0,12,0,A,RESEARCH_READY
SUPR,720,2023-10-09,2026-10-06,-1,710,1.014085,0,0,0,0,0,0,12,0,A,RESEARCH_READY
SURE,715,2023-10-09,2026-10-06,-1,710,1.007042,0,0,0,0,0,0,12,0,A,RESEARCH_READY
SWAT,720,2023-10-09,2026-10-06,-1,710,1.014085,0,0,0,0,0,0,12,0,A,RESEARCH_READY
TALF,716,2023-10-09,2026-10-07,-2,710,1.008451,0,0,0,0,0,0,12,0,A,RESEARCH_READY
TAMA,716,2023-10-09,2026-10-07,-2,710,1.008451,0,0,0,0,0,0,12,0,A,RESEARCH_READY
TAMU,716,2023-10-09,2026-10-07,-2,710,1.008451,0,0,0,0,0,0,12,0,A,RESEARCH_READY
TARA,716,2023-10-09,2026-10-07,-2,710,1.008451,0,0,0,0,0,0,12,0,A,RESEARCH_READY
TAXI,716,2023-10-09,2026-10-07,-2,710,1.008451,0,0,0,0,0,0,12,0,A,RESEARCH_READY
TAYS,717,2023-10-09,2026-10-06,-1,710,1.009859,0,0,0,0,0,0,12,0,A,RESEARCH_READY
TBIG,3920,2010-10-26,2026-10-05,0,3864,1.014493,0,0,0,0,0,0,12,0,A,RESEARCH_READY
TBMS,717,2023-10-09,2026-10-07,-2,710,1.009859,0,0,0,0,0,0,12,0,A,RESEARCH_READY
TCID,717,2023-10-09,2026-10-07,-2,710,1.009859,0,0,0,0,0,0,12,0,A,RESEARCH_READY
TCPI,716,2023-10-09,2026-10-07,-2,710,1.008451,0,0,0,0,0,0,12,0,A,RESEARCH_READY
TEBE,715,2023-10-09,2026-10-06,-1,710,1.007042,0,0,0,0,0,0,12,0,A,RESEARCH_READY
TELE,720,2023-10-09,2026-10-06,-1,710,1.014085,0,0,0,0,0,0,12,0,A,RESEARCH_READY
TFAS,716,2023-10-09,2026-10-07,-2,710,1.008451,0,0,0,0,0,0,12,0,A,RESEARCH_READY
TFCO,717,2023-10-09,2026-10-07,-2,710,1.009859,0,0,0,0,0,0,12,0,A,RESEARCH_READY
TGKA,717,2023-10-09,2026-10-07,-2,710,1.009859,0,0,0,0,0,0,12,0,A,RESEARCH_READY
TGRA,720,2023-10-09,2026-10-06,-1,710,1.014085,0,0,0,0,0,0,12,0,A,RESEARCH_READY
TGUK,719,2023-10-09,2026-10-07,-2,710,1.012676,0,0,0,0,0,0,12,0,A,RESEARCH_READY
TIRA,717,2023-10-09,2026-10-07,-2,710,1.009859,0,0,0,0,0,0,12,0,A,RESEARCH_READY
TIRT,717,2023-10-09,2026-10-06,-1,710,1.009859,0,0,0,0,0,0,12,0,A,RESEARCH_READY
TLDN,716,2023-10-09,2026-10-07,-2,710,1.008451,0,0,0,0,0,0,12,0,A,RESEARCH_READY
TMAS,716,2023-10-09,2026-10-07,-2,710,1.008451,0,0,0,0,0,0,12,0,A,RESEARCH_READY
TMPO,717,2023-10-09,2026-10-07,-2,710,1.009859,0,0,0,0,0,0,12,0,A,RESEARCH_READY
TNCA,716,2023-10-09,2026-10-07,-2,710,1.008451,0,0,0,0,0,0,12,0,A,RESEARCH_READY
TOBA,716,2023-10-09,2026-10-07,-2,710,1.008451,0,0,0,0,0,0,12,0,A,RESEARCH_READY
TOOL,716,2023-10-09,2026-10-07,-2,710,1.008451,0,0,0,0,0,0,12,0,A,RESEARCH_READY
TOPS,720,2023-10-09,2026-10-06,-1,710,1.014085,0,0,0,0,0,0,12,0,A,RESEARCH_READY
TOTL,4120,2010-01-04,2026-10-05,0,4064,1.01378,0,0,0,0,0,0,12,1,A,RESEARCH_READY
TOTO,717,2023-10-09,2026-10-07,-2,710,1.009859,0,0,0,0,0,0,12,0,A,RESEARCH_READY
TOYS,720,2023-10-09,2026-10-06,-1,710,1.014085,0,0,0,0,0,0,12,0,A,RESEARCH_READY
TPIA,716,2023-10-09,2026-10-07,-2,710,1.008451,0,0,0,0,0,0,12,0,A,RESEARCH_READY
TPMA,716,2023-10-09,2026-10-07,-2,710,1.008451,0,0,0,0,0,0,12,0,A,RESEARCH_READY
TRGU,716,2023-10-09,2026-10-07,-2,710,1.008451,0,0,0,0,0,0,12,0,A,RESEARCH_READY
TRIM,717,2023-10-09,2026-10-07,-2,710,1.009859,0,0,0,0,0,0,12,0,A,RESEARCH_READY
TRIN,716,2023-10-09,2026-10-07,-2,710,1.008451,0,0,0,0,0,0,12,0,A,RESEARCH_READY
TRIS,716,2023-10-09,2026-10-07,-2,710,1.008451,0,0,0,0,0,0,12,0,A,RESEARCH_READY
TRJA,716,2023-10-09,2026-10-07,-2,710,1.008451,0,0,0,0,0,0,12,0,A,RESEARCH_READY
TRON,716,2023-10-09,2026-10-07,-2,710,1.008451,0,0,0,0,0,0,12,0,A,RESEARCH_READY
TRST,717,2023-10-09,2026-10-07,-2,710,1.009859,0,0,0,0,0,0,12,0,A,RESEARCH_READY
TRUE,718,2023-10-09,2026-10-07,-2,710,1.011268,0,0,0,0,0,0,12,0,A,RESEARCH_READY
TRUK,715,2023-10-09,2026-10-06,-1,710,1.007042,0,0,0,0,0,0,12,0,A,RESEARCH_READY
TUGU,716,2023-10-09,2026-10-07,-2,710,1.008451,0,0,0,0,0,0,12,0,A,RESEARCH_READY
TYRE,716,2023-10-09,2026-10-07,-2,710,1.008451,0,0,0,0,0,0,12,0,A,RESEARCH_READY
UANG,716,2023-10-09,2026-10-07,-2,710,1.008451,0,0,0,0,0,0,12,0,A,RESEARCH_READY
UCID,716,2023-10-09,2026-10-07,-2,710,1.008451,0,0,0,0,0,0,12,0,A,RESEARCH_READY
UDNG,700,2023-10-31,2026-10-07,-2,694,1.008646,0,0,0,0,0,0,12,0,A,RESEARCH_READY
UFOE,716,2023-10-09,2026-10-07,-2,710,1.008451,0,0,0,0,0,0,12,0,A,RESEARCH_READY
ULTJ,4120,2010-01-04,2026-10-05,0,4064,1.01378,0,0,0,0,0,0,12,1,A,RESEARCH_READY
UNIC,717,2023-10-09,2026-10-07,-2,710,1.009859,0,0,0,0,0,0,12,0,A,RESEARCH_READY
UNIQ,716,2023-10-09,2026-10-07,-2,710,1.008451,0,0,0,0,0,0,12,0,A,RESEARCH_READY
UNSP,718,2023-10-09,2026-10-07,-2,710,1.011268,0,0,0,0,0,0,12,0,A,RESEARCH_READY
UNTR,717,2023-10-09,2026-10-07,-2,710,1.009859,0,0,0,0,0,0,12,0,A,RESEARCH_READY
UNVR,4121,2010-01-04,2026-10-05,0,4064,1.014026,0,0,0,0,0,0,12,0,A,RESEARCH_READY
URBN,716,2023-10-09,2026-10-07,-2,710,1.008451,0,0,0,0,0,0,12,0,A,RESEARCH_READY
UVCR,716,2023-10-09,2026-10-07,-2,710,1.008451,0,0,0,0,0,0,12,0,A,RESEARCH_READY
VAST,716,2023-10-09,2026-10-07,-2,710,1.008451,0,0,0,0,0,0,12,0,A,RESEARCH_READY
VICI,716,2023-10-09,2026-10-07,-2,710,1.008451,0,0,0,0,0,0,12,0,A,RESEARCH_READY
VICO,716,2023-10-09,2026-10-07,-2,710,1.008451,0,0,0,0,0,0,12,0,A,RESEARCH_READY
VINS,716,2023-10-09,2026-10-07,-2,710,1.008451,0,0,0,0,0,0,12,0,A,RESEARCH_READY
VISI,621,2024-02-27,2026-10-07,-2,615,1.009756,0,0,0,0,0,0,12,0,A,RESEARCH_READY
VIVA,716,2023-10-09,2026-10-07,-2,710,1.008451,0,0,0,0,0,0,12,0,A,RESEARCH_READY
VKTR,716,2023-10-09,2026-10-07,-2,710,1.008451,0,0,0,0,0,0,12,0,A,RESEARCH_READY
VOKS,717,2023-10-09,2026-10-07,-2,710,1.009859,0,0,0,0,0,0,12,0,A,RESEARCH_READY
VRNA,716,2023-10-09,2026-10-07,-2,710,1.008451,0,0,0,0,0,0,12,0,A,RESEARCH_READY
VTNY,716,2023-10-09,2026-10-07,-2,710,1.008451,0,0,0,0,0,0,12,0,A,RESEARCH_READY
WAPO,717,2023-10-09,2026-10-07,-2,710,1.009859,0,0,0,0,0,0,12,0,A,RESEARCH_READY
WEGE,716,2023-10-09,2026-10-07,-2,710,1.008451,0,0,0,0,0,0,12,0,A,RESEARCH_READY
WICO,720,2023-10-09,2026-10-06,-1,710,1.014085,0,0,0,0,0,0,12,0,A,RESEARCH_READY
WIFI,716,2023-10-09,2026-10-07,-2,710,1.008451,0,0,0,0,0,0,12,0,A,RESEARCH_READY
WIIM,716,2023-10-09,2026-10-07,-2,710,1.008451,0,0,0,0,0,0,12,0,A,RESEARCH_READY
WINE,716,2023-10-09,2026-10-07,-2,710,1.008451,0,0,0,0,0,0,12,0,A,RESEARCH_READY
WINR,716,2023-10-09,2026-10-07,-2,710,1.008451,0,0,0,0,0,0,12,0,A,RESEARCH_READY
WINS,717,2023-10-09,2026-10-07,-2,710,1.009859,0,0,0,0,0,0,12,0,A,RESEARCH_READY
WIRG,716,2023-10-09,2026-10-07,-2,710,1.008451,0,0,0,0,0,0,12,0,A,RESEARCH_READY
WMPP,716,2023-10-09,2026-10-07,-2,710,1.008451,0,0,0,0,0,0,12,0,A,RESEARCH_READY
WMUU,716,2023-10-09,2026-10-07,-2,710,1.008451,0,0,0,0,0,0,12,0,A,RESEARCH_READY
WOMF,716,2023-10-09,2026-10-07,-2,710,1.008451,0,0,0,0,0,0,12,0,A,RESEARCH_READY
WOOD,716,2023-10-09,2026-10-07,-2,710,1.008451,0,0,0,0,0,0,12,0,A,RESEARCH_READY
WOWS,716,2023-10-09,2026-10-07,-2,710,1.008451,0,0,0,0,0,0,12,0,A,RESEARCH_READY
WSBP,2475,2016-09-20,2026-10-05,0,2422,1.021883,0,0,0,0,0,0,12,1,A,RESEARCH_READY
WTON,3064,2014-04-08,2026-10-05,0,3017,1.015578,0,0,0,0,0,0,12,4,A,RESEARCH_READY
YELO,716,2023-10-09,2026-10-07,-2,710,1.008451,0,0,0,0,0,0,12,0,A,RESEARCH_READY
YPAS,717,2023-10-09,2026-10-07,-2,710,1.009859,0,0,0,0,0,0,12,0,A,RESEARCH_READY
YULE,716,2023-10-09,2026-10-07,-2,710,1.008451,0,0,0,0,0,0,12,0,A,RESEARCH_READY
ZATA,716,2023-10-09,2026-10-07,-2,710,1.008451,0,0,0,0,0,0,12,0,A,RESEARCH_READY
ZBRA,720,2023-10-09,2026-10-06,-1,710,1.014085,0,0,0,0,0,0,12,0,A,RESEARCH_READY
ZINC,720,2023-10-09,2026-10-06,-1,710,1.014085,0,0,0,0,0,0,12,0,A,RESEARCH_READY
ZONE,716,2023-10-09,2026-10-07,-2,710,1.008451,0,0,0,0,0,0,12,0,A,RESEARCH_READY
ZYRX,716,2023-10-09,2026-10-07,-2,710,1.008451,0,0,0,0,0,0,12,0,A,RESEARCH_READY
AADI,437,2024-12-05,2026-10-07,-2,431,1.013921,0,0,0,0,0,0,12,0,B,RESEARCH_WITH_REVIEW
ASPR,307,2025-07-08,2026-10-07,-2,301,1.019934,0,0,0,0,0,0,8,0,B,RESEARCH_WITH_REVIEW
BLOG,305,2025-07-10,2026-10-07,-2,299,1.020067,0,0,0,0,0,0,8,0,B,RESEARCH_WITH_REVIEW
BOAT,453,2024-11-12,2026-10-07,-2,447,1.013423,0,0,0,0,0,0,12,0,B,RESEARCH_WITH_REVIEW
CBDK,414,2025-01-13,2026-10-07,-2,408,1.014706,0,0,0,0,0,0,12,0,B,RESEARCH_WITH_REVIEW
CDIA,306,2025-07-09,2026-10-07,-2,300,1.02,0,0,0,0,0,0,8,0,B,RESEARCH_WITH_REVIEW
CHEK,305,2025-07-10,2026-10-07,-2,299,1.020067,0,0,0,0,0,0,8,0,B,RESEARCH_WITH_REVIEW
COIN,306,2025-07-09,2026-10-07,-2,300,1.02,0,0,0,0,0,0,8,0,B,RESEARCH_WITH_REVIEW
DAAZ,454,2024-11-11,2026-10-07,-2,448,1.013393,0,0,0,0,0,0,12,0,B,RESEARCH_WITH_REVIEW
DGWG,414,2025-01-13,2026-10-07,-2,408,1.014706,0,0,0,0,0,0,12,0,B,RESEARCH_WITH_REVIEW
DKHH,343,2025-05-08,2026-10-07,-2,337,1.017804,0,0,0,0,0,0,8,0,B,RESEARCH_WITH_REVIEW
EMAS,254,2025-09-23,2026-10-07,-2,248,1.024194,0,0,0,0,0,0,8,0,B,RESEARCH_WITH_REVIEW
FORE,359,2025-04-14,2026-10-07,-2,353,1.016997,0,0,0,0,0,0,8,0,B,RESEARCH_WITH_REVIEW
HGII,416,2025-01-09,2026-10-07,-2,410,1.014634,0,0,0,0,0,0,12,0,B,RESEARCH_WITH_REVIEW
KAQI,377,2025-03-10,2026-10-07,-2,371,1.016173,0,0,0,0,0,0,12,0,B,RESEARCH_WITH_REVIEW
KSIX,417,2025-01-08,2026-10-07,-2,411,1.014599,0,0,0,0,0,0,12,0,B,RESEARCH_WITH_REVIEW
MDIY,427,2024-12-19,2026-10-07,-2,421,1.014252,0,0,0,0,0,0,12,0,B,RESEARCH_WITH_REVIEW
MDLA,358,2025-04-15,2026-10-07,-2,352,1.017045,0,0,0,0,0,0,8,0,B,RESEARCH_WITH_REVIEW
MERI,305,2025-07-10,2026-10-07,-2,299,1.020067,0,0,0,0,0,0,8,0,B,RESEARCH_WITH_REVIEW
MINE,377,2025-03-10,2026-10-07,-2,371,1.016173,0,0,0,0,0,0,12,0,B,RESEARCH_WITH_REVIEW
NAIK,452,2024-11-13,2026-10-07,-2,446,1.013453,0,0,0,0,0,0,12,0,B,RESEARCH_WITH_REVIEW
OBAT,414,2025-01-13,2026-10-07,-2,408,1.014706,0,0,0,0,0,0,12,0,B,RESEARCH_WITH_REVIEW
PJHB,222,2025-11-06,2026-10-07,-2,216,1.027778,0,0,0,0,0,0,8,0,B,RESEARCH_WITH_REVIEW
PMUI,305,2025-07-10,2026-10-07,-2,299,1.020067,0,0,0,0,0,0,8,0,B,RESEARCH_WITH_REVIEW
PSAT,307,2025-07-08,2026-10-07,-2,301,1.019934,0,0,0,0,0,0,8,0,B,RESEARCH_WITH_REVIEW
PTMR,482,2024-10-08,2026-10-06,-1,472,1.021186,0,0,0,0,0,0,12,0,B,RESEARCH_WITH_REVIEW
RATU,417,2025-01-08,2026-10-07,-2,411,1.014599,0,0,0,0,0,0,12,0,B,RESEARCH_WITH_REVIEW
RLCO,200,2025-12-08,2026-10-07,-2,194,1.030928,0,0,0,0,0,0,8,0,B,RESEARCH_WITH_REVIEW
VERN,478,2024-10-08,2026-10-07,-2,472,1.012712,0,0,0,0,0,0,12,0,B,RESEARCH_WITH_REVIEW
YOII,417,2025-01-08,2026-10-07,-2,411,1.014599,0,0,0,0,0,0,12,0,B,RESEARCH_WITH_REVIEW
YUPI,366,2025-03-25,2026-10-07,-2,360,1.016667,0,0,0,0,0,0,12,0,B,RESEARCH_WITH_REVIEW
ADHI,4122,2010-01-04,2026-10-05,0,4064,1.014272,0,0,0,0,1,0,12,0,C,DO_NOT_USE_YET
ADMF,717,2023-10-09,2026-10-07,-2,710,1.009859,0,0,0,0,1,0,12,0,C,DO_NOT_USE_YET
ADRO,4119,2010-01-04,2026-10-05,0,4064,1.013533,0,0,0,0,1,0,12,1,C,DO_NOT_USE_YET
AGRO,4120,2010-01-04,2026-10-05,0,4064,1.01378,0,0,0,0,1,0,12,0,C,DO_NOT_USE_YET
ALTO,3501,2012-07-10,2026-10-05,0,3441,1.017437,0,0,0,0,1,0,12,1,C,DO_NOT_USE_YET
AMAG,716,2023-10-09,2026-10-07,-2,710,1.008451,0,0,0,0,5,0,12,0,C,DO_NOT_USE_YET
ANTM,4121,2010-01-04,2026-10-05,0,4064,1.014026,0,0,0,0,1,0,12,0,C,DO_NOT_USE_YET
BBRI,4121,2010-01-04,2026-10-05,0,4064,1.014026,0,0,0,0,1,0,12,0,C,DO_NOT_USE_YET
BFIN,717,2023-10-09,2026-10-07,-2,710,1.009859,0,0,0,0,1,0,12,0,C,DO_NOT_USE_YET
BMRI,4121,2010-01-04,2026-10-05,0,4064,1.014026,0,0,0,0,2,0,12,0,C,DO_NOT_USE_YET
BNLI,4121,2010-01-04,2026-10-05,0,4064,1.014026,0,0,0,0,2,0,12,0,C,DO_NOT_USE_YET
BRMS,3890,2010-12-09,2026-10-05,0,3834,1.014606,0,0,0,0,1,0,12,0,C,DO_NOT_USE_YET
BSDE,4119,2010-01-04,2026-10-05,0,4064,1.013533,0,0,0,0,2,0,12,1,C,DO_NOT_USE_YET
BSIM,3849,2011-02-08,2026-10-05,0,3794,1.014497,0,0,0,0,2,0,12,1,C,DO_NOT_USE_YET
BTPN,4119,2010-01-04,2026-10-05,0,4064,1.013533,0,0,0,0,2,0,12,1,C,DO_NOT_USE_YET
BUDI,4120,2010-01-04,2026-10-05,0,4064,1.01378,0,0,0,0,1,0,12,1,C,DO_NOT_USE_YET
CEKA,4120,2010-01-04,2026-10-05,0,4064,1.01378,0,0,0,0,3,0,12,1,C,DO_NOT_USE_YET
CITA,716,2023-10-09,2026-10-07,-2,710,1.008451,0,0,0,0,1,0,12,0,C,DO_NOT_USE_YET
DMAS,716,2023-10-09,2026-10-07,-2,710,1.008451,0,0,0,0,18,0,12,0,C,DO_NOT_USE_YET
DUTI,716,2023-10-09,2026-10-06,-1,710,1.008451,0,0,0,0,19,0,12,0,C,DO_NOT_USE_YET
DVLA,4120,2010-01-04,2026-10-05,0,4064,1.01378,0,0,0,0,3,0,12,1,C,DO_NOT_USE_YET
FWCT,716,2023-10-09,2026-10-07,-2,710,1.008451,0,0,0,0,1,0,12,0,C,DO_NOT_USE_YET
GGRM,4120,2010-01-04,2026-10-05,0,4064,1.01378,0,0,0,0,4,0,12,1,C,DO_NOT_USE_YET
HMSP,4121,2010-01-04,2026-10-05,0,4064,1.014026,0,0,0,0,3,0,12,0,C,DO_NOT_USE_YET
ICBP,4119,2010-01-04,2026-10-05,0,4064,1.013533,0,0,0,0,1,0,12,1,C,DO_NOT_USE_YET
IFSH,716,2023-10-09,2026-10-07,-2,710,1.008451,0,0,0,0,1,0,12,0,C,DO_NOT_USE_YET
INCI,717,2023-10-09,2026-10-07,-2,710,1.009859,0,0,0,0,2,0,12,0,C,DO_NOT_USE_YET
INDS,4121,2010-01-04,2026-10-05,0,4064,1.014026,0,0,0,0,2,0,12,0,C,DO_NOT_USE_YET
INKP,4120,2010-01-04,2026-10-05,0,4064,1.01378,0,0,0,0,1,0,12,1,C,DO_NOT_USE_YET
INPC,4119,2010-01-04,2026-10-05,0,4064,1.013533,0,0,0,0,2,0,12,1,C,DO_NOT_USE_YET
INRU,4125,2010-01-04,2026-10-05,0,4064,1.01501,0,0,0,0,1,0,12,0,C,DO_NOT_USE_YET
IPCM,716,2023-10-09,2026-10-07,-2,710,1.008451,0,0,0,0,1,0,12,0,C,DO_NOT_USE_YET
ISAT,4121,2010-01-04,2026-10-05,0,4064,1.014026,0,0,0,0,1,0,12,0,C,DO_NOT_USE_YET
ISSP,716,2023-10-09,2026-10-07,-2,710,1.008451,0,0,0,0,1,0,12,0,C,DO_NOT_USE_YET
ITMG,4121,2010-01-04,2026-10-05,0,4064,1.014026,0,0,0,0,2,0,12,0,C,DO_NOT_USE_YET
JTPE,717,2023-10-09,2026-10-07,-2,710,1.009859,0,0,0,0,7,0,12,0,C,DO_NOT_USE_YET
KAEF,4120,2010-01-04,2026-10-05,0,4064,1.01378,0,0,0,0,2,0,12,1,C,DO_NOT_USE_YET
KBLM,4120,2010-01-04,2026-10-05,0,4064,1.01378,0,0,0,0,1,0,12,1,C,DO_NOT_USE_YET
KKGI,717,2023-10-09,2026-10-07,-2,710,1.009859,0,0,0,0,1,0,12,0,C,DO_NOT_USE_YET
KLBF,4121,2010-01-04,2026-10-05,0,4064,1.014026,0,0,0,0,1,0,12,0,C,DO_NOT_USE_YET
LPCK,4121,2010-01-04,2026-10-05,0,4064,1.014026,0,0,0,0,2,0,12,0,C,DO_NOT_USE_YET
MAYA,4120,2010-01-04,2026-10-05,0,4064,1.01378,0,0,0,0,1,0,12,0,C,DO_NOT_USE_YET
MEDC,4121,2010-01-04,2026-10-05,0,4064,1.014026,0,0,0,0,1,0,12,0,C,DO_NOT_USE_YET
MEGA,4120,2010-01-04,2026-10-05,0,4064,1.01378,0,0,0,0,1,0,12,0,C,DO_NOT_USE_YET
MPMX,716,2023-10-09,2026-10-07,-2,710,1.008451,0,0,0,0,2,0,12,0,C,DO_NOT_USE_YET
MTEL,716,2023-10-09,2026-10-07,-2,710,1.008451,0,0,0,0,1,0,12,0,C,DO_NOT_USE_YET
MYOR,4121,2010-01-04,2026-10-05,0,4064,1.014026,0,0,0,0,1,0,12,0,C,DO_NOT_USE_YET
NISP,4121,2010-01-04,2026-10-05,0,4064,1.014026,0,0,0,0,3,0,12,0,C,DO_NOT_USE_YET
NOBU,3287,2013-05-20,2026-10-05,0,3232,1.017017,0,0,0,0,1,0,12,1,C,DO_NOT_USE_YET
PANR,716,2023-10-09,2026-10-07,-2,710,1.008451,0,0,0,0,1,0,12,0,C,DO_NOT_USE_YET
PBID,716,2023-10-09,2026-10-07,-2,710,1.008451,0,0,0,0,1,0,12,0,C,DO_NOT_USE_YET
PBSA,716,2023-10-09,2026-10-07,-2,710,1.008451,0,0,0,0,1,0,12,0,C,DO_NOT_USE_YET
PGAS,4120,2010-01-04,2026-10-05,0,4064,1.01378,0,0,0,0,1,0,12,1,C,DO_NOT_USE_YET
PSAB,717,2023-10-09,2026-10-07,-2,710,1.009859,0,0,0,0,1,0,12,0,C,DO_NOT_USE_YET
PTBA,4120,2010-01-04,2026-10-05,0,4064,1.01378,0,0,0,0,4,0,12,1,C,DO_NOT_USE_YET
PYFA,4120,2010-01-04,2026-10-05,0,4064,1.01378,0,0,0,0,2,0,12,1,C,DO_NOT_USE_YET
ROTI,3999,2010-06-28,2026-10-05,0,3944,1.013945,0,0,0,0,2,0,12,1,C,DO_NOT_USE_YET
SCCO,717,2023-10-09,2026-10-07,-2,710,1.009859,0,0,0,0,4,0,12,0,C,DO_NOT_USE_YET
SDRA,4120,2010-01-04,2026-10-05,0,4064,1.01378,0,0,0,0,2,0,12,0,C,DO_NOT_USE_YET
SKRN,716,2023-10-09,2026-10-07,-2,710,1.008451,0,0,0,0,4,0,12,0,C,DO_NOT_USE_YET
SMGR,4120,2010-01-04,2026-10-05,0,4064,1.01378,0,0,0,0,1,0,12,0,C,DO_NOT_USE_YET
SMRA,4121,2010-01-04,2026-10-05,0,4064,1.014026,0,0,0,0,2,0,12,0,C,DO_NOT_USE_YET
SMSM,717,2023-10-09,2026-10-07,-2,710,1.009859,0,0,0,0,1,0,12,0,C,DO_NOT_USE_YET
SPTO,716,2023-10-09,2026-10-07,-2,710,1.008451,0,0,0,0,5,0,12,0,C,DO_NOT_USE_YET
STTP,4121,2010-01-04,2026-10-05,0,4064,1.014026,0,0,0,0,2,0,12,0,C,DO_NOT_USE_YET
SWID,716,2023-10-09,2026-10-07,-2,710,1.008451,0,0,0,0,1,0,12,0,C,DO_NOT_USE_YET
TAPG,716,2023-10-09,2026-10-07,-2,710,1.008451,0,0,0,0,2,0,12,0,C,DO_NOT_USE_YET
TBLA,717,2023-10-09,2026-10-07,-2,710,1.009859,0,0,0,0,2,0,12,0,C,DO_NOT_USE_YET
TIFA,3745,2011-07-12,2026-10-05,0,3689,1.01518,0,0,0,0,1,0,12,0,C,DO_NOT_USE_YET
TINS,4120,2010-01-04,2026-10-05,0,4064,1.01378,0,0,0,0,1,0,12,1,C,DO_NOT_USE_YET
TKIM,4120,2010-01-04,2026-10-05,0,4064,1.01378,0,0,0,0,2,0,12,1,C,DO_NOT_USE_YET
TLKM,4120,2010-01-04,2026-10-05,0,4064,1.01378,0,0,0,0,3,0,12,1,C,DO_NOT_USE_YET
TOWR,4075,2010-03-08,2026-10-05,0,4020,1.013682,0,0,0,0,1,0,12,1,C,DO_NOT_USE_YET
TRUS,717,2023-10-09,2026-10-07,-2,710,1.009859,0,0,0,0,1,0,12,0,C,DO_NOT_USE_YET
TSPC,4121,2010-01-04,2026-10-05,0,4064,1.014026,0,0,0,0,1,0,12,0,C,DO_NOT_USE_YET
WEHA,716,2023-10-09,2026-10-07,-2,710,1.008451,0,0,0,0,2,0,12,0,C,DO_NOT_USE_YET
WIKA,4124,2010-01-04,2026-10-05,0,4064,1.014764,0,0,0,0,1,0,12,1,C,DO_NOT_USE_YET
WSKT,3322,2012-12-19,2026-06-26,101,3263,1.018082,0,0,0,0,0,0,12,0,C,DO_NOT_USE_YET
