ticker,stock_sessions,ihsg_sessions_same_range,common_sessions,stock_only_sessions,ihsg_only_sessions,stock_minus_ihsg,coverage_ratio,first_date,last_date,coverage_excess_pct,diagnostic_flag
AADI,437,431,431,6,0,6,1.013921113689095,2024-12-05,2026-10-07,1.39211136890951,STOCK_CALENDAR_DIFFERENCE
AALI,717,710,710,7,0,7,1.0098591549295775,2023-10-09,2026-10-07,0.9859154929577452,STOCK_CALENDAR_DIFFERENCE
ABBA,717,710,710,7,0,7,1.0098591549295775,2023-10-09,2026-10-06,0.9859154929577452,STOCK_CALENDAR_DIFFERENCE
ABDA,716,710,710,6,0,6,1.008450704225352,2023-10-09,2026-10-07,0.8450704225352101,STOCK_CALENDAR_DIFFERENCE
ABMM,716,710,710,6,0,6,1.008450704225352,2023-10-09,2026-10-07,0.8450704225352101,STOCK_CALENDAR_DIFFERENCE
ACES,716,710,710,6,0,6,1.008450704225352,2023-10-09,2026-10-07,0.8450704225352101,STOCK_CALENDAR_DIFFERENCE
ACRO,651,645,645,6,0,6,1.0093023255813953,2024-01-11,2026-10-07,0.9302325581395321,STOCK_CALENDAR_DIFFERENCE
ACST,3264,3208,3208,56,0,56,1.0174563591022443,2013-06-24,2026-10-05,1.74563591022443,STOCK_CALENDAR_DIFFERENCE
ADCP,718,710,710,8,0,8,1.0112676056338028,2023-10-09,2026-10-06,1.1267605633802802,STOCK_CALENDAR_DIFFERENCE
ADES,4121,4064,4064,57,0,57,1.014025590551181,2010-01-04,2026-10-05,1.4025590551181022,STOCK_CALENDAR_DIFFERENCE
ADHI,4122,4064,4064,58,0,58,1.0142716535433072,2010-01-04,2026-10-05,1.4271653543307172,STOCK_CALENDAR_DIFFERENCE
ADMF,717,710,710,7,0,7,1.0098591549295775,2023-10-09,2026-10-07,0.9859154929577452,STOCK_CALENDAR_DIFFERENCE
ADMG,717,710,710,7,0,7,1.0098591549295775,2023-10-09,2026-10-07,0.9859154929577452,STOCK_CALENDAR_DIFFERENCE
ADMR,716,710,710,6,0,6,1.008450704225352,2023-10-09,2026-10-07,0.8450704225352101,STOCK_CALENDAR_DIFFERENCE
ADRO,4119,4064,4063,56,1,55,1.0135334645669292,2010-01-04,2026-10-05,1.3533464566929165,STOCK_CALENDAR_DIFFERENCE
AGAR,718,710,710,8,0,8,1.0112676056338028,2023-10-09,2026-10-07,1.1267605633802802,STOCK_CALENDAR_DIFFERENCE
AGII,716,710,710,6,0,6,1.008450704225352,2023-10-09,2026-10-07,0.8450704225352101,STOCK_CALENDAR_DIFFERENCE
AGRO,4120,4064,4064,56,0,56,1.013779527559055,2010-01-04,2026-10-05,1.3779527559055094,STOCK_CALENDAR_DIFFERENCE
AGRS,716,710,710,6,0,6,1.008450704225352,2023-10-09,2026-10-07,0.8450704225352101,STOCK_CALENDAR_DIFFERENCE
AHAP,717,710,710,7,0,7,1.0098591549295775,2023-10-09,2026-10-07,0.9859154929577452,STOCK_CALENDAR_DIFFERENCE
AIMS,717,710,710,7,0,7,1.0098591549295775,2023-10-09,2026-10-07,0.9859154929577452,STOCK_CALENDAR_DIFFERENCE
AISA,716,710,710,6,0,6,1.008450704225352,2023-10-09,2026-10-07,0.8450704225352101,STOCK_CALENDAR_DIFFERENCE
AKKU,721,710,710,11,0,11,1.0154929577464789,2023-10-09,2026-10-07,1.5492957746478853,STOCK_CALENDAR_DIFFERENCE
AKPI,717,710,710,7,0,7,1.0098591549295775,2023-10-09,2026-10-07,0.9859154929577452,STOCK_CALENDAR_DIFFERENCE
AKRA,716,710,710,6,0,6,1.008450704225352,2023-10-09,2026-10-07,0.8450704225352101,STOCK_CALENDAR_DIFFERENCE
AKSI,717,710,710,7,0,7,1.0098591549295775,2023-10-09,2026-10-07,0.9859154929577452,STOCK_CALENDAR_DIFFERENCE
ALDO,716,710,710,6,0,6,1.008450704225352,2023-10-09,2026-10-07,0.8450704225352101,STOCK_CALENDAR_DIFFERENCE
ALKA,718,710,710,8,0,8,1.0112676056338028,2023-10-09,2026-10-07,1.1267605633802802,STOCK_CALENDAR_DIFFERENCE
ALMI,720,710,710,10,0,10,1.0140845070422535,2023-10-09,2026-10-06,1.4084507042253502,STOCK_CALENDAR_DIFFERENCE
ALTO,3501,3441,3440,61,1,60,1.01743679163034,2012-07-10,2026-10-05,1.7436791630339954,STOCK_CALENDAR_DIFFERENCE
AMAG,716,710,710,6,0,6,1.008450704225352,2023-10-09,2026-10-07,0.8450704225352101,STOCK_CALENDAR_DIFFERENCE
AMAN,716,710,710,6,0,6,1.008450704225352,2023-10-09,2026-10-07,0.8450704225352101,STOCK_CALENDAR_DIFFERENCE
AMAR,716,710,710,6,0,6,1.008450704225352,2023-10-09,2026-10-07,0.8450704225352101,STOCK_CALENDAR_DIFFERENCE
AMFG,717,710,710,7,0,7,1.0098591549295775,2023-10-09,2026-10-07,0.9859154929577452,STOCK_CALENDAR_DIFFERENCE
AMIN,716,710,710,6,0,6,1.008450704225352,2023-10-09,2026-10-07,0.8450704225352101,STOCK_CALENDAR_DIFFERENCE
AMMN,716,710,710,6,0,6,1.008450704225352,2023-10-09,2026-10-07,0.8450704225352101,STOCK_CALENDAR_DIFFERENCE
AMMS,716,710,710,6,0,6,1.008450704225352,2023-10-09,2026-10-07,0.8450704225352101,STOCK_CALENDAR_DIFFERENCE
AMOR,716,710,710,6,0,6,1.008450704225352,2023-10-09,2026-10-07,0.8450704225352101,STOCK_CALENDAR_DIFFERENCE
AMRT,716,710,710,6,0,6,1.008450704225352,2023-10-09,2026-10-07,0.8450704225352101,STOCK_CALENDAR_DIFFERENCE
ANDI,716,710,710,6,0,6,1.008450704225352,2023-10-09,2026-10-07,0.8450704225352101,STOCK_CALENDAR_DIFFERENCE
ANJT,716,710,710,6,0,6,1.008450704225352,2023-10-09,2026-10-07,0.8450704225352101,STOCK_CALENDAR_DIFFERENCE
ANTM,4121,4064,4064,57,0,57,1.014025590551181,2010-01-04,2026-10-05,1.4025590551181022,STOCK_CALENDAR_DIFFERENCE
APEX,717,710,710,7,0,7,1.0098591549295775,2023-10-09,2026-10-07,0.9859154929577452,STOCK_CALENDAR_DIFFERENCE
APIC,716,710,710,6,0,6,1.008450704225352,2023-10-09,2026-10-07,0.8450704225352101,STOCK_CALENDAR_DIFFERENCE
APII,716,710,710,6,0,6,1.008450704225352,2023-10-09,2026-10-07,0.8450704225352101,STOCK_CALENDAR_DIFFERENCE
APLI,717,710,710,7,0,7,1.0098591549295775,2023-10-09,2026-10-07,0.9859154929577452,STOCK_CALENDAR_DIFFERENCE
APLN,716,710,710,6,0,6,1.008450704225352,2023-10-09,2026-10-07,0.8450704225352101,STOCK_CALENDAR_DIFFERENCE
ARCI,716,710,710,6,0,6,1.008450704225352,2023-10-09,2026-10-07,0.8450704225352101,STOCK_CALENDAR_DIFFERENCE
AREA,600,594,594,6,0,6,1.0101010101010102,2024-04-01,2026-10-07,1.0101010101010166,STOCK_CALENDAR_DIFFERENCE
ARGO,716,710,710,6,0,6,1.008450704225352,2023-10-09,2026-10-07,0.8450704225352101,STOCK_CALENDAR_DIFFERENCE
ARII,716,710,710,6,0,6,1.008450704225352,2023-10-09,2026-10-07,0.8450704225352101,STOCK_CALENDAR_DIFFERENCE
ARKA,717,710,710,7,0,7,1.0098591549295775,2023-10-09,2026-10-06,0.9859154929577452,STOCK_CALENDAR_DIFFERENCE
ARKO,716,710,710,6,0,6,1.008450704225352,2023-10-09,2026-10-07,0.8450704225352101,STOCK_CALENDAR_DIFFERENCE
ARNA,717,710,710,7,0,7,1.0098591549295775,2023-10-09,2026-10-07,0.9859154929577452,STOCK_CALENDAR_DIFFERENCE
ARTA,717,710,710,7,0,7,1.0098591549295775,2023-10-09,2026-10-07,0.9859154929577452,STOCK_CALENDAR_DIFFERENCE
ARTI,720,710,710,10,0,10,1.0140845070422535,2023-10-09,2026-10-06,1.4084507042253502,STOCK_CALENDAR_DIFFERENCE
ARTO,716,710,710,6,0,6,1.008450704225352,2023-10-09,2026-10-07,0.8450704225352101,STOCK_CALENDAR_DIFFERENCE
ASBI,717,710,710,7,0,7,1.0098591549295775,2023-10-09,2026-10-07,0.9859154929577452,STOCK_CALENDAR_DIFFERENCE
ASDM,717,710,710,7,0,7,1.0098591549295775,2023-10-09,2026-10-07,0.9859154929577452,STOCK_CALENDAR_DIFFERENCE
ASGR,717,710,710,7,0,7,1.0098591549295775,2023-10-09,2026-10-07,0.9859154929577452,STOCK_CALENDAR_DIFFERENCE
ASHA,716,710,710,6,0,6,1.008450704225352,2023-10-09,2026-10-07,0.8450704225352101,STOCK_CALENDAR_DIFFERENCE
ASII,4120,4064,4063,57,1,56,1.013779527559055,2010-01-04,2026-10-05,1.3779527559055094,STOCK_CALENDAR_DIFFERENCE
ASJT,716,710,710,6,0,6,1.008450704225352,2023-10-09,2026-10-07,0.8450704225352101,STOCK_CALENDAR_DIFFERENCE
ASLC,716,710,710,6,0,6,1.008450704225352,2023-10-09,2026-10-07,0.8450704225352101,STOCK_CALENDAR_DIFFERENCE
ASLI,655,649,649,6,0,6,1.0092449922958397,2024-01-05,2026-10-07,0.9244992295839749,STOCK_CALENDAR_DIFFERENCE
ASMI,716,710,710,6,0,6,1.008450704225352,2023-10-09,2026-10-07,0.8450704225352101,STOCK_CALENDAR_DIFFERENCE
ASPI,715,710,710,5,0,5,1.0070422535211268,2023-10-09,2026-10-06,0.7042253521126751,STOCK_CALENDAR_DIFFERENCE
ASPR,307,301,301,6,0,6,1.0199335548172757,2025-07-08,2026-10-07,1.9933554817275656,STOCK_CALENDAR_DIFFERENCE
ASRI,716,710,710,6,0,6,1.008450704225352,2023-10-09,2026-10-07,0.8450704225352101,STOCK_CALENDAR_DIFFERENCE
ASRM,717,710,710,7,0,7,1.0098591549295775,2023-10-09,2026-10-07,0.9859154929577452,STOCK_CALENDAR_DIFFERENCE
ASSA,716,710,710,6,0,6,1.008450704225352,2023-10-09,2026-10-07,0.8450704225352101,STOCK_CALENDAR_DIFFERENCE
ATAP,716,710,710,6,0,6,1.008450704225352,2023-10-09,2026-10-07,0.8450704225352101,STOCK_CALENDAR_DIFFERENCE
ATIC,716,710,710,6,0,6,1.008450704225352,2023-10-09,2026-10-07,0.8450704225352101,STOCK_CALENDAR_DIFFERENCE
ATLA,595,589,589,6,0,6,1.0101867572156198,2024-04-16,2026-10-07,1.018675721561979,STOCK_CALENDAR_DIFFERENCE
AUTO,717,710,710,7,0,7,1.0098591549295775,2023-10-09,2026-10-07,0.9859154929577452,STOCK_CALENDAR_DIFFERENCE
AVIA,716,710,710,6,0,6,1.008450704225352,2023-10-09,2026-10-07,0.8450704225352101,STOCK_CALENDAR_DIFFERENCE
AWAN,716,710,710,6,0,6,1.008450704225352,2023-10-09,2026-10-07,0.8450704225352101,STOCK_CALENDAR_DIFFERENCE
AXIO,716,710,710,6,0,6,1.008450704225352,2023-10-09,2026-10-07,0.8450704225352101,STOCK_CALENDAR_DIFFERENCE
AYLS,716,710,710,6,0,6,1.008450704225352,2023-10-09,2026-10-07,0.8450704225352101,STOCK_CALENDAR_DIFFERENCE
BABP,717,710,710,7,0,7,1.0098591549295775,2023-10-09,2026-10-07,0.9859154929577452,STOCK_CALENDAR_DIFFERENCE
BABY,716,710,710,6,0,6,1.008450704225352,2023-10-09,2026-10-07,0.8450704225352101,STOCK_CALENDAR_DIFFERENCE
BACA,716,710,710,6,0,6,1.008450704225352,2023-10-09,2026-10-07,0.8450704225352101,STOCK_CALENDAR_DIFFERENCE
BAIK,632,623,623,9,0,9,1.014446227929374,2024-02-15,2026-10-07,1.4446227929374,STOCK_CALENDAR_DIFFERENCE
BAJA,717,710,710,7,0,7,1.0098591549295775,2023-10-09,2026-10-07,0.9859154929577452,STOCK_CALENDAR_DIFFERENCE
BALI,3081,3034,3025,56,9,47,1.0154911008569545,2014-03-13,2026-10-05,1.5491100856954487,STOCK_CALENDAR_DIFFERENCE
BANK,716,710,710,6,0,6,1.008450704225352,2023-10-09,2026-10-07,0.8450704225352101,STOCK_CALENDAR_DIFFERENCE
BAPA,719,710,710,9,0,9,1.0126760563380282,2023-10-09,2026-10-07,1.2676056338028152,STOCK_CALENDAR_DIFFERENCE
BAPI,716,710,710,6,0,6,1.008450704225352,2023-10-09,2026-10-07,0.8450704225352101,STOCK_CALENDAR_DIFFERENCE
BATA,717,710,710,7,0,7,1.0098591549295775,2023-10-09,2026-10-06,0.9859154929577452,STOCK_CALENDAR_DIFFERENCE
BATR,561,555,555,6,0,6,1.0108108108108107,2024-06-10,2026-10-07,1.08108108108107,STOCK_CALENDAR_DIFFERENCE
BAUT,716,710,710,6,0,6,1.008450704225352,2023-10-09,2026-10-07,0.8450704225352101,STOCK_CALENDAR_DIFFERENCE
BAYU,717,710,710,7,0,7,1.0098591549295775,2023-10-09,2026-10-07,0.9859154929577452,STOCK_CALENDAR_DIFFERENCE
BBCA,4120,4064,4064,56,0,56,1.013779527559055,2010-01-04,2026-10-05,1.3779527559055094,STOCK_CALENDAR_DIFFERENCE
BBHI,716,710,710,6,0,6,1.008450704225352,2023-10-09,2026-10-07,0.8450704225352101,STOCK_CALENDAR_DIFFERENCE
BBKP,717,710,710,7,0,7,1.0098591549295775,2023-10-09,2026-10-07,0.9859154929577452,STOCK_CALENDAR_DIFFERENCE
BBLD,716,710,710,6,0,6,1.008450704225352,2023-10-09,2026-10-07,0.8450704225352101,STOCK_CALENDAR_DIFFERENCE
BBMD,717,710,710,7,0,7,1.0098591549295775,2023-10-09,2026-10-07,0.9859154929577452,STOCK_CALENDAR_DIFFERENCE
BBNI,4121,4064,4064,57,0,57,1.014025590551181,2010-01-04,2026-10-05,1.4025590551181022,STOCK_CALENDAR_DIFFERENCE
BBRI,4121,4064,4064,57,0,57,1.014025590551181,2010-01-04,2026-10-05,1.4025590551181022,STOCK_CALENDAR_DIFFERENCE
BBRM,716,710,710,6,0,6,1.008450704225352,2023-10-09,2026-10-07,0.8450704225352101,STOCK_CALENDAR_DIFFERENCE
BBSI,716,710,710,6,0,6,1.008450704225352,2023-10-09,2026-10-07,0.8450704225352101,STOCK_CALENDAR_DIFFERENCE
BBSS,716,710,710,6,0,6,1.008450704225352,2023-10-09,2026-10-07,0.8450704225352101,STOCK_CALENDAR_DIFFERENCE
BBTN,716,710,710,6,0,6,1.008450704225352,2023-10-09,2026-10-07,0.8450704225352101,STOCK_CALENDAR_DIFFERENCE
BBYB,716,710,710,6,0,6,1.008450704225352,2023-10-09,2026-10-07,0.8450704225352101,STOCK_CALENDAR_DIFFERENCE
BCAP,717,710,710,7,0,7,1.0098591549295775,2023-10-09,2026-10-07,0.9859154929577452,STOCK_CALENDAR_DIFFERENCE
BCIC,716,710,710,6,0,6,1.008450704225352,2023-10-09,2026-10-07,0.8450704225352101,STOCK_CALENDAR_DIFFERENCE
BCIP,716,710,710,6,0,6,1.008450704225352,2023-10-09,2026-10-07,0.8450704225352101,STOCK_CALENDAR_DIFFERENCE
BDKR,716,710,710,6,0,6,1.008450704225352,2023-10-09,2026-10-07,0.8450704225352101,STOCK_CALENDAR_DIFFERENCE
BDMN,4121,4064,4064,57,0,57,1.014025590551181,2010-01-04,2026-10-05,1.4025590551181022,STOCK_CALENDAR_DIFFERENCE
BEBS,720,710,710,10,0,10,1.0140845070422535,2023-10-09,2026-10-06,1.4084507042253502,STOCK_CALENDAR_DIFFERENCE
BEEF,716,710,710,6,0,6,1.008450704225352,2023-10-09,2026-10-07,0.8450704225352101,STOCK_CALENDAR_DIFFERENCE
BEER,716,710,710,6,0,6,1.008450704225352,2023-10-09,2026-10-07,0.8450704225352101,STOCK_CALENDAR_DIFFERENCE
BEKS,716,710,710,6,0,6,1.008450704225352,2023-10-09,2026-10-07,0.8450704225352101,STOCK_CALENDAR_DIFFERENCE
BELI,716,710,710,6,0,6,1.008450704225352,2023-10-09,2026-10-07,0.8450704225352101,STOCK_CALENDAR_DIFFERENCE
BELL,716,710,710,6,0,6,1.008450704225352,2023-10-09,2026-10-07,0.8450704225352101,STOCK_CALENDAR_DIFFERENCE
BESS,716,710,710,6,0,6,1.008450704225352,2023-10-09,2026-10-07,0.8450704225352101,STOCK_CALENDAR_DIFFERENCE
BEST,716,710,710,6,0,6,1.008450704225352,2023-10-09,2026-10-07,0.8450704225352101,STOCK_CALENDAR_DIFFERENCE
BFIN,717,710,710,7,0,7,1.0098591549295775,2023-10-09,2026-10-07,0.9859154929577452,STOCK_CALENDAR_DIFFERENCE
BGTG,716,710,710,6,0,6,1.008450704225352,2023-10-09,2026-10-07,0.8450704225352101,STOCK_CALENDAR_DIFFERENCE
BHAT,717,710,710,7,0,7,1.0098591549295775,2023-10-09,2026-10-06,0.9859154929577452,STOCK_CALENDAR_DIFFERENCE
BHIT,717,710,710,7,0,7,1.0098591549295775,2023-10-09,2026-10-07,0.9859154929577452,STOCK_CALENDAR_DIFFERENCE
BIKA,720,710,710,10,0,10,1.0140845070422535,2023-10-09,2026-10-06,1.4084507042253502,STOCK_CALENDAR_DIFFERENCE
BIKE,719,710,710,9,0,9,1.0126760563380282,2023-10-09,2026-10-06,1.2676056338028152,STOCK_CALENDAR_DIFFERENCE
BIMA,720,710,710,10,0,10,1.0140845070422535,2023-10-09,2026-10-06,1.4084507042253502,STOCK_CALENDAR_DIFFERENCE
BINA,716,710,710,6,0,6,1.008450704225352,2023-10-09,2026-10-07,0.8450704225352101,STOCK_CALENDAR_DIFFERENCE
BINO,716,710,710,6,0,6,1.008450704225352,2023-10-09,2026-10-07,0.8450704225352101,STOCK_CALENDAR_DIFFERENCE
BIPI,716,710,710,6,0,6,1.008450704225352,2023-10-09,2026-10-07,0.8450704225352101,STOCK_CALENDAR_DIFFERENCE
BIPP,717,710,710,7,0,7,1.0098591549295775,2023-10-09,2026-10-07,0.9859154929577452,STOCK_CALENDAR_DIFFERENCE
BIRD,716,710,710,6,0,6,1.008450704225352,2023-10-09,2026-10-07,0.8450704225352101,STOCK_CALENDAR_DIFFERENCE
BISI,716,710,710,6,0,6,1.008450704225352,2023-10-09,2026-10-07,0.8450704225352101,STOCK_CALENDAR_DIFFERENCE
BJBR,3992,3936,3936,56,0,56,1.0142276422764227,2010-07-08,2026-10-05,1.4227642276422703,STOCK_CALENDAR_DIFFERENCE
BJTM,3494,3439,3438,56,1,55,1.015993021227101,2012-07-12,2026-10-05,1.599302122710089,STOCK_CALENDAR_DIFFERENCE
BKDP,720,710,710,10,0,10,1.0140845070422535,2023-10-09,2026-10-07,1.4084507042253502,STOCK_CALENDAR_DIFFERENCE
BKSL,4121,4064,4064,57,0,57,1.014025590551181,2010-01-04,2026-10-05,1.4025590551181022,STOCK_CALENDAR_DIFFERENCE
BKSW,717,710,710,7,0,7,1.0098591549295775,2023-10-09,2026-10-07,0.9859154929577452,STOCK_CALENDAR_DIFFERENCE
BLES,543,537,537,6,0,6,1.011173184357542,2024-07-08,2026-10-07,1.1173184357541999,STOCK_CALENDAR_DIFFERENCE
BLOG,305,299,299,6,0,6,1.020066889632107,2025-07-10,2026-10-07,2.006688963210701,STOCK_CALENDAR_DIFFERENCE
BLTA,717,710,710,7,0,7,1.0098591549295775,2023-10-09,2026-10-07,0.9859154929577452,STOCK_CALENDAR_DIFFERENCE
BLTZ,718,710,710,8,0,8,1.0112676056338028,2023-10-09,2026-10-07,1.1267605633802802,STOCK_CALENDAR_DIFFERENCE
BLUE,716,710,710,6,0,6,1.008450704225352,2023-10-09,2026-10-07,0.8450704225352101,STOCK_CALENDAR_DIFFERENCE
BMAS,716,710,710,6,0,6,1.008450704225352,2023-10-09,2026-10-07,0.8450704225352101,STOCK_CALENDAR_DIFFERENCE
BMBL,716,710,710,6,0,6,1.008450704225352,2023-10-09,2026-10-07,0.8450704225352101,STOCK_CALENDAR_DIFFERENCE
BMHS,716,710,710,6,0,6,1.008450704225352,2023-10-09,2026-10-07,0.8450704225352101,STOCK_CALENDAR_DIFFERENCE
BMRI,4121,4064,4064,57,0,57,1.014025590551181,2010-01-04,2026-10-05,1.4025590551181022,STOCK_CALENDAR_DIFFERENCE
BMSR,717,710,710,7,0,7,1.0098591549295775,2023-10-09,2026-10-07,0.9859154929577452,STOCK_CALENDAR_DIFFERENCE
BMTR,717,710,710,7,0,7,1.0098591549295775,2023-10-09,2026-10-07,0.9859154929577452,STOCK_CALENDAR_DIFFERENCE
BNBA,716,710,710,6,0,6,1.008450704225352,2023-10-09,2026-10-07,0.8450704225352101,STOCK_CALENDAR_DIFFERENCE
BNBR,720,710,710,10,0,10,1.0140845070422535,2023-10-09,2026-10-07,1.4084507042253502,STOCK_CALENDAR_DIFFERENCE
BNGA,4120,4064,4063,57,1,56,1.013779527559055,2010-01-04,2026-10-05,1.3779527559055094,STOCK_CALENDAR_DIFFERENCE
BNII,4120,4064,4063,57,1,56,1.013779527559055,2010-01-04,2026-10-05,1.3779527559055094,STOCK_CALENDAR_DIFFERENCE
BNLI,4121,4064,4064,57,0,57,1.014025590551181,2010-01-04,2026-10-05,1.4025590551181022,STOCK_CALENDAR_DIFFERENCE
BOAT,453,447,447,6,0,6,1.0134228187919463,2024-11-12,2026-10-07,1.342281879194629,STOCK_CALENDAR_DIFFERENCE
BOBA,716,710,710,6,0,6,1.008450704225352,2023-10-09,2026-10-07,0.8450704225352101,STOCK_CALENDAR_DIFFERENCE
BOGA,717,710,710,7,0,7,1.0098591549295775,2023-10-09,2026-10-07,0.9859154929577452,STOCK_CALENDAR_DIFFERENCE
BOLA,716,710,710,6,0,6,1.008450704225352,2023-10-09,2026-10-07,0.8450704225352101,STOCK_CALENDAR_DIFFERENCE
BOLT,2758,2713,2704,54,9,45,1.0165868042757096,2015-07-07,2026-10-05,1.6586804275709577,STOCK_CALENDAR_DIFFERENCE
BOSS,720,710,710,10,0,10,1.0140845070422535,2023-10-09,2026-10-06,1.4084507042253502,STOCK_CALENDAR_DIFFERENCE
BPFI,716,710,710,6,0,6,1.008450704225352,2023-10-09,2026-10-07,0.8450704225352101,STOCK_CALENDAR_DIFFERENCE
BPII,715,710,710,5,0,5,1.0070422535211268,2023-10-09,2026-10-06,0.7042253521126751,STOCK_CALENDAR_DIFFERENCE
BPTR,716,710,710,6,0,6,1.008450704225352,2023-10-09,2026-10-07,0.8450704225352101,STOCK_CALENDAR_DIFFERENCE
BRAM,716,710,710,6,0,6,1.008450704225352,2023-10-09,2026-10-06,0.8450704225352101,STOCK_CALENDAR_DIFFERENCE
BREN,716,710,710,6,0,6,1.008450704225352,2023-10-09,2026-10-07,0.8450704225352101,STOCK_CALENDAR_DIFFERENCE
BRIS,716,710,710,6,0,6,1.008450704225352,2023-10-09,2026-10-07,0.8450704225352101,STOCK_CALENDAR_DIFFERENCE
BRMS,3890,3834,3834,56,0,56,1.0146061554512258,2010-12-09,2026-10-05,1.4606155451225789,STOCK_CALENDAR_DIFFERENCE
BRNA,717,710,710,7,0,7,1.0098591549295775,2023-10-09,2026-10-07,0.9859154929577452,STOCK_CALENDAR_DIFFERENCE
BRPT,717,710,710,7,0,7,1.0098591549295775,2023-10-09,2026-10-07,0.9859154929577452,STOCK_CALENDAR_DIFFERENCE
BSBK,716,710,710,6,0,6,1.008450704225352,2023-10-09,2026-10-07,0.8450704225352101,STOCK_CALENDAR_DIFFERENCE
BSDE,4119,4064,4063,56,1,55,1.0135334645669292,2010-01-04,2026-10-05,1.3533464566929165,STOCK_CALENDAR_DIFFERENCE
BSIM,3849,3794,3793,56,1,55,1.014496573537164,2011-02-08,2026-10-05,1.4496573537164048,STOCK_CALENDAR_DIFFERENCE
BSML,716,710,710,6,0,6,1.008450704225352,2023-10-09,2026-10-07,0.8450704225352101,STOCK_CALENDAR_DIFFERENCE
BSSR,716,710,710,6,0,6,1.008450704225352,2023-10-09,2026-10-07,0.8450704225352101,STOCK_CALENDAR_DIFFERENCE
BSWD,719,710,710,9,0,9,1.0126760563380282,2023-10-09,2026-10-06,1.2676056338028152,STOCK_CALENDAR_DIFFERENCE
BTEK,716,710,710,6,0,6,1.008450704225352,2023-10-09,2026-10-07,0.8450704225352101,STOCK_CALENDAR_DIFFERENCE
BTON,717,710,710,7,0,7,1.0098591549295775,2023-10-09,2026-10-07,0.9859154929577452,STOCK_CALENDAR_DIFFERENCE
BTPN,4119,4064,4063,56,1,55,1.0135334645669292,2010-01-04,2026-10-05,1.3533464566929165,STOCK_CALENDAR_DIFFERENCE
BTPS,716,710,710,6,0,6,1.008450704225352,2023-10-09,2026-10-07,0.8450704225352101,STOCK_CALENDAR_DIFFERENCE
BUAH,716,710,710,6,0,6,1.008450704225352,2023-10-09,2026-10-07,0.8450704225352101,STOCK_CALENDAR_DIFFERENCE
BUDI,4120,4064,4063,57,1,56,1.013779527559055,2010-01-04,2026-10-05,1.3779527559055094,STOCK_CALENDAR_DIFFERENCE
BUKA,1243,1239,1239,4,0,4,1.003228410008071,2021-08-06,2026-10-05,0.32284100080710587,STOCK_CALENDAR_DIFFERENCE
BUKK,717,710,710,7,0,7,1.0098591549295775,2023-10-09,2026-10-07,0.9859154929577452,STOCK_CALENDAR_DIFFERENCE
BULL,716,710,710,6,0,6,1.008450704225352,2023-10-09,2026-10-07,0.8450704225352101,STOCK_CALENDAR_DIFFERENCE
BUMI,717,710,710,7,0,7,1.0098591549295775,2023-10-09,2026-10-07,0.9859154929577452,STOCK_CALENDAR_DIFFERENCE
BUVA,716,710,710,6,0,6,1.008450704225352,2023-10-09,2026-10-07,0.8450704225352101,STOCK_CALENDAR_DIFFERENCE
BVIC,716,710,710,6,0,6,1.008450704225352,2023-10-09,2026-10-07,0.8450704225352101,STOCK_CALENDAR_DIFFERENCE
BWPT,716,710,710,6,0,6,1.008450704225352,2023-10-09,2026-10-07,0.8450704225352101,STOCK_CALENDAR_DIFFERENCE
BYAN,716,710,710,6,0,6,1.008450704225352,2023-10-09,2026-10-07,0.8450704225352101,STOCK_CALENDAR_DIFFERENCE
CAKK,716,710,710,6,0,6,1.008450704225352,2023-10-09,2026-10-07,0.8450704225352101,STOCK_CALENDAR_DIFFERENCE
CAMP,716,710,710,6,0,6,1.008450704225352,2023-10-09,2026-10-07,0.8450704225352101,STOCK_CALENDAR_DIFFERENCE
CANI,717,710,710,7,0,7,1.0098591549295775,2023-10-09,2026-10-06,0.9859154929577452,STOCK_CALENDAR_DIFFERENCE
CARE,716,710,710,6,0,6,1.008450704225352,2023-10-09,2026-10-07,0.8450704225352101,STOCK_CALENDAR_DIFFERENCE
CARS,716,710,710,6,0,6,1.008450704225352,2023-10-09,2026-10-07,0.8450704225352101,STOCK_CALENDAR_DIFFERENCE
CASA,716,710,710,6,0,6,1.008450704225352,2023-10-09,2026-10-07,0.8450704225352101,STOCK_CALENDAR_DIFFERENCE
CASH,716,710,710,6,0,6,1.008450704225352,2023-10-09,2026-10-07,0.8450704225352101,STOCK_CALENDAR_DIFFERENCE
CASS,716,710,710,6,0,6,1.008450704225352,2023-10-09,2026-10-07,0.8450704225352101,STOCK_CALENDAR_DIFFERENCE
CBDK,414,408,408,6,0,6,1.0147058823529411,2025-01-13,2026-10-07,1.4705882352941124,STOCK_CALENDAR_DIFFERENCE
CBPE,716,710,710,6,0,6,1.008450704225352,2023-10-09,2026-10-07,0.8450704225352101,STOCK_CALENDAR_DIFFERENCE
CBRE,716,710,710,6,0,6,1.008450704225352,2023-10-09,2026-10-07,0.8450704225352101,STOCK_CALENDAR_DIFFERENCE
CBUT,716,710,710,6,0,6,1.008450704225352,2023-10-09,2026-10-07,0.8450704225352101,STOCK_CALENDAR_DIFFERENCE
CCSI,716,710,710,6,0,6,1.008450704225352,2023-10-09,2026-10-07,0.8450704225352101,STOCK_CALENDAR_DIFFERENCE
CDIA,306,300,300,6,0,6,1.02,2025-07-09,2026-10-07,2.0000000000000018,STOCK_CALENDAR_DIFFERENCE
CEKA,4120,4064,4063,57,1,56,1.013779527559055,2010-01-04,2026-10-05,1.3779527559055094,STOCK_CALENDAR_DIFFERENCE
CENT,717,710,710,7,0,7,1.0098591549295775,2023-10-09,2026-10-07,0.9859154929577452,STOCK_CALENDAR_DIFFERENCE
CFIN,717,710,710,7,0,7,1.0098591549295775,2023-10-09,2026-10-07,0.9859154929577452,STOCK_CALENDAR_DIFFERENCE
CGAS,654,648,648,6,0,6,1.0092592592592593,2024-01-08,2026-10-07,0.92592592592593,STOCK_CALENDAR_DIFFERENCE
CHEK,305,299,299,6,0,6,1.020066889632107,2025-07-10,2026-10-07,2.006688963210701,STOCK_CALENDAR_DIFFERENCE
CHEM,716,710,710,6,0,6,1.008450704225352,2023-10-09,2026-10-07,0.8450704225352101,STOCK_CALENDAR_DIFFERENCE
CHIP,716,710,710,6,0,6,1.008450704225352,2023-10-09,2026-10-07,0.8450704225352101,STOCK_CALENDAR_DIFFERENCE
CINT,716,710,710,6,0,6,1.008450704225352,2023-10-09,2026-10-07,0.8450704225352101,STOCK_CALENDAR_DIFFERENCE
CITA,716,710,710,6,0,6,1.008450704225352,2023-10-09,2026-10-07,0.8450704225352101,STOCK_CALENDAR_DIFFERENCE
CITY,716,710,710,6,0,6,1.008450704225352,2023-10-09,2026-10-07,0.8450704225352101,STOCK_CALENDAR_DIFFERENCE
CLAY,716,710,710,6,0,6,1.008450704225352,2023-10-09,2026-10-07,0.8450704225352101,STOCK_CALENDAR_DIFFERENCE
CLEO,2318,2268,2268,50,0,50,1.0220458553791887,2017-05-05,2026-10-05,2.2045855379188684,STOCK_CALENDAR_DIFFERENCE
CLPI,717,710,710,7,0,7,1.0098591549295775,2023-10-09,2026-10-07,0.9859154929577452,STOCK_CALENDAR_DIFFERENCE
CMNP,717,710,710,7,0,7,1.0098591549295775,2023-10-09,2026-10-07,0.9859154929577452,STOCK_CALENDAR_DIFFERENCE
CMNT,716,710,710,6,0,6,1.008450704225352,2023-10-09,2026-10-07,0.8450704225352101,STOCK_CALENDAR_DIFFERENCE
CMPP,717,710,710,7,0,7,1.0098591549295775,2023-10-09,2026-10-06,0.9859154929577452,STOCK_CALENDAR_DIFFERENCE
CMRY,716,710,710,6,0,6,1.008450704225352,2023-10-09,2026-10-07,0.8450704225352101,STOCK_CALENDAR_DIFFERENCE
CNKO,717,710,710,7,0,7,1.0098591549295775,2023-10-09,2026-10-06,0.9859154929577452,STOCK_CALENDAR_DIFFERENCE
CNMA,716,710,710,6,0,6,1.008450704225352,2023-10-09,2026-10-07,0.8450704225352101,STOCK_CALENDAR_DIFFERENCE
COAL,717,710,710,7,0,7,1.0098591549295775,2023-10-09,2026-10-06,0.9859154929577452,STOCK_CALENDAR_DIFFERENCE
COCO,716,710,710,6,0,6,1.008450704225352,2023-10-09,2026-10-07,0.8450704225352101,STOCK_CALENDAR_DIFFERENCE
COIN,306,300,300,6,0,6,1.02,2025-07-09,2026-10-07,2.0000000000000018,STOCK_CALENDAR_DIFFERENCE
CPIN,716,710,710,6,0,6,1.008450704225352,2023-10-09,2026-10-07,0.8450704225352101,STOCK_CALENDAR_DIFFERENCE
CPRO,717,710,710,7,0,7,1.0098591549295775,2023-10-09,2026-10-07,0.9859154929577452,STOCK_CALENDAR_DIFFERENCE
CRAB,718,710,710,8,0,8,1.0112676056338028,2023-10-09,2026-10-07,1.1267605633802802,STOCK_CALENDAR_DIFFERENCE
CRSN,716,710,710,6,0,6,1.008450704225352,2023-10-09,2026-10-07,0.8450704225352101,STOCK_CALENDAR_DIFFERENCE
CSAP,716,710,710,6,0,6,1.008450704225352,2023-10-09,2026-10-07,0.8450704225352101,STOCK_CALENDAR_DIFFERENCE
CSIS,716,710,710,6,0,6,1.008450704225352,2023-10-09,2026-10-07,0.8450704225352101,STOCK_CALENDAR_DIFFERENCE
CSMI,717,710,710,7,0,7,1.0098591549295775,2023-10-09,2026-10-06,0.9859154929577452,STOCK_CALENDAR_DIFFERENCE
CSRA,716,710,710,6,0,6,1.008450704225352,2023-10-09,2026-10-07,0.8450704225352101,STOCK_CALENDAR_DIFFERENCE
CTBN,717,710,710,7,0,7,1.0098591549295775,2023-10-09,2026-10-07,0.9859154929577452,STOCK_CALENDAR_DIFFERENCE
CTRA,4120,4064,4063,57,1,56,1.013779527559055,2010-01-04,2026-10-05,1.3779527559055094,STOCK_CALENDAR_DIFFERENCE
CTTH,717,710,710,7,0,7,1.0098591549295775,2023-10-09,2026-10-07,0.9859154929577452,STOCK_CALENDAR_DIFFERENCE
CUAN,716,710,710,6,0,6,1.008450704225352,2023-10-09,2026-10-07,0.8450704225352101,STOCK_CALENDAR_DIFFERENCE
CYBR,717,710,710,7,0,7,1.0098591549295775,2023-10-09,2026-10-07,0.9859154929577452,STOCK_CALENDAR_DIFFERENCE
DAAZ,454,448,448,6,0,6,1.0133928571428572,2024-11-11,2026-10-07,1.3392857142857206,STOCK_CALENDAR_DIFFERENCE
DADA,716,710,710,6,0,6,1.008450704225352,2023-10-09,2026-10-07,0.8450704225352101,STOCK_CALENDAR_DIFFERENCE
DART,717,710,710,7,0,7,1.0098591549295775,2023-10-09,2026-10-07,0.9859154929577452,STOCK_CALENDAR_DIFFERENCE
DATA,581,575,575,6,0,6,1.0104347826086957,2024-05-07,2026-10-07,1.043478260869568,STOCK_CALENDAR_DIFFERENCE
DAYA,716,710,710,6,0,6,1.008450704225352,2023-10-09,2026-10-07,0.8450704225352101,STOCK_CALENDAR_DIFFERENCE
DCII,716,710,710,6,0,6,1.008450704225352,2023-10-09,2026-10-07,0.8450704225352101,STOCK_CALENDAR_DIFFERENCE
DEAL,720,710,710,10,0,10,1.0140845070422535,2023-10-09,2026-10-06,1.4084507042253502,STOCK_CALENDAR_DIFFERENCE
DEFI,717,710,710,7,0,7,1.0098591549295775,2023-10-09,2026-10-07,0.9859154929577452,STOCK_CALENDAR_DIFFERENCE
DEPO,716,710,710,6,0,6,1.008450704225352,2023-10-09,2026-10-07,0.8450704225352101,STOCK_CALENDAR_DIFFERENCE
DEWA,716,710,710,6,0,6,1.008450704225352,2023-10-09,2026-10-07,0.8450704225352101,STOCK_CALENDAR_DIFFERENCE
DEWI,716,710,710,6,0,6,1.008450704225352,2023-10-09,2026-10-07,0.8450704225352101,STOCK_CALENDAR_DIFFERENCE
DFAM,716,710,710,6,0,6,1.008450704225352,2023-10-09,2026-10-07,0.8450704225352101,STOCK_CALENDAR_DIFFERENCE
DGIK,717,710,710,7,0,7,1.0098591549295775,2023-10-09,2026-10-07,0.9859154929577452,STOCK_CALENDAR_DIFFERENCE
DGNS,716,710,710,6,0,6,1.008450704225352,2023-10-09,2026-10-07,0.8450704225352101,STOCK_CALENDAR_DIFFERENCE
DGWG,414,408,408,6,0,6,1.0147058823529411,2025-01-13,2026-10-07,1.4705882352941124,STOCK_CALENDAR_DIFFERENCE
DIGI,717,710,710,7,0,7,1.0098591549295775,2023-10-09,2026-10-06,0.9859154929577452,STOCK_CALENDAR_DIFFERENCE
DILD,717,710,710,7,0,7,1.0098591549295775,2023-10-09,2026-10-07,0.9859154929577452,STOCK_CALENDAR_DIFFERENCE
DIVA,716,710,710,6,0,6,1.008450704225352,2023-10-09,2026-10-07,0.8450704225352101,STOCK_CALENDAR_DIFFERENCE
DKFT,716,710,710,6,0,6,1.008450704225352,2023-10-09,2026-10-07,0.8450704225352101,STOCK_CALENDAR_DIFFERENCE
DKHH,343,337,337,6,0,6,1.0178041543026706,2025-05-08,2026-10-07,1.7804154302670572,STOCK_CALENDAR_DIFFERENCE
DLTA,4120,4064,4063,57,1,56,1.013779527559055,2010-01-04,2026-10-05,1.3779527559055094,STOCK_CALENDAR_DIFFERENCE
DMAS,716,710,710,6,0,6,1.008450704225352,2023-10-09,2026-10-07,0.8450704225352101,STOCK_CALENDAR_DIFFERENCE
DMMX,716,710,710,6,0,6,1.008450704225352,2023-10-09,2026-10-07,0.8450704225352101,STOCK_CALENDAR_DIFFERENCE
DMND,716,710,710,6,0,6,1.008450704225352,2023-10-09,2026-10-07,0.8450704225352101,STOCK_CALENDAR_DIFFERENCE
DNAR,716,710,710,6,0,6,1.008450704225352,2023-10-09,2026-10-07,0.8450704225352101,STOCK_CALENDAR_DIFFERENCE
DNET,717,710,710,7,0,7,1.0098591549295775,2023-10-09,2026-10-07,0.9859154929577452,STOCK_CALENDAR_DIFFERENCE
DOID,716,710,710,6,0,6,1.008450704225352,2023-10-09,2026-10-07,0.8450704225352101,STOCK_CALENDAR_DIFFERENCE
DOOH,718,710,710,8,0,8,1.0112676056338028,2023-10-09,2026-10-07,1.1267605633802802,STOCK_CALENDAR_DIFFERENCE
DOSS,521,515,515,6,0,6,1.0116504854368933,2024-08-07,2026-10-07,1.1650485436893288,STOCK_CALENDAR_DIFFERENCE
DPNS,720,710,710,10,0,10,1.0140845070422535,2023-10-09,2026-10-06,1.4084507042253502,STOCK_CALENDAR_DIFFERENCE
DPUM,716,710,710,6,0,6,1.008450704225352,2023-10-09,2026-10-07,0.8450704225352101,STOCK_CALENDAR_DIFFERENCE
DRMA,716,710,710,6,0,6,1.008450704225352,2023-10-09,2026-10-07,0.8450704225352101,STOCK_CALENDAR_DIFFERENCE
DSFI,717,710,710,7,0,7,1.0098591549295775,2023-10-09,2026-10-07,0.9859154929577452,STOCK_CALENDAR_DIFFERENCE
DSNG,716,710,710,6,0,6,1.008450704225352,2023-10-09,2026-10-07,0.8450704225352101,STOCK_CALENDAR_DIFFERENCE
DSSA,716,710,710,6,0,6,1.008450704225352,2023-10-09,2026-10-07,0.8450704225352101,STOCK_CALENDAR_DIFFERENCE
DUTI,716,710,710,6,0,6,1.008450704225352,2023-10-09,2026-10-06,0.8450704225352101,STOCK_CALENDAR_DIFFERENCE
DVLA,4120,4064,4063,57,1,56,1.013779527559055,2010-01-04,2026-10-05,1.3779527559055094,STOCK_CALENDAR_DIFFERENCE
DWGL,716,710,710,6,0,6,1.008450704225352,2023-10-09,2026-10-07,0.8450704225352101,STOCK_CALENDAR_DIFFERENCE
DYAN,716,710,710,6,0,6,1.008450704225352,2023-10-09,2026-10-07,0.8450704225352101,STOCK_CALENDAR_DIFFERENCE
EAST,716,710,710,6,0,6,1.008450704225352,2023-10-09,2026-10-07,0.8450704225352101,STOCK_CALENDAR_DIFFERENCE
ECII,716,710,710,6,0,6,1.008450704225352,2023-10-09,2026-10-07,0.8450704225352101,STOCK_CALENDAR_DIFFERENCE
EDGE,720,710,710,10,0,10,1.0140845070422535,2023-10-09,2026-10-06,1.4084507042253502,STOCK_CALENDAR_DIFFERENCE
EKAD,716,710,710,6,0,6,1.008450704225352,2023-10-09,2026-10-07,0.8450704225352101,STOCK_CALENDAR_DIFFERENCE
ELIT,716,710,710,6,0,6,1.008450704225352,2023-10-09,2026-10-07,0.8450704225352101,STOCK_CALENDAR_DIFFERENCE
ELPI,717,710,710,7,0,7,1.0098591549295775,2023-10-09,2026-10-07,0.9859154929577452,STOCK_CALENDAR_DIFFERENCE
ELSA,4120,4064,4063,57,1,56,1.013779527559055,2010-01-04,2026-10-05,1.3779527559055094,STOCK_CALENDAR_DIFFERENCE
ELTY,717,710,710,7,0,7,1.0098591549295775,2023-10-09,2026-10-07,0.9859154929577452,STOCK_CALENDAR_DIFFERENCE
EMAS,254,248,248,6,0,6,1.0241935483870968,2025-09-23,2026-10-07,2.4193548387096753,STOCK_CALENDAR_DIFFERENCE
EMDE,716,710,710,6,0,6,1.008450704225352,2023-10-09,2026-10-07,0.8450704225352101,STOCK_CALENDAR_DIFFERENCE
EMTK,4114,4058,4058,56,0,56,1.0137999014292756,2010-01-12,2026-10-05,1.3799901429275563,STOCK_CALENDAR_DIFFERENCE
ENAK,716,710,710,6,0,6,1.008450704225352,2023-10-09,2026-10-07,0.8450704225352101,STOCK_CALENDAR_DIFFERENCE
ENRG,718,710,710,8,0,8,1.0112676056338028,2023-10-09,2026-10-07,1.1267605633802802,STOCK_CALENDAR_DIFFERENCE
ENZO,716,710,710,6,0,6,1.008450704225352,2023-10-09,2026-10-07,0.8450704225352101,STOCK_CALENDAR_DIFFERENCE
EPAC,716,710,710,6,0,6,1.008450704225352,2023-10-09,2026-10-07,0.8450704225352101,STOCK_CALENDAR_DIFFERENCE
EPMT,717,710,710,7,0,7,1.0098591549295775,2023-10-09,2026-10-07,0.9859154929577452,STOCK_CALENDAR_DIFFERENCE
ERAA,716,710,710,6,0,6,1.008450704225352,2023-10-09,2026-10-07,0.8450704225352101,STOCK_CALENDAR_DIFFERENCE
ERAL,716,710,710,6,0,6,1.008450704225352,2023-10-09,2026-10-07,0.8450704225352101,STOCK_CALENDAR_DIFFERENCE
ERTX,717,710,710,7,0,7,1.0098591549295775,2023-10-09,2026-10-07,0.9859154929577452,STOCK_CALENDAR_DIFFERENCE
ESIP,716,710,710,6,0,6,1.008450704225352,2023-10-09,2026-10-07,0.8450704225352101,STOCK_CALENDAR_DIFFERENCE
ESSA,716,710,710,6,0,6,1.008450704225352,2023-10-09,2026-10-07,0.8450704225352101,STOCK_CALENDAR_DIFFERENCE
ESTA,716,710,710,6,0,6,1.008450704225352,2023-10-09,2026-10-07,0.8450704225352101,STOCK_CALENDAR_DIFFERENCE
ESTI,717,710,710,7,0,7,1.0098591549295775,2023-10-09,2026-10-07,0.9859154929577452,STOCK_CALENDAR_DIFFERENCE
ETWA,720,710,710,10,0,10,1.0140845070422535,2023-10-09,2026-10-06,1.4084507042253502,STOCK_CALENDAR_DIFFERENCE
EURO,716,710,710,6,0,6,1.008450704225352,2023-10-09,2026-10-07,0.8450704225352101,STOCK_CALENDAR_DIFFERENCE
EXCL,4120,4064,4064,56,0,56,1.013779527559055,2010-01-04,2026-10-05,1.3779527559055094,STOCK_CALENDAR_DIFFERENCE
FAPA,715,710,710,5,0,5,1.0070422535211268,2023-10-09,2026-10-06,0.7042253521126751,STOCK_CALENDAR_DIFFERENCE
FAST,717,710,710,7,0,7,1.0098591549295775,2023-10-09,2026-10-07,0.9859154929577452,STOCK_CALENDAR_DIFFERENCE
FASW,720,710,710,10,0,10,1.0140845070422535,2023-10-09,2026-10-06,1.4084507042253502,STOCK_CALENDAR_DIFFERENCE
FILM,716,710,710,6,0,6,1.008450704225352,2023-10-09,2026-10-07,0.8450704225352101,STOCK_CALENDAR_DIFFERENCE
FIMP,720,710,710,10,0,10,1.0140845070422535,2023-10-09,2026-10-06,1.4084507042253502,STOCK_CALENDAR_DIFFERENCE
FIRE,716,710,710,6,0,6,1.008450704225352,2023-10-09,2026-10-07,0.8450704225352101,STOCK_CALENDAR_DIFFERENCE
FISH,716,710,710,6,0,6,1.008450704225352,2023-10-09,2026-10-07,0.8450704225352101,STOCK_CALENDAR_DIFFERENCE
FITT,716,710,710,6,0,6,1.008450704225352,2023-10-09,2026-10-07,0.8450704225352101,STOCK_CALENDAR_DIFFERENCE
FLMC,716,710,710,6,0,6,1.008450704225352,2023-10-09,2026-10-07,0.8450704225352101,STOCK_CALENDAR_DIFFERENCE
FMII,717,710,710,7,0,7,1.0098591549295775,2023-10-09,2026-10-07,0.9859154929577452,STOCK_CALENDAR_DIFFERENCE
FOLK,716,710,710,6,0,6,1.008450704225352,2023-10-09,2026-10-07,0.8450704225352101,STOCK_CALENDAR_DIFFERENCE
FOOD,717,710,710,7,0,7,1.0098591549295775,2023-10-09,2026-10-06,0.9859154929577452,STOCK_CALENDAR_DIFFERENCE
FORE,359,353,353,6,0,6,1.0169971671388103,2025-04-14,2026-10-07,1.6997167138810276,STOCK_CALENDAR_DIFFERENCE
FORU,718,710,710,8,0,8,1.0112676056338028,2023-10-09,2026-10-07,1.1267605633802802,STOCK_CALENDAR_DIFFERENCE
FPNI,717,710,710,7,0,7,1.0098591549295775,2023-10-09,2026-10-07,0.9859154929577452,STOCK_CALENDAR_DIFFERENCE
FUJI,716,710,710,6,0,6,1.008450704225352,2023-10-09,2026-10-07,0.8450704225352101,STOCK_CALENDAR_DIFFERENCE
FUTR,716,710,710,6,0,6,1.008450704225352,2023-10-09,2026-10-07,0.8450704225352101,STOCK_CALENDAR_DIFFERENCE
FWCT,716,710,710,6,0,6,1.008450704225352,2023-10-09,2026-10-07,0.8450704225352101,STOCK_CALENDAR_DIFFERENCE
GDST,716,710,710,6,0,6,1.008450704225352,2023-10-09,2026-10-07,0.8450704225352101,STOCK_CALENDAR_DIFFERENCE
GDYR,717,710,710,7,0,7,1.0098591549295775,2023-10-09,2026-10-07,0.9859154929577452,STOCK_CALENDAR_DIFFERENCE
GEMA,717,710,710,7,0,7,1.0098591549295775,2023-10-09,2026-10-07,0.9859154929577452,STOCK_CALENDAR_DIFFERENCE
GEMS,716,710,710,6,0,6,1.008450704225352,2023-10-09,2026-10-07,0.8450704225352101,STOCK_CALENDAR_DIFFERENCE
GGRM,4120,4064,4063,57,1,56,1.013779527559055,2010-01-04,2026-10-05,1.3779527559055094,STOCK_CALENDAR_DIFFERENCE
GGRP,716,710,710,6,0,6,1.008450704225352,2023-10-09,2026-10-07,0.8450704225352101,STOCK_CALENDAR_DIFFERENCE
GHON,716,710,710,6,0,6,1.008450704225352,2023-10-09,2026-10-07,0.8450704225352101,STOCK_CALENDAR_DIFFERENCE
GIAA,716,710,710,6,0,6,1.008450704225352,2023-10-09,2026-10-07,0.8450704225352101,STOCK_CALENDAR_DIFFERENCE
GJTL,4120,4064,4063,57,1,56,1.013779527559055,2010-01-04,2026-10-05,1.3779527559055094,STOCK_CALENDAR_DIFFERENCE
GLOB,720,710,710,10,0,10,1.0140845070422535,2023-10-09,2026-10-06,1.4084507042253502,STOCK_CALENDAR_DIFFERENCE
GLVA,716,710,710,6,0,6,1.008450704225352,2023-10-09,2026-10-07,0.8450704225352101,STOCK_CALENDAR_DIFFERENCE
GMFI,716,710,710,6,0,6,1.008450704225352,2023-10-09,2026-10-07,0.8450704225352101,STOCK_CALENDAR_DIFFERENCE
GMTD,717,710,710,7,0,7,1.0098591549295775,2023-10-09,2026-10-07,0.9859154929577452,STOCK_CALENDAR_DIFFERENCE
GOLD,716,710,710,6,0,6,1.008450704225352,2023-10-09,2026-10-07,0.8450704225352101,STOCK_CALENDAR_DIFFERENCE
GOLF,543,537,537,6,0,6,1.011173184357542,2024-07-08,2026-10-07,1.1173184357541999,STOCK_CALENDAR_DIFFERENCE
GOOD,716,710,710,6,0,6,1.008450704225352,2023-10-09,2026-10-07,0.8450704225352101,STOCK_CALENDAR_DIFFERENCE
GOTO,1074,1070,1070,4,0,4,1.0037383177570094,2022-04-11,2026-10-05,0.37383177570093906,STOCK_CALENDAR_DIFFERENCE
GPRA,716,710,710,6,0,6,1.008450704225352,2023-10-09,2026-10-07,0.8450704225352101,STOCK_CALENDAR_DIFFERENCE
GPSO,716,710,710,6,0,6,1.008450704225352,2023-10-09,2026-10-07,0.8450704225352101,STOCK_CALENDAR_DIFFERENCE
GRIA,716,710,710,6,0,6,1.008450704225352,2023-10-09,2026-10-07,0.8450704225352101,STOCK_CALENDAR_DIFFERENCE
GRPH,646,640,640,6,0,6,1.009375,2024-01-18,2026-10-07,0.9374999999999911,STOCK_CALENDAR_DIFFERENCE
GRPM,716,710,710,6,0,6,1.008450704225352,2023-10-09,2026-10-07,0.8450704225352101,STOCK_CALENDAR_DIFFERENCE
GSMF,717,710,710,7,0,7,1.0098591549295775,2023-10-09,2026-10-07,0.9859154929577452,STOCK_CALENDAR_DIFFERENCE
GTBO,718,710,710,8,0,8,1.0112676056338028,2023-10-09,2026-10-07,1.1267605633802802,STOCK_CALENDAR_DIFFERENCE
GTRA,716,710,710,6,0,6,1.008450704225352,2023-10-09,2026-10-07,0.8450704225352101,STOCK_CALENDAR_DIFFERENCE
GTSI,716,710,710,6,0,6,1.008450704225352,2023-10-09,2026-10-07,0.8450704225352101,STOCK_CALENDAR_DIFFERENCE
GULA,716,710,710,6,0,6,1.008450704225352,2023-10-09,2026-10-07,0.8450704225352101,STOCK_CALENDAR_DIFFERENCE
GUNA,542,536,536,6,0,6,1.0111940298507462,2024-07-09,2026-10-07,1.1194029850746245,STOCK_CALENDAR_DIFFERENCE
GWSA,716,710,710,6,0,6,1.008450704225352,2023-10-09,2026-10-07,0.8450704225352101,STOCK_CALENDAR_DIFFERENCE
GZCO,716,710,710,6,0,6,1.008450704225352,2023-10-09,2026-10-07,0.8450704225352101,STOCK_CALENDAR_DIFFERENCE
HADE,716,710,710,6,0,6,1.008450704225352,2023-10-09,2026-10-07,0.8450704225352101,STOCK_CALENDAR_DIFFERENCE
HAIS,716,710,710,6,0,6,1.008450704225352,2023-10-09,2026-10-07,0.8450704225352101,STOCK_CALENDAR_DIFFERENCE
HAJJ,716,710,710,6,0,6,1.008450704225352,2023-10-09,2026-10-07,0.8450704225352101,STOCK_CALENDAR_DIFFERENCE
HALO,716,710,710,6,0,6,1.008450704225352,2023-10-09,2026-10-07,0.8450704225352101,STOCK_CALENDAR_DIFFERENCE
HATM,716,710,710,6,0,6,1.008450704225352,2023-10-09,2026-10-07,0.8450704225352101,STOCK_CALENDAR_DIFFERENCE
HBAT,716,710,710,6,0,6,1.008450704225352,2023-10-09,2026-10-07,0.8450704225352101,STOCK_CALENDAR_DIFFERENCE
HDFA,716,710,710,6,0,6,1.008450704225352,2023-10-09,2026-10-07,0.8450704225352101,STOCK_CALENDAR_DIFFERENCE
HDIT,716,710,710,6,0,6,1.008450704225352,2023-10-09,2026-10-07,0.8450704225352101,STOCK_CALENDAR_DIFFERENCE
HEAL,716,710,710,6,0,6,1.008450704225352,2023-10-09,2026-10-07,0.8450704225352101,STOCK_CALENDAR_DIFFERENCE
HELI,716,710,710,6,0,6,1.008450704225352,2023-10-09,2026-10-07,0.8450704225352101,STOCK_CALENDAR_DIFFERENCE
HERO,717,710,710,7,0,7,1.0098591549295775,2023-10-09,2026-10-07,0.9859154929577452,STOCK_CALENDAR_DIFFERENCE
HEXA,717,710,710,7,0,7,1.0098591549295775,2023-10-09,2026-10-07,0.9859154929577452,STOCK_CALENDAR_DIFFERENCE
HGII,416,410,410,6,0,6,1.0146341463414634,2025-01-09,2026-10-07,1.4634146341463428,STOCK_CALENDAR_DIFFERENCE
HILL,717,710,710,7,0,7,1.0098591549295775,2023-10-09,2026-10-06,0.9859154929577452,STOCK_CALENDAR_DIFFERENCE
HITS,720,710,710,10,0,10,1.0140845070422535,2023-10-09,2026-10-06,1.4084507042253502,STOCK_CALENDAR_DIFFERENCE
HMSP,4121,4064,4064,57,0,57,1.014025590551181,2010-01-04,2026-10-05,1.4025590551181022,STOCK_CALENDAR_DIFFERENCE
HOKI,716,710,710,6,0,6,1.008450704225352,2023-10-09,2026-10-07,0.8450704225352101,STOCK_CALENDAR_DIFFERENCE
HOMI,716,710,710,6,0,6,1.008450704225352,2023-10-09,2026-10-07,0.8450704225352101,STOCK_CALENDAR_DIFFERENCE
HOPE,716,710,710,6,0,6,1.008450704225352,2023-10-09,2026-10-07,0.8450704225352101,STOCK_CALENDAR_DIFFERENCE
HRME,716,710,710,6,0,6,1.008450704225352,2023-10-09,2026-10-07,0.8450704225352101,STOCK_CALENDAR_DIFFERENCE
HRTA,716,710,710,6,0,6,1.008450704225352,2023-10-09,2026-10-07,0.8450704225352101,STOCK_CALENDAR_DIFFERENCE
HRUM,3934,3878,3878,56,0,56,1.0144404332129964,2010-10-06,2026-10-05,1.4440433212996373,STOCK_CALENDAR_DIFFERENCE
HUMI,716,710,710,6,0,6,1.008450704225352,2023-10-09,2026-10-07,0.8450704225352101,STOCK_CALENDAR_DIFFERENCE
HYGN,630,624,624,6,0,6,1.0096153846153846,2024-02-13,2026-10-07,0.9615384615384581,STOCK_CALENDAR_DIFFERENCE
IATA,716,710,710,6,0,6,1.008450704225352,2023-10-09,2026-10-07,0.8450704225352101,STOCK_CALENDAR_DIFFERENCE
IBFN,717,710,710,7,0,7,1.0098591549295775,2023-10-09,2026-10-06,0.9859154929577452,STOCK_CALENDAR_DIFFERENCE
IBOS,716,710,710,6,0,6,1.008450704225352,2023-10-09,2026-10-07,0.8450704225352101,STOCK_CALENDAR_DIFFERENCE
IBST,720,710,710,10,0,10,1.0140845070422535,2023-10-09,2026-10-06,1.4084507042253502,STOCK_CALENDAR_DIFFERENCE
ICBP,4119,4064,4063,56,1,55,1.0135334645669292,2010-01-04,2026-10-05,1.3533464566929165,STOCK_CALENDAR_DIFFERENCE
ICON,716,710,710,6,0,6,1.008450704225352,2023-10-09,2026-10-07,0.8450704225352101,STOCK_CALENDAR_DIFFERENCE
IDEA,716,710,710,6,0,6,1.008450704225352,2023-10-09,2026-10-07,0.8450704225352101,STOCK_CALENDAR_DIFFERENCE
IDPR,716,710,710,6,0,6,1.008450704225352,2023-10-09,2026-10-07,0.8450704225352101,STOCK_CALENDAR_DIFFERENCE
IFII,716,710,710,6,0,6,1.008450704225352,2023-10-09,2026-10-07,0.8450704225352101,STOCK_CALENDAR_DIFFERENCE
IFSH,716,710,710,6,0,6,1.008450704225352,2023-10-09,2026-10-07,0.8450704225352101,STOCK_CALENDAR_DIFFERENCE
IGAR,717,710,710,7,0,7,1.0098591549295775,2023-10-09,2026-10-07,0.9859154929577452,STOCK_CALENDAR_DIFFERENCE
IKAI,717,710,710,7,0,7,1.0098591549295775,2023-10-09,2026-10-07,0.9859154929577452,STOCK_CALENDAR_DIFFERENCE
IKAN,716,710,710,6,0,6,1.008450704225352,2023-10-09,2026-10-07,0.8450704225352101,STOCK_CALENDAR_DIFFERENCE
IKBI,717,710,710,7,0,7,1.0098591549295775,2023-10-09,2026-10-07,0.9859154929577452,STOCK_CALENDAR_DIFFERENCE
IKPM,694,688,688,6,0,6,1.0087209302325582,2023-11-08,2026-10-07,0.8720930232558155,STOCK_CALENDAR_DIFFERENCE
IMAS,717,710,710,7,0,7,1.0098591549295775,2023-10-09,2026-10-07,0.9859154929577452,STOCK_CALENDAR_DIFFERENCE
IMJS,716,710,710,6,0,6,1.008450704225352,2023-10-09,2026-10-07,0.8450704225352101,STOCK_CALENDAR_DIFFERENCE
IMPC,716,710,710,6,0,6,1.008450704225352,2023-10-09,2026-10-07,0.8450704225352101,STOCK_CALENDAR_DIFFERENCE
INAF,720,710,710,10,0,10,1.0140845070422535,2023-10-09,2026-10-06,1.4084507042253502,STOCK_CALENDAR_DIFFERENCE
INAI,717,710,710,7,0,7,1.0098591549295775,2023-10-09,2026-10-07,0.9859154929577452,STOCK_CALENDAR_DIFFERENCE
INCF,717,710,710,7,0,7,1.0098591549295775,2023-10-09,2026-10-06,0.9859154929577452,STOCK_CALENDAR_DIFFERENCE
INCI,717,710,710,7,0,7,1.0098591549295775,2023-10-09,2026-10-07,0.9859154929577452,STOCK_CALENDAR_DIFFERENCE
INCO,717,710,710,7,0,7,1.0098591549295775,2023-10-09,2026-10-07,0.9859154929577452,STOCK_CALENDAR_DIFFERENCE
INDF,4121,4064,4064,57,0,57,1.014025590551181,2010-01-04,2026-10-05,1.4025590551181022,STOCK_CALENDAR_DIFFERENCE
INDO,716,710,710,6,0,6,1.008450704225352,2023-10-09,2026-10-07,0.8450704225352101,STOCK_CALENDAR_DIFFERENCE
INDR,717,710,710,7,0,7,1.0098591549295775,2023-10-09,2026-10-07,0.9859154929577452,STOCK_CALENDAR_DIFFERENCE
INDS,4121,4064,4064,57,0,57,1.014025590551181,2010-01-04,2026-10-05,1.4025590551181022,STOCK_CALENDAR_DIFFERENCE
INDX,717,710,710,7,0,7,1.0098591549295775,2023-10-09,2026-10-06,0.9859154929577452,STOCK_CALENDAR_DIFFERENCE
INDY,4120,4064,4064,56,0,56,1.013779527559055,2010-01-04,2026-10-05,1.3779527559055094,STOCK_CALENDAR_DIFFERENCE
INET,716,710,710,6,0,6,1.008450704225352,2023-10-09,2026-10-07,0.8450704225352101,STOCK_CALENDAR_DIFFERENCE
INKP,4120,4064,4063,57,1,56,1.013779527559055,2010-01-04,2026-10-05,1.3779527559055094,STOCK_CALENDAR_DIFFERENCE
INOV,716,710,710,6,0,6,1.008450704225352,2023-10-09,2026-10-07,0.8450704225352101,STOCK_CALENDAR_DIFFERENCE
INPC,4119,4064,4063,56,1,55,1.0135334645669292,2010-01-04,2026-10-05,1.3533464566929165,STOCK_CALENDAR_DIFFERENCE
INPP,717,710,710,7,0,7,1.0098591549295775,2023-10-09,2026-10-07,0.9859154929577452,STOCK_CALENDAR_DIFFERENCE
INPS,715,710,710,5,0,5,1.0070422535211268,2023-10-09,2026-10-06,0.7042253521126751,STOCK_CALENDAR_DIFFERENCE
INRU,4125,4064,4064,61,0,61,1.015009842519685,2010-01-04,2026-10-05,1.5009842519684957,STOCK_CALENDAR_DIFFERENCE
INTA,717,710,710,7,0,7,1.0098591549295775,2023-10-09,2026-10-06,0.9859154929577452,STOCK_CALENDAR_DIFFERENCE
INTD,717,710,710,7,0,7,1.0098591549295775,2023-10-09,2026-10-07,0.9859154929577452,STOCK_CALENDAR_DIFFERENCE
INTP,717,710,710,7,0,7,1.0098591549295775,2023-10-09,2026-10-07,0.9859154929577452,STOCK_CALENDAR_DIFFERENCE
IOTF,716,710,710,6,0,6,1.008450704225352,2023-10-09,2026-10-07,0.8450704225352101,STOCK_CALENDAR_DIFFERENCE
IPAC,715,710,710,5,0,5,1.0070422535211268,2023-10-09,2026-10-06,0.7042253521126751,STOCK_CALENDAR_DIFFERENCE
IPCC,716,710,710,6,0,6,1.008450704225352,2023-10-09,2026-10-07,0.8450704225352101,STOCK_CALENDAR_DIFFERENCE
IPCM,716,710,710,6,0,6,1.008450704225352,2023-10-09,2026-10-07,0.8450704225352101,STOCK_CALENDAR_DIFFERENCE
IPOL,716,710,710,6,0,6,1.008450704225352,2023-10-09,2026-10-07,0.8450704225352101,STOCK_CALENDAR_DIFFERENCE
IPPE,720,710,710,10,0,10,1.0140845070422535,2023-10-09,2026-10-06,1.4084507042253502,STOCK_CALENDAR_DIFFERENCE
IPTV,716,710,710,6,0,6,1.008450704225352,2023-10-09,2026-10-07,0.8450704225352101,STOCK_CALENDAR_DIFFERENCE
IRRA,716,710,710,6,0,6,1.008450704225352,2023-10-09,2026-10-07,0.8450704225352101,STOCK_CALENDAR_DIFFERENCE
IRSX,716,710,710,6,0,6,1.008450704225352,2023-10-09,2026-10-07,0.8450704225352101,STOCK_CALENDAR_DIFFERENCE
ISAP,716,710,710,6,0,6,1.008450704225352,2023-10-09,2026-10-07,0.8450704225352101,STOCK_CALENDAR_DIFFERENCE
ISAT,4121,4064,4064,57,0,57,1.014025590551181,2010-01-04,2026-10-05,1.4025590551181022,STOCK_CALENDAR_DIFFERENCE
ISEA,543,537,537,6,0,6,1.011173184357542,2024-07-08,2026-10-07,1.1173184357541999,STOCK_CALENDAR_DIFFERENCE
ISSP,716,710,710,6,0,6,1.008450704225352,2023-10-09,2026-10-07,0.8450704225352101,STOCK_CALENDAR_DIFFERENCE
ITIC,716,710,710,6,0,6,1.008450704225352,2023-10-09,2026-10-07,0.8450704225352101,STOCK_CALENDAR_DIFFERENCE
ITMA,716,710,710,6,0,6,1.008450704225352,2023-10-09,2026-10-07,0.8450704225352101,STOCK_CALENDAR_DIFFERENCE
ITMG,4121,4064,4064,57,0,57,1.014025590551181,2010-01-04,2026-10-05,1.4025590551181022,STOCK_CALENDAR_DIFFERENCE
JARR,716,710,710,6,0,6,1.008450704225352,2023-10-09,2026-10-07,0.8450704225352101,STOCK_CALENDAR_DIFFERENCE
JAST,716,710,710,6,0,6,1.008450704225352,2023-10-09,2026-10-07,0.8450704225352101,STOCK_CALENDAR_DIFFERENCE
JATI,716,710,710,6,0,6,1.008450704225352,2023-10-09,2026-10-07,0.8450704225352101,STOCK_CALENDAR_DIFFERENCE
JAWA,716,710,710,6,0,6,1.008450704225352,2023-10-09,2026-10-07,0.8450704225352101,STOCK_CALENDAR_DIFFERENCE
JAYA,716,710,710,6,0,6,1.008450704225352,2023-10-09,2026-10-07,0.8450704225352101,STOCK_CALENDAR_DIFFERENCE
JECC,717,710,710,7,0,7,1.0098591549295775,2023-10-09,2026-10-07,0.9859154929577452,STOCK_CALENDAR_DIFFERENCE
JGLE,716,710,710,6,0,6,1.008450704225352,2023-10-09,2026-10-07,0.8450704225352101,STOCK_CALENDAR_DIFFERENCE
JIHD,717,710,710,7,0,7,1.0098591549295775,2023-10-09,2026-10-07,0.9859154929577452,STOCK_CALENDAR_DIFFERENCE
JKON,717,710,710,7,0,7,1.0098591549295775,2023-10-09,2026-10-07,0.9859154929577452,STOCK_CALENDAR_DIFFERENCE
JMAS,717,710,710,7,0,7,1.0098591549295775,2023-10-09,2026-10-06,0.9859154929577452,STOCK_CALENDAR_DIFFERENCE
JPFA,717,710,710,7,0,7,1.0098591549295775,2023-10-09,2026-10-07,0.9859154929577452,STOCK_CALENDAR_DIFFERENCE
JRPT,717,710,710,7,0,7,1.0098591549295775,2023-10-09,2026-10-07,0.9859154929577452,STOCK_CALENDAR_DIFFERENCE
JSMR,4119,4064,4063,56,1,55,1.0135334645669292,2010-01-04,2026-10-05,1.3533464566929165,STOCK_CALENDAR_DIFFERENCE
JSPT,717,710,710,7,0,7,1.0098591549295775,2023-10-09,2026-10-07,0.9859154929577452,STOCK_CALENDAR_DIFFERENCE
JTPE,717,710,710,7,0,7,1.0098591549295775,2023-10-09,2026-10-07,0.9859154929577452,STOCK_CALENDAR_DIFFERENCE
KAEF,4120,4064,4063,57,1,56,1.013779527559055,2010-01-04,2026-10-05,1.3779527559055094,STOCK_CALENDAR_DIFFERENCE
KAQI,377,371,371,6,0,6,1.0161725067385445,2025-03-10,2026-10-07,1.6172506738544534,STOCK_CALENDAR_DIFFERENCE
KARW,717,710,710,7,0,7,1.0098591549295775,2023-10-09,2026-10-06,0.9859154929577452,STOCK_CALENDAR_DIFFERENCE
KAYU,720,710,710,10,0,10,1.0140845070422535,2023-10-09,2026-10-06,1.4084507042253502,STOCK_CALENDAR_DIFFERENCE
KBAG,716,710,710,6,0,6,1.008450704225352,2023-10-09,2026-10-07,0.8450704225352101,STOCK_CALENDAR_DIFFERENCE
KBLI,717,710,710,7,0,7,1.0098591549295775,2023-10-09,2026-10-07,0.9859154929577452,STOCK_CALENDAR_DIFFERENCE
KBLM,4120,4064,4063,57,1,56,1.013779527559055,2010-01-04,2026-10-05,1.3779527559055094,STOCK_CALENDAR_DIFFERENCE
KBLV,716,710,710,6,0,6,1.008450704225352,2023-10-09,2026-10-07,0.8450704225352101,STOCK_CALENDAR_DIFFERENCE
KDSI,717,710,710,7,0,7,1.0098591549295775,2023-10-09,2026-10-07,0.9859154929577452,STOCK_CALENDAR_DIFFERENCE
KDTN,716,710,710,6,0,6,1.008450704225352,2023-10-09,2026-10-07,0.8450704225352101,STOCK_CALENDAR_DIFFERENCE
KEEN,716,710,710,6,0,6,1.008450704225352,2023-10-09,2026-10-07,0.8450704225352101,STOCK_CALENDAR_DIFFERENCE
KEJU,716,710,710,6,0,6,1.008450704225352,2023-10-09,2026-10-07,0.8450704225352101,STOCK_CALENDAR_DIFFERENCE
KETR,716,710,710,6,0,6,1.008450704225352,2023-10-09,2026-10-07,0.8450704225352101,STOCK_CALENDAR_DIFFERENCE
KIAS,720,710,710,10,0,10,1.0140845070422535,2023-10-09,2026-10-06,1.4084507042253502,STOCK_CALENDAR_DIFFERENCE
KICI,717,710,710,7,0,7,1.0098591549295775,2023-10-09,2026-10-07,0.9859154929577452,STOCK_CALENDAR_DIFFERENCE
KIJA,717,710,710,7,0,7,1.0098591549295775,2023-10-09,2026-10-07,0.9859154929577452,STOCK_CALENDAR_DIFFERENCE
KINO,716,710,710,6,0,6,1.008450704225352,2023-10-09,2026-10-07,0.8450704225352101,STOCK_CALENDAR_DIFFERENCE
KIOS,716,710,710,6,0,6,1.008450704225352,2023-10-09,2026-10-07,0.8450704225352101,STOCK_CALENDAR_DIFFERENCE
KJEN,716,710,710,6,0,6,1.008450704225352,2023-10-09,2026-10-07,0.8450704225352101,STOCK_CALENDAR_DIFFERENCE
KKES,716,710,710,6,0,6,1.008450704225352,2023-10-09,2026-10-07,0.8450704225352101,STOCK_CALENDAR_DIFFERENCE
KKGI,717,710,710,7,0,7,1.0098591549295775,2023-10-09,2026-10-07,0.9859154929577452,STOCK_CALENDAR_DIFFERENCE
KLAS,716,710,710,6,0,6,1.008450704225352,2023-10-09,2026-10-07,0.8450704225352101,STOCK_CALENDAR_DIFFERENCE
KLBF,4121,4064,4064,57,0,57,1.014025590551181,2010-01-04,2026-10-05,1.4025590551181022,STOCK_CALENDAR_DIFFERENCE
KLIN,716,710,710,6,0,6,1.008450704225352,2023-10-09,2026-10-07,0.8450704225352101,STOCK_CALENDAR_DIFFERENCE
KMDS,716,710,710,6,0,6,1.008450704225352,2023-10-09,2026-10-07,0.8450704225352101,STOCK_CALENDAR_DIFFERENCE
KMTR,716,710,710,6,0,6,1.008450704225352,2023-10-09,2026-10-07,0.8450704225352101,STOCK_CALENDAR_DIFFERENCE
KOBX,716,710,710,6,0,6,1.008450704225352,2023-10-09,2026-10-07,0.8450704225352101,STOCK_CALENDAR_DIFFERENCE
KOCI,716,710,710,6,0,6,1.008450704225352,2023-10-09,2026-10-07,0.8450704225352101,STOCK_CALENDAR_DIFFERENCE
KOIN,717,710,710,7,0,7,1.0098591549295775,2023-10-09,2026-10-06,0.9859154929577452,STOCK_CALENDAR_DIFFERENCE
KOKA,714,708,708,6,0,6,1.0084745762711864,2023-10-11,2026-10-07,0.8474576271186418,STOCK_CALENDAR_DIFFERENCE
KONI,717,710,710,7,0,7,1.0098591549295775,2023-10-09,2026-10-07,0.9859154929577452,STOCK_CALENDAR_DIFFERENCE
KOPI,716,710,710,6,0,6,1.008450704225352,2023-10-09,2026-10-07,0.8450704225352101,STOCK_CALENDAR_DIFFERENCE
KOTA,716,710,710,6,0,6,1.008450704225352,2023-10-09,2026-10-07,0.8450704225352101,STOCK_CALENDAR_DIFFERENCE
KPIG,717,710,710,7,0,7,1.0098591549295775,2023-10-09,2026-10-07,0.9859154929577452,STOCK_CALENDAR_DIFFERENCE
KRAS,716,710,710,6,0,6,1.008450704225352,2023-10-09,2026-10-07,0.8450704225352101,STOCK_CALENDAR_DIFFERENCE
KREN,717,710,710,7,0,7,1.0098591549295775,2023-10-09,2026-10-07,0.9859154929577452,STOCK_CALENDAR_DIFFERENCE
KRYA,716,710,710,6,0,6,1.008450704225352,2023-10-09,2026-10-07,0.8450704225352101,STOCK_CALENDAR_DIFFERENCE
KSIX,417,411,411,6,0,6,1.0145985401459854,2025-01-08,2026-10-07,1.4598540145985384,STOCK_CALENDAR_DIFFERENCE
KUAS,716,710,710,6,0,6,1.008450704225352,2023-10-09,2026-10-07,0.8450704225352101,STOCK_CALENDAR_DIFFERENCE
LABA,716,710,710,6,0,6,1.008450704225352,2023-10-09,2026-10-07,0.8450704225352101,STOCK_CALENDAR_DIFFERENCE
LABS,541,535,535,6,0,6,1.011214953271028,2024-07-10,2026-10-07,1.121495327102795,STOCK_CALENDAR_DIFFERENCE
LAJU,716,710,710,6,0,6,1.008450704225352,2023-10-09,2026-10-07,0.8450704225352101,STOCK_CALENDAR_DIFFERENCE
LAND,716,710,710,6,0,6,1.008450704225352,2023-10-09,2026-10-07,0.8450704225352101,STOCK_CALENDAR_DIFFERENCE
LAPD,716,710,710,6,0,6,1.008450704225352,2023-10-09,2026-10-07,0.8450704225352101,STOCK_CALENDAR_DIFFERENCE
LCKM,717,710,710,7,0,7,1.0098591549295775,2023-10-09,2026-10-06,0.9859154929577452,STOCK_CALENDAR_DIFFERENCE
LEAD,716,710,710,6,0,6,1.008450704225352,2023-10-09,2026-10-07,0.8450704225352101,STOCK_CALENDAR_DIFFERENCE
LFLO,716,710,710,6,0,6,1.008450704225352,2023-10-09,2026-10-07,0.8450704225352101,STOCK_CALENDAR_DIFFERENCE
LIFE,716,710,710,6,0,6,1.008450704225352,2023-10-09,2026-10-07,0.8450704225352101,STOCK_CALENDAR_DIFFERENCE
LINK,716,710,710,6,0,6,1.008450704225352,2023-10-09,2026-10-07,0.8450704225352101,STOCK_CALENDAR_DIFFERENCE
LION,717,710,710,7,0,7,1.0098591549295775,2023-10-09,2026-10-07,0.9859154929577452,STOCK_CALENDAR_DIFFERENCE
LIVE,631,625,625,6,0,6,1.0096,2024-02-12,2026-10-07,0.9600000000000053,STOCK_CALENDAR_DIFFERENCE
LMAX,716,710,710,6,0,6,1.008450704225352,2023-10-09,2026-10-07,0.8450704225352101,STOCK_CALENDAR_DIFFERENCE
LMPI,717,710,710,7,0,7,1.0098591549295775,2023-10-09,2026-10-07,0.9859154929577452,STOCK_CALENDAR_DIFFERENCE
LMSH,720,710,710,10,0,10,1.0140845070422535,2023-10-09,2026-10-06,1.4084507042253502,STOCK_CALENDAR_DIFFERENCE
LOPI,714,708,708,6,0,6,1.0084745762711864,2023-10-11,2026-10-07,0.8474576271186418,STOCK_CALENDAR_DIFFERENCE
LPCK,4121,4064,4064,57,0,57,1.014025590551181,2010-01-04,2026-10-05,1.4025590551181022,STOCK_CALENDAR_DIFFERENCE
LPGI,717,710,710,7,0,7,1.0098591549295775,2023-10-09,2026-10-07,0.9859154929577452,STOCK_CALENDAR_DIFFERENCE
LPIN,717,710,710,7,0,7,1.0098591549295775,2023-10-09,2026-10-07,0.9859154929577452,STOCK_CALENDAR_DIFFERENCE
LPKR,4120,4064,4064,56,0,56,1.013779527559055,2010-01-04,2026-10-05,1.3779527559055094,STOCK_CALENDAR_DIFFERENCE
LPLI,717,710,710,7,0,7,1.0098591549295775,2023-10-09,2026-10-07,0.9859154929577452,STOCK_CALENDAR_DIFFERENCE
LPPF,717,710,710,7,0,7,1.0098591549295775,2023-10-09,2026-10-07,0.9859154929577452,STOCK_CALENDAR_DIFFERENCE
LPPS,717,710,710,7,0,7,1.0098591549295775,2023-10-09,2026-10-07,0.9859154929577452,STOCK_CALENDAR_DIFFERENCE
LRNA,716,710,710,6,0,6,1.008450704225352,2023-10-09,2026-10-07,0.8450704225352101,STOCK_CALENDAR_DIFFERENCE
LSIP,717,710,710,7,0,7,1.0098591549295775,2023-10-09,2026-10-07,0.9859154929577452,STOCK_CALENDAR_DIFFERENCE
LTLS,717,710,710,7,0,7,1.0098591549295775,2023-10-09,2026-10-07,0.9859154929577452,STOCK_CALENDAR_DIFFERENCE
LUCK,716,710,710,6,0,6,1.008450704225352,2023-10-09,2026-10-07,0.8450704225352101,STOCK_CALENDAR_DIFFERENCE
LUCY,716,710,710,6,0,6,1.008450704225352,2023-10-09,2026-10-07,0.8450704225352101,STOCK_CALENDAR_DIFFERENCE
MAHA,716,710,710,6,0,6,1.008450704225352,2023-10-09,2026-10-07,0.8450704225352101,STOCK_CALENDAR_DIFFERENCE
MAIN,717,710,710,7,0,7,1.0098591549295775,2023-10-09,2026-10-07,0.9859154929577452,STOCK_CALENDAR_DIFFERENCE
MANG,651,645,645,6,0,6,1.0093023255813953,2024-01-11,2026-10-07,0.9302325581395321,STOCK_CALENDAR_DIFFERENCE
MAPA,716,710,710,6,0,6,1.008450704225352,2023-10-09,2026-10-07,0.8450704225352101,STOCK_CALENDAR_DIFFERENCE
MAPB,716,710,710,6,0,6,1.008450704225352,2023-10-09,2026-10-07,0.8450704225352101,STOCK_CALENDAR_DIFFERENCE
MAPI,717,710,710,7,0,7,1.0098591549295775,2023-10-09,2026-10-07,0.9859154929577452,STOCK_CALENDAR_DIFFERENCE
MARI,717,710,710,7,0,7,1.0098591549295775,2023-10-09,2026-10-06,0.9859154929577452,STOCK_CALENDAR_DIFFERENCE
MARK,716,710,710,6,0,6,1.008450704225352,2023-10-09,2026-10-07,0.8450704225352101,STOCK_CALENDAR_DIFFERENCE
MASB,716,710,710,6,0,6,1.008450704225352,2023-10-09,2026-10-07,0.8450704225352101,STOCK_CALENDAR_DIFFERENCE
MAXI,716,710,710,6,0,6,1.008450704225352,2023-10-09,2026-10-07,0.8450704225352101,STOCK_CALENDAR_DIFFERENCE
MAYA,4120,4064,4064,56,0,56,1.013779527559055,2010-01-04,2026-10-05,1.3779527559055094,STOCK_CALENDAR_DIFFERENCE
MBAP,716,710,710,6,0,6,1.008450704225352,2023-10-09,2026-10-07,0.8450704225352101,STOCK_CALENDAR_DIFFERENCE
MBMA,716,710,710,6,0,6,1.008450704225352,2023-10-09,2026-10-07,0.8450704225352101,STOCK_CALENDAR_DIFFERENCE
MBSS,716,710,710,6,0,6,1.008450704225352,2023-10-09,2026-10-07,0.8450704225352101,STOCK_CALENDAR_DIFFERENCE
MBTO,716,710,710,6,0,6,1.008450704225352,2023-10-09,2026-10-07,0.8450704225352101,STOCK_CALENDAR_DIFFERENCE
MCAS,716,710,710,6,0,6,1.008450704225352,2023-10-09,2026-10-07,0.8450704225352101,STOCK_CALENDAR_DIFFERENCE
MCOL,716,710,710,6,0,6,1.008450704225352,2023-10-09,2026-10-07,0.8450704225352101,STOCK_CALENDAR_DIFFERENCE
MCOR,717,710,710,7,0,7,1.0098591549295775,2023-10-09,2026-10-07,0.9859154929577452,STOCK_CALENDAR_DIFFERENCE
MDIA,717,710,710,7,0,7,1.0098591549295775,2023-10-09,2026-10-07,0.9859154929577452,STOCK_CALENDAR_DIFFERENCE
MDIY,427,421,421,6,0,6,1.0142517814726841,2024-12-19,2026-10-07,1.4251781472684133,STOCK_CALENDAR_DIFFERENCE
MDKA,716,710,710,6,0,6,1.008450704225352,2023-10-09,2026-10-07,0.8450704225352101,STOCK_CALENDAR_DIFFERENCE
MDKI,716,710,710,6,0,6,1.008450704225352,2023-10-09,2026-10-07,0.8450704225352101,STOCK_CALENDAR_DIFFERENCE
MDLA,358,352,352,6,0,6,1.0170454545454546,2025-04-15,2026-10-07,1.7045454545454586,STOCK_CALENDAR_DIFFERENCE
MDLN,717,710,710,7,0,7,1.0098591549295775,2023-10-09,2026-10-07,0.9859154929577452,STOCK_CALENDAR_DIFFERENCE
MDRN,717,710,710,7,0,7,1.0098591549295775,2023-10-09,2026-10-06,0.9859154929577452,STOCK_CALENDAR_DIFFERENCE
MEDC,4121,4064,4064,57,0,57,1.014025590551181,2010-01-04,2026-10-05,1.4025590551181022,STOCK_CALENDAR_DIFFERENCE
MEDS,716,710,710,6,0,6,1.008450704225352,2023-10-09,2026-10-07,0.8450704225352101,STOCK_CALENDAR_DIFFERENCE
MEGA,4120,4064,4064,56,0,56,1.013779527559055,2010-01-04,2026-10-05,1.3779527559055094,STOCK_CALENDAR_DIFFERENCE
MEJA,631,625,625,6,0,6,1.0096,2024-02-12,2026-10-07,0.9600000000000053,STOCK_CALENDAR_DIFFERENCE
MENN,720,710,710,10,0,10,1.0140845070422535,2023-10-09,2026-10-06,1.4084507042253502,STOCK_CALENDAR_DIFFERENCE
MERI,305,299,299,6,0,6,1.020066889632107,2025-07-10,2026-10-07,2.006688963210701,STOCK_CALENDAR_DIFFERENCE
MERK,4121,4064,4064,57,0,57,1.014025590551181,2010-01-04,2026-10-05,1.4025590551181022,STOCK_CALENDAR_DIFFERENCE
MFMI,720,710,710,10,0,10,1.0140845070422535,2023-10-09,2026-10-06,1.4084507042253502,STOCK_CALENDAR_DIFFERENCE
MGLV,716,710,710,6,0,6,1.008450704225352,2023-10-09,2026-10-07,0.8450704225352101,STOCK_CALENDAR_DIFFERENCE
MGNA,716,710,710,6,0,6,1.008450704225352,2023-10-09,2026-10-07,0.8450704225352101,STOCK_CALENDAR_DIFFERENCE
MGRO,716,710,710,6,0,6,1.008450704225352,2023-10-09,2026-10-07,0.8450704225352101,STOCK_CALENDAR_DIFFERENCE
MHKI,595,589,589,6,0,6,1.0101867572156198,2024-04-16,2026-10-07,1.018675721561979,STOCK_CALENDAR_DIFFERENCE
MICE,718,710,710,8,0,8,1.0112676056338028,2023-10-09,2026-10-07,1.1267605633802802,STOCK_CALENDAR_DIFFERENCE
MIDI,716,710,710,6,0,6,1.008450704225352,2023-10-09,2026-10-07,0.8450704225352101,STOCK_CALENDAR_DIFFERENCE
MIKA,716,710,710,6,0,6,1.008450704225352,2023-10-09,2026-10-07,0.8450704225352101,STOCK_CALENDAR_DIFFERENCE
MINA,716,710,710,6,0,6,1.008450704225352,2023-10-09,2026-10-07,0.8450704225352101,STOCK_CALENDAR_DIFFERENCE
MINE,377,371,371,6,0,6,1.0161725067385445,2025-03-10,2026-10-07,1.6172506738544534,STOCK_CALENDAR_DIFFERENCE
MIRA,716,710,710,6,0,6,1.008450704225352,2023-10-09,2026-10-07,0.8450704225352101,STOCK_CALENDAR_DIFFERENCE
MITI,716,710,710,6,0,6,1.008450704225352,2023-10-09,2026-10-07,0.8450704225352101,STOCK_CALENDAR_DIFFERENCE
MKAP,631,625,625,6,0,6,1.0096,2024-02-12,2026-10-07,0.9600000000000053,STOCK_CALENDAR_DIFFERENCE
MKNT,720,710,710,10,0,10,1.0140845070422535,2023-10-09,2026-10-06,1.4084507042253502,STOCK_CALENDAR_DIFFERENCE
MKPI,716,710,710,6,0,6,1.008450704225352,2023-10-09,2026-10-07,0.8450704225352101,STOCK_CALENDAR_DIFFERENCE
MKTR,716,710,710,6,0,6,1.008450704225352,2023-10-09,2026-10-07,0.8450704225352101,STOCK_CALENDAR_DIFFERENCE
MLBI,4121,4064,4064,57,0,57,1.014025590551181,2010-01-04,2026-10-05,1.4025590551181022,STOCK_CALENDAR_DIFFERENCE
MLIA,717,710,710,7,0,7,1.0098591549295775,2023-10-09,2026-10-07,0.9859154929577452,STOCK_CALENDAR_DIFFERENCE
MLPL,717,710,710,7,0,7,1.0098591549295775,2023-10-09,2026-10-07,0.9859154929577452,STOCK_CALENDAR_DIFFERENCE
MLPT,3246,3198,3190,56,8,48,1.0150093808630394,2013-07-08,2026-10-05,1.5009380863039379,STOCK_CALENDAR_DIFFERENCE
MMIX,717,710,710,7,0,7,1.0098591549295775,2023-10-09,2026-10-07,0.9859154929577452,STOCK_CALENDAR_DIFFERENCE
MMLP,716,710,710,6,0,6,1.008450704225352,2023-10-09,2026-10-07,0.8450704225352101,STOCK_CALENDAR_DIFFERENCE
MNCN,717,710,710,7,0,7,1.0098591549295775,2023-10-09,2026-10-07,0.9859154929577452,STOCK_CALENDAR_DIFFERENCE
MOLI,716,710,710,6,0,6,1.008450704225352,2023-10-09,2026-10-07,0.8450704225352101,STOCK_CALENDAR_DIFFERENCE
MORA,716,710,710,6,0,6,1.008450704225352,2023-10-09,2026-10-07,0.8450704225352101,STOCK_CALENDAR_DIFFERENCE
MPMX,716,710,710,6,0,6,1.008450704225352,2023-10-09,2026-10-07,0.8450704225352101,STOCK_CALENDAR_DIFFERENCE
MPOW,716,710,710,6,0,6,1.008450704225352,2023-10-09,2026-10-07,0.8450704225352101,STOCK_CALENDAR_DIFFERENCE
MPPA,717,710,710,7,0,7,1.0098591549295775,2023-10-09,2026-10-07,0.9859154929577452,STOCK_CALENDAR_DIFFERENCE
MPRO,718,710,710,8,0,8,1.0112676056338028,2023-10-09,2026-10-07,1.1267605633802802,STOCK_CALENDAR_DIFFERENCE
MPXL,716,710,710,6,0,6,1.008450704225352,2023-10-09,2026-10-07,0.8450704225352101,STOCK_CALENDAR_DIFFERENCE
MRAT,717,710,710,7,0,7,1.0098591549295775,2023-10-09,2026-10-07,0.9859154929577452,STOCK_CALENDAR_DIFFERENCE
MREI,717,710,710,7,0,7,1.0098591549295775,2023-10-09,2026-10-06,0.9859154929577452,STOCK_CALENDAR_DIFFERENCE
MSIE,717,710,710,7,0,7,1.0098591549295775,2023-10-09,2026-10-07,0.9859154929577452,STOCK_CALENDAR_DIFFERENCE
MSIN,716,710,710,6,0,6,1.008450704225352,2023-10-09,2026-10-07,0.8450704225352101,STOCK_CALENDAR_DIFFERENCE
MSJA,652,646,646,6,0,6,1.0092879256965945,2024-01-10,2026-10-07,0.9287925696594534,STOCK_CALENDAR_DIFFERENCE
MSKY,716,710,710,6,0,6,1.008450704225352,2023-10-09,2026-10-07,0.8450704225352101,STOCK_CALENDAR_DIFFERENCE
MSTI,694,688,688,6,0,6,1.0087209302325582,2023-11-08,2026-10-07,0.8720930232558155,STOCK_CALENDAR_DIFFERENCE
MTDL,4121,4064,4064,57,0,57,1.014025590551181,2010-01-04,2026-10-05,1.4025590551181022,STOCK_CALENDAR_DIFFERENCE
MTEL,716,710,710,6,0,6,1.008450704225352,2023-10-09,2026-10-07,0.8450704225352101,STOCK_CALENDAR_DIFFERENCE
MTFN,717,710,710,7,0,7,1.0098591549295775,2023-10-09,2026-10-06,0.9859154929577452,STOCK_CALENDAR_DIFFERENCE
MTLA,716,710,710,6,0,6,1.008450704225352,2023-10-09,2026-10-07,0.8450704225352101,STOCK_CALENDAR_DIFFERENCE
MTMH,716,710,710,6,0,6,1.008450704225352,2023-10-09,2026-10-07,0.8450704225352101,STOCK_CALENDAR_DIFFERENCE
MTPS,720,710,710,10,0,10,1.0140845070422535,2023-10-09,2026-10-06,1.4084507042253502,STOCK_CALENDAR_DIFFERENCE
MTSM,720,710,710,10,0,10,1.0140845070422535,2023-10-09,2026-10-06,1.4084507042253502,STOCK_CALENDAR_DIFFERENCE
MTWI,716,710,710,6,0,6,1.008450704225352,2023-10-09,2026-10-07,0.8450704225352101,STOCK_CALENDAR_DIFFERENCE
MUTU,716,710,710,6,0,6,1.008450704225352,2023-10-09,2026-10-07,0.8450704225352101,STOCK_CALENDAR_DIFFERENCE
MYOH,716,710,710,6,0,6,1.008450704225352,2023-10-09,2026-10-07,0.8450704225352101,STOCK_CALENDAR_DIFFERENCE
MYOR,4121,4064,4064,57,0,57,1.014025590551181,2010-01-04,2026-10-05,1.4025590551181022,STOCK_CALENDAR_DIFFERENCE
MYTX,717,710,710,7,0,7,1.0098591549295775,2023-10-09,2026-10-06,0.9859154929577452,STOCK_CALENDAR_DIFFERENCE
NAIK,452,446,446,6,0,6,1.0134529147982063,2024-11-13,2026-10-07,1.3452914798206317,STOCK_CALENDAR_DIFFERENCE
NANO,716,710,710,6,0,6,1.008450704225352,2023-10-09,2026-10-07,0.8450704225352101,STOCK_CALENDAR_DIFFERENCE
NASA,716,710,710,6,0,6,1.008450704225352,2023-10-09,2026-10-07,0.8450704225352101,STOCK_CALENDAR_DIFFERENCE
NASI,716,710,710,6,0,6,1.008450704225352,2023-10-09,2026-10-07,0.8450704225352101,STOCK_CALENDAR_DIFFERENCE
NATO,716,710,710,6,0,6,1.008450704225352,2023-10-09,2026-10-07,0.8450704225352101,STOCK_CALENDAR_DIFFERENCE
NAYZ,716,710,710,6,0,6,1.008450704225352,2023-10-09,2026-10-07,0.8450704225352101,STOCK_CALENDAR_DIFFERENCE
NCKL,716,710,710,6,0,6,1.008450704225352,2023-10-09,2026-10-07,0.8450704225352101,STOCK_CALENDAR_DIFFERENCE
NELY,716,710,710,6,0,6,1.008450704225352,2023-10-09,2026-10-07,0.8450704225352101,STOCK_CALENDAR_DIFFERENCE
NEST,520,514,514,6,0,6,1.0116731517509727,2024-08-08,2026-10-07,1.1673151750972721,STOCK_CALENDAR_DIFFERENCE
NETV,716,710,710,6,0,6,1.008450704225352,2023-10-09,2026-10-07,0.8450704225352101,STOCK_CALENDAR_DIFFERENCE
NFCX,716,710,710,6,0,6,1.008450704225352,2023-10-09,2026-10-07,0.8450704225352101,STOCK_CALENDAR_DIFFERENCE
NICE,653,647,647,6,0,6,1.009273570324575,2024-01-09,2026-10-07,0.9273570324574987,STOCK_CALENDAR_DIFFERENCE
NICK,715,710,710,5,0,5,1.0070422535211268,2023-10-09,2026-10-06,0.7042253521126751,STOCK_CALENDAR_DIFFERENCE
NICL,716,710,710,6,0,6,1.008450704225352,2023-10-09,2026-10-07,0.8450704225352101,STOCK_CALENDAR_DIFFERENCE
NIKL,716,710,710,6,0,6,1.008450704225352,2023-10-09,2026-10-07,0.8450704225352101,STOCK_CALENDAR_DIFFERENCE
NINE,716,710,710,6,0,6,1.008450704225352,2023-10-09,2026-10-07,0.8450704225352101,STOCK_CALENDAR_DIFFERENCE
NIRO,716,710,710,6,0,6,1.008450704225352,2023-10-09,2026-10-07,0.8450704225352101,STOCK_CALENDAR_DIFFERENCE
NISP,4121,4064,4064,57,0,57,1.014025590551181,2010-01-04,2026-10-05,1.4025590551181022,STOCK_CALENDAR_DIFFERENCE
NOBU,3287,3232,3231,56,1,55,1.0170173267326732,2013-05-20,2026-10-05,1.70173267326732,STOCK_CALENDAR_DIFFERENCE
NPGF,716,710,710,6,0,6,1.008450704225352,2023-10-09,2026-10-07,0.8450704225352101,STOCK_CALENDAR_DIFFERENCE
NRCA,716,710,710,6,0,6,1.008450704225352,2023-10-09,2026-10-07,0.8450704225352101,STOCK_CALENDAR_DIFFERENCE
NSSS,716,710,710,6,0,6,1.008450704225352,2023-10-09,2026-10-07,0.8450704225352101,STOCK_CALENDAR_DIFFERENCE
NTBK,716,710,710,6,0,6,1.008450704225352,2023-10-09,2026-10-07,0.8450704225352101,STOCK_CALENDAR_DIFFERENCE
NZIA,716,710,710,6,0,6,1.008450704225352,2023-10-09,2026-10-07,0.8450704225352101,STOCK_CALENDAR_DIFFERENCE
OASA,716,710,710,6,0,6,1.008450704225352,2023-10-09,2026-10-07,0.8450704225352101,STOCK_CALENDAR_DIFFERENCE
OBAT,414,408,408,6,0,6,1.0147058823529411,2025-01-13,2026-10-07,1.4705882352941124,STOCK_CALENDAR_DIFFERENCE
OBMD,716,710,710,6,0,6,1.008450704225352,2023-10-09,2026-10-07,0.8450704225352101,STOCK_CALENDAR_DIFFERENCE
OILS,716,710,710,6,0,6,1.008450704225352,2023-10-09,2026-10-07,0.8450704225352101,STOCK_CALENDAR_DIFFERENCE
OKAS,716,710,710,6,0,6,1.008450704225352,2023-10-09,2026-10-07,0.8450704225352101,STOCK_CALENDAR_DIFFERENCE
OLIV,716,710,710,6,0,6,1.008450704225352,2023-10-09,2026-10-07,0.8450704225352101,STOCK_CALENDAR_DIFFERENCE
OMED,716,710,710,6,0,6,1.008450704225352,2023-10-09,2026-10-07,0.8450704225352101,STOCK_CALENDAR_DIFFERENCE
OMRE,717,710,710,7,0,7,1.0098591549295775,2023-10-09,2026-10-07,0.9859154929577452,STOCK_CALENDAR_DIFFERENCE
OPMS,716,710,710,6,0,6,1.008450704225352,2023-10-09,2026-10-07,0.8450704225352101,STOCK_CALENDAR_DIFFERENCE
PACK,716,710,710,6,0,6,1.008450704225352,2023-10-09,2026-10-07,0.8450704225352101,STOCK_CALENDAR_DIFFERENCE
PADA,716,710,710,6,0,6,1.008450704225352,2023-10-09,2026-10-07,0.8450704225352101,STOCK_CALENDAR_DIFFERENCE
PADI,716,710,710,6,0,6,1.008450704225352,2023-10-09,2026-10-07,0.8450704225352101,STOCK_CALENDAR_DIFFERENCE
PALM,716,710,710,6,0,6,1.008450704225352,2023-10-09,2026-10-07,0.8450704225352101,STOCK_CALENDAR_DIFFERENCE
PAMG,716,710,710,6,0,6,1.008450704225352,2023-10-09,2026-10-07,0.8450704225352101,STOCK_CALENDAR_DIFFERENCE
PANI,1963,1942,1942,21,0,21,1.0108135942327496,2018-09-18,2026-10-05,1.0813594232749635,STOCK_CALENDAR_DIFFERENCE
PANR,716,710,710,6,0,6,1.008450704225352,2023-10-09,2026-10-07,0.8450704225352101,STOCK_CALENDAR_DIFFERENCE
PANS,716,710,710,6,0,6,1.008450704225352,2023-10-09,2026-10-07,0.8450704225352101,STOCK_CALENDAR_DIFFERENCE
PART,544,538,538,6,0,6,1.0111524163568772,2024-07-05,2026-10-07,1.1152416356877248,STOCK_CALENDAR_DIFFERENCE
PBID,716,710,710,6,0,6,1.008450704225352,2023-10-09,2026-10-07,0.8450704225352101,STOCK_CALENDAR_DIFFERENCE
PBRX,717,710,710,7,0,7,1.0098591549295775,2023-10-09,2026-10-07,0.9859154929577452,STOCK_CALENDAR_DIFFERENCE
PBSA,716,710,710,6,0,6,1.008450704225352,2023-10-09,2026-10-07,0.8450704225352101,STOCK_CALENDAR_DIFFERENCE
PCAR,716,710,710,6,0,6,1.008450704225352,2023-10-09,2026-10-07,0.8450704225352101,STOCK_CALENDAR_DIFFERENCE
PDES,716,710,710,6,0,6,1.008450704225352,2023-10-09,2026-10-07,0.8450704225352101,STOCK_CALENDAR_DIFFERENCE
PDPP,716,710,710,6,0,6,1.008450704225352,2023-10-09,2026-10-07,0.8450704225352101,STOCK_CALENDAR_DIFFERENCE
PEGE,716,710,710,6,0,6,1.008450704225352,2023-10-09,2026-10-07,0.8450704225352101,STOCK_CALENDAR_DIFFERENCE
PEHA,716,710,710,6,0,6,1.008450704225352,2023-10-09,2026-10-07,0.8450704225352101,STOCK_CALENDAR_DIFFERENCE
PEVE,716,710,710,6,0,6,1.008450704225352,2023-10-09,2026-10-07,0.8450704225352101,STOCK_CALENDAR_DIFFERENCE
PGAS,4120,4064,4063,57,1,56,1.013779527559055,2010-01-04,2026-10-05,1.3779527559055094,STOCK_CALENDAR_DIFFERENCE
PGEO,716,710,710,6,0,6,1.008450704225352,2023-10-09,2026-10-07,0.8450704225352101,STOCK_CALENDAR_DIFFERENCE
PGJO,716,710,710,6,0,6,1.008450704225352,2023-10-09,2026-10-07,0.8450704225352101,STOCK_CALENDAR_DIFFERENCE
PGLI,716,710,710,6,0,6,1.008450704225352,2023-10-09,2026-10-07,0.8450704225352101,STOCK_CALENDAR_DIFFERENCE
PGUN,716,710,710,6,0,6,1.008450704225352,2023-10-09,2026-10-07,0.8450704225352101,STOCK_CALENDAR_DIFFERENCE
PICO,717,710,710,7,0,7,1.0098591549295775,2023-10-09,2026-10-07,0.9859154929577452,STOCK_CALENDAR_DIFFERENCE
PIPA,716,710,710,6,0,6,1.008450704225352,2023-10-09,2026-10-07,0.8450704225352101,STOCK_CALENDAR_DIFFERENCE
PJAA,717,710,710,7,0,7,1.0098591549295775,2023-10-09,2026-10-07,0.9859154929577452,STOCK_CALENDAR_DIFFERENCE
PJHB,222,216,216,6,0,6,1.0277777777777777,2025-11-06,2026-10-07,2.777777777777768,STOCK_CALENDAR_DIFFERENCE
PKPK,716,710,710,6,0,6,1.008450704225352,2023-10-09,2026-10-07,0.8450704225352101,STOCK_CALENDAR_DIFFERENCE
PLAN,716,710,710,6,0,6,1.008450704225352,2023-10-09,2026-10-07,0.8450704225352101,STOCK_CALENDAR_DIFFERENCE
PLIN,720,710,710,10,0,10,1.0140845070422535,2023-10-09,2026-10-06,1.4084507042253502,STOCK_CALENDAR_DIFFERENCE
PMJS,716,710,710,6,0,6,1.008450704225352,2023-10-09,2026-10-07,0.8450704225352101,STOCK_CALENDAR_DIFFERENCE
PMMP,720,710,710,10,0,10,1.0140845070422535,2023-10-09,2026-10-06,1.4084507042253502,STOCK_CALENDAR_DIFFERENCE
PMUI,305,299,299,6,0,6,1.020066889632107,2025-07-10,2026-10-07,2.006688963210701,STOCK_CALENDAR_DIFFERENCE
PNBN,4121,4064,4064,57,0,57,1.014025590551181,2010-01-04,2026-10-05,1.4025590551181022,STOCK_CALENDAR_DIFFERENCE
PNBS,716,710,710,6,0,6,1.008450704225352,2023-10-09,2026-10-07,0.8450704225352101,STOCK_CALENDAR_DIFFERENCE
PNGO,716,710,710,6,0,6,1.008450704225352,2023-10-09,2026-10-07,0.8450704225352101,STOCK_CALENDAR_DIFFERENCE
PNIN,717,710,710,7,0,7,1.0098591549295775,2023-10-09,2026-10-07,0.9859154929577452,STOCK_CALENDAR_DIFFERENCE
PNLF,717,710,710,7,0,7,1.0098591549295775,2023-10-09,2026-10-07,0.9859154929577452,STOCK_CALENDAR_DIFFERENCE
PNSE,717,710,710,7,0,7,1.0098591549295775,2023-10-09,2026-10-07,0.9859154929577452,STOCK_CALENDAR_DIFFERENCE
POLA,715,710,710,5,0,5,1.0070422535211268,2023-10-09,2026-10-06,0.7042253521126751,STOCK_CALENDAR_DIFFERENCE
POLI,716,710,710,6,0,6,1.008450704225352,2023-10-09,2026-10-07,0.8450704225352101,STOCK_CALENDAR_DIFFERENCE
POLL,720,710,710,10,0,10,1.0140845070422535,2023-10-09,2026-10-06,1.4084507042253502,STOCK_CALENDAR_DIFFERENCE
POLU,716,710,710,6,0,6,1.008450704225352,2023-10-09,2026-10-07,0.8450704225352101,STOCK_CALENDAR_DIFFERENCE
POLY,720,710,710,10,0,10,1.0140845070422535,2023-10-09,2026-10-06,1.4084507042253502,STOCK_CALENDAR_DIFFERENCE
PORT,716,710,710,6,0,6,1.008450704225352,2023-10-09,2026-10-07,0.8450704225352101,STOCK_CALENDAR_DIFFERENCE
POWR,2536,2485,2483,53,2,51,1.020523138832998,2016-06-14,2026-10-05,2.0523138832998056,STOCK_CALENDAR_DIFFERENCE
PPGL,715,710,710,5,0,5,1.0070422535211268,2023-10-09,2026-10-06,0.7042253521126751,STOCK_CALENDAR_DIFFERENCE
PPRE,716,710,710,6,0,6,1.008450704225352,2023-10-09,2026-10-07,0.8450704225352101,STOCK_CALENDAR_DIFFERENCE
PPRI,716,710,710,6,0,6,1.008450704225352,2023-10-09,2026-10-07,0.8450704225352101,STOCK_CALENDAR_DIFFERENCE
PPRO,716,710,710,6,0,6,1.008450704225352,2023-10-09,2026-10-07,0.8450704225352101,STOCK_CALENDAR_DIFFERENCE
PRAY,716,710,710,6,0,6,1.008450704225352,2023-10-09,2026-10-07,0.8450704225352101,STOCK_CALENDAR_DIFFERENCE
PRDA,716,710,710,6,0,6,1.008450704225352,2023-10-09,2026-10-07,0.8450704225352101,STOCK_CALENDAR_DIFFERENCE
PRIM,716,710,710,6,0,6,1.008450704225352,2023-10-09,2026-10-07,0.8450704225352101,STOCK_CALENDAR_DIFFERENCE
PSAB,717,710,710,7,0,7,1.0098591549295775,2023-10-09,2026-10-07,0.9859154929577452,STOCK_CALENDAR_DIFFERENCE
PSAT,307,301,301,6,0,6,1.0199335548172757,2025-07-08,2026-10-07,1.9933554817275656,STOCK_CALENDAR_DIFFERENCE
PSDN,717,710,710,7,0,7,1.0098591549295775,2023-10-09,2026-10-07,0.9859154929577452,STOCK_CALENDAR_DIFFERENCE
PSGO,716,710,710,6,0,6,1.008450704225352,2023-10-09,2026-10-07,0.8450704225352101,STOCK_CALENDAR_DIFFERENCE
PSKT,716,710,710,6,0,6,1.008450704225352,2023-10-09,2026-10-07,0.8450704225352101,STOCK_CALENDAR_DIFFERENCE
PSSI,716,710,710,6,0,6,1.008450704225352,2023-10-09,2026-10-07,0.8450704225352101,STOCK_CALENDAR_DIFFERENCE
PTBA,4120,4064,4063,57,1,56,1.013779527559055,2010-01-04,2026-10-05,1.3779527559055094,STOCK_CALENDAR_DIFFERENCE
PTDU,720,710,710,10,0,10,1.0140845070422535,2023-10-09,2026-10-06,1.4084507042253502,STOCK_CALENDAR_DIFFERENCE
PTIS,716,710,710,6,0,6,1.008450704225352,2023-10-09,2026-10-07,0.8450704225352101,STOCK_CALENDAR_DIFFERENCE
PTMP,716,710,710,6,0,6,1.008450704225352,2023-10-09,2026-10-07,0.8450704225352101,STOCK_CALENDAR_DIFFERENCE
PTMR,482,472,472,10,0,10,1.021186440677966,2024-10-08,2026-10-06,2.1186440677966045,STOCK_CALENDAR_DIFFERENCE
PTPP,4093,4038,4037,56,1,55,1.0136206042595344,2010-02-09,2026-10-05,1.3620604259534375,STOCK_CALENDAR_DIFFERENCE
PTPS,716,710,710,6,0,6,1.008450704225352,2023-10-09,2026-10-07,0.8450704225352101,STOCK_CALENDAR_DIFFERENCE
PTPW,716,710,710,6,0,6,1.008450704225352,2023-10-09,2026-10-07,0.8450704225352101,STOCK_CALENDAR_DIFFERENCE
PTRO,717,710,710,7,0,7,1.0098591549295775,2023-10-09,2026-10-07,0.9859154929577452,STOCK_CALENDAR_DIFFERENCE
PTSN,716,710,710,6,0,6,1.008450704225352,2023-10-09,2026-10-07,0.8450704225352101,STOCK_CALENDAR_DIFFERENCE
PTSP,717,710,710,7,0,7,1.0098591549295775,2023-10-09,2026-10-07,0.9859154929577452,STOCK_CALENDAR_DIFFERENCE
PUDP,717,710,710,7,0,7,1.0098591549295775,2023-10-09,2026-10-07,0.9859154929577452,STOCK_CALENDAR_DIFFERENCE
PURA,716,710,710,6,0,6,1.008450704225352,2023-10-09,2026-10-07,0.8450704225352101,STOCK_CALENDAR_DIFFERENCE
PURI,716,710,710,6,0,6,1.008450704225352,2023-10-09,2026-10-07,0.8450704225352101,STOCK_CALENDAR_DIFFERENCE
PWON,4120,4064,4063,57,1,56,1.013779527559055,2010-01-04,2026-10-05,1.3779527559055094,STOCK_CALENDAR_DIFFERENCE
PYFA,4120,4064,4063,57,1,56,1.013779527559055,2010-01-04,2026-10-05,1.3779527559055094,STOCK_CALENDAR_DIFFERENCE
PZZA,716,710,710,6,0,6,1.008450704225352,2023-10-09,2026-10-07,0.8450704225352101,STOCK_CALENDAR_DIFFERENCE
RAAM,716,710,710,6,0,6,1.008450704225352,2023-10-09,2026-10-07,0.8450704225352101,STOCK_CALENDAR_DIFFERENCE
RAFI,720,710,710,10,0,10,1.0140845070422535,2023-10-09,2026-10-06,1.4084507042253502,STOCK_CALENDAR_DIFFERENCE
RAJA,720,710,710,10,0,10,1.0140845070422535,2023-10-09,2026-10-07,1.4084507042253502,STOCK_CALENDAR_DIFFERENCE
RALS,717,710,710,7,0,7,1.0098591549295775,2023-10-09,2026-10-07,0.9859154929577452,STOCK_CALENDAR_DIFFERENCE
RANC,716,710,710,6,0,6,1.008450704225352,2023-10-09,2026-10-07,0.8450704225352101,STOCK_CALENDAR_DIFFERENCE
RATU,417,411,411,6,0,6,1.0145985401459854,2025-01-08,2026-10-07,1.4598540145985384,STOCK_CALENDAR_DIFFERENCE
RBMS,717,710,710,7,0,7,1.0098591549295775,2023-10-09,2026-10-07,0.9859154929577452,STOCK_CALENDAR_DIFFERENCE
RCCC,716,710,710,6,0,6,1.008450704225352,2023-10-09,2026-10-07,0.8450704225352101,STOCK_CALENDAR_DIFFERENCE
RDTX,719,710,710,9,0,9,1.0126760563380282,2023-10-09,2026-10-07,1.2676056338028152,STOCK_CALENDAR_DIFFERENCE
REAL,716,710,710,6,0,6,1.008450704225352,2023-10-09,2026-10-07,0.8450704225352101,STOCK_CALENDAR_DIFFERENCE
RELF,716,710,710,6,0,6,1.008450704225352,2023-10-09,2026-10-07,0.8450704225352101,STOCK_CALENDAR_DIFFERENCE
RELI,716,710,710,6,0,6,1.008450704225352,2023-10-09,2026-10-07,0.8450704225352101,STOCK_CALENDAR_DIFFERENCE
RGAS,694,688,688,6,0,6,1.0087209302325582,2023-11-08,2026-10-07,0.8720930232558155,STOCK_CALENDAR_DIFFERENCE
RICY,717,710,710,7,0,7,1.0098591549295775,2023-10-09,2026-10-07,0.9859154929577452,STOCK_CALENDAR_DIFFERENCE
RIGS,717,710,710,7,0,7,1.0098591549295775,2023-10-09,2026-10-07,0.9859154929577452,STOCK_CALENDAR_DIFFERENCE
RISE,716,710,710,6,0,6,1.008450704225352,2023-10-09,2026-10-07,0.8450704225352101,STOCK_CALENDAR_DIFFERENCE
RLCO,200,194,194,6,0,6,1.0309278350515463,2025-12-08,2026-10-07,3.092783505154628,STOCK_CALENDAR_DIFFERENCE
RMKE,719,710,710,9,0,9,1.0126760563380282,2023-10-09,2026-10-07,1.2676056338028152,STOCK_CALENDAR_DIFFERENCE
RMKO,716,710,710,6,0,6,1.008450704225352,2023-10-09,2026-10-07,0.8450704225352101,STOCK_CALENDAR_DIFFERENCE
ROCK,716,710,710,6,0,6,1.008450704225352,2023-10-09,2026-10-07,0.8450704225352101,STOCK_CALENDAR_DIFFERENCE
RODA,717,710,710,7,0,7,1.0098591549295775,2023-10-09,2026-10-07,0.9859154929577452,STOCK_CALENDAR_DIFFERENCE
RONY,716,710,710,6,0,6,1.008450704225352,2023-10-09,2026-10-07,0.8450704225352101,STOCK_CALENDAR_DIFFERENCE
ROTI,3999,3944,3943,56,1,55,1.0139452332657202,2010-06-28,2026-10-05,1.394523326572017,STOCK_CALENDAR_DIFFERENCE
RSCH,716,710,710,6,0,6,1.008450704225352,2023-10-09,2026-10-07,0.8450704225352101,STOCK_CALENDAR_DIFFERENCE
RSGK,716,710,710,6,0,6,1.008450704225352,2023-10-09,2026-10-07,0.8450704225352101,STOCK_CALENDAR_DIFFERENCE
RUIS,716,710,710,6,0,6,1.008450704225352,2023-10-09,2026-10-07,0.8450704225352101,STOCK_CALENDAR_DIFFERENCE
RUNS,716,710,710,6,0,6,1.008450704225352,2023-10-09,2026-10-07,0.8450704225352101,STOCK_CALENDAR_DIFFERENCE
SAFE,717,710,710,7,0,7,1.0098591549295775,2023-10-09,2026-10-07,0.9859154929577452,STOCK_CALENDAR_DIFFERENCE
SAGE,716,710,710,6,0,6,1.008450704225352,2023-10-09,2026-10-07,0.8450704225352101,STOCK_CALENDAR_DIFFERENCE
SAME,716,710,710,6,0,6,1.008450704225352,2023-10-09,2026-10-07,0.8450704225352101,STOCK_CALENDAR_DIFFERENCE
SAMF,716,710,710,6,0,6,1.008450704225352,2023-10-09,2026-10-07,0.8450704225352101,STOCK_CALENDAR_DIFFERENCE
SAPX,716,710,710,6,0,6,1.008450704225352,2023-10-09,2026-10-07,0.8450704225352101,STOCK_CALENDAR_DIFFERENCE
SATU,716,710,710,6,0,6,1.008450704225352,2023-10-09,2026-10-07,0.8450704225352101,STOCK_CALENDAR_DIFFERENCE
SBAT,720,710,710,10,0,10,1.0140845070422535,2023-10-09,2026-10-06,1.4084507042253502,STOCK_CALENDAR_DIFFERENCE
SBMA,716,710,710,6,0,6,1.008450704225352,2023-10-09,2026-10-07,0.8450704225352101,STOCK_CALENDAR_DIFFERENCE
SCCO,717,710,710,7,0,7,1.0098591549295775,2023-10-09,2026-10-07,0.9859154929577452,STOCK_CALENDAR_DIFFERENCE
SCMA,717,710,710,7,0,7,1.0098591549295775,2023-10-09,2026-10-07,0.9859154929577452,STOCK_CALENDAR_DIFFERENCE
SCNP,716,710,710,6,0,6,1.008450704225352,2023-10-09,2026-10-07,0.8450704225352101,STOCK_CALENDAR_DIFFERENCE
SDMU,716,710,710,6,0,6,1.008450704225352,2023-10-09,2026-10-07,0.8450704225352101,STOCK_CALENDAR_DIFFERENCE
SDPC,717,710,710,7,0,7,1.0098591549295775,2023-10-09,2026-10-07,0.9859154929577452,STOCK_CALENDAR_DIFFERENCE
SDRA,4120,4064,4064,56,0,56,1.013779527559055,2010-01-04,2026-10-05,1.3779527559055094,STOCK_CALENDAR_DIFFERENCE
SEMA,716,710,710,6,0,6,1.008450704225352,2023-10-09,2026-10-07,0.8450704225352101,STOCK_CALENDAR_DIFFERENCE
SFAN,716,710,710,6,0,6,1.008450704225352,2023-10-09,2026-10-07,0.8450704225352101,STOCK_CALENDAR_DIFFERENCE
SGER,716,710,710,6,0,6,1.008450704225352,2023-10-09,2026-10-07,0.8450704225352101,STOCK_CALENDAR_DIFFERENCE
SGRO,717,710,710,7,0,7,1.0098591549295775,2023-10-09,2026-10-07,0.9859154929577452,STOCK_CALENDAR_DIFFERENCE
SHID,716,710,710,6,0,6,1.008450704225352,2023-10-09,2026-10-07,0.8450704225352101,STOCK_CALENDAR_DIFFERENCE
SHIP,717,710,710,7,0,7,1.0098591549295775,2023-10-09,2026-10-07,0.9859154929577452,STOCK_CALENDAR_DIFFERENCE
SICO,716,710,710,6,0,6,1.008450704225352,2023-10-09,2026-10-07,0.8450704225352101,STOCK_CALENDAR_DIFFERENCE
SIDO,3137,3089,3081,56,8,48,1.0155390093881516,2013-12-18,2026-10-05,1.553900938815156,STOCK_CALENDAR_DIFFERENCE
SILO,716,710,710,6,0,6,1.008450704225352,2023-10-09,2026-10-07,0.8450704225352101,STOCK_CALENDAR_DIFFERENCE
SIMP,716,710,710,6,0,6,1.008450704225352,2023-10-09,2026-10-07,0.8450704225352101,STOCK_CALENDAR_DIFFERENCE
SINI,716,710,710,6,0,6,1.008450704225352,2023-10-09,2026-10-07,0.8450704225352101,STOCK_CALENDAR_DIFFERENCE
SIPD,717,710,710,7,0,7,1.0098591549295775,2023-10-09,2026-10-07,0.9859154929577452,STOCK_CALENDAR_DIFFERENCE
SKBM,716,710,710,6,0,6,1.008450704225352,2023-10-09,2026-10-07,0.8450704225352101,STOCK_CALENDAR_DIFFERENCE
SKLT,4121,4064,4064,57,0,57,1.014025590551181,2010-01-04,2026-10-05,1.4025590551181022,STOCK_CALENDAR_DIFFERENCE
SKRN,716,710,710,6,0,6,1.008450704225352,2023-10-09,2026-10-07,0.8450704225352101,STOCK_CALENDAR_DIFFERENCE
SLIS,716,710,710,6,0,6,1.008450704225352,2023-10-09,2026-10-07,0.8450704225352101,STOCK_CALENDAR_DIFFERENCE
SMAR,717,710,710,7,0,7,1.0098591549295775,2023-10-09,2026-10-07,0.9859154929577452,STOCK_CALENDAR_DIFFERENCE
SMBR,716,710,710,6,0,6,1.008450704225352,2023-10-09,2026-10-07,0.8450704225352101,STOCK_CALENDAR_DIFFERENCE
SMCB,720,710,710,10,0,10,1.0140845070422535,2023-10-09,2026-10-06,1.4084507042253502,STOCK_CALENDAR_DIFFERENCE
SMDM,717,710,710,7,0,7,1.0098591549295775,2023-10-09,2026-10-07,0.9859154929577452,STOCK_CALENDAR_DIFFERENCE
SMDR,717,710,710,7,0,7,1.0098591549295775,2023-10-09,2026-10-07,0.9859154929577452,STOCK_CALENDAR_DIFFERENCE
SMGA,638,632,632,6,0,6,1.009493670886076,2024-01-30,2026-10-07,0.9493670886076,STOCK_CALENDAR_DIFFERENCE
SMGR,4120,4064,4064,56,0,56,1.013779527559055,2010-01-04,2026-10-05,1.3779527559055094,STOCK_CALENDAR_DIFFERENCE
SMIL,716,710,710,6,0,6,1.008450704225352,2023-10-09,2026-10-07,0.8450704225352101,STOCK_CALENDAR_DIFFERENCE
SMKL,716,710,710,6,0,6,1.008450704225352,2023-10-09,2026-10-07,0.8450704225352101,STOCK_CALENDAR_DIFFERENCE
SMKM,716,710,710,6,0,6,1.008450704225352,2023-10-09,2026-10-07,0.8450704225352101,STOCK_CALENDAR_DIFFERENCE
SMLE,652,646,646,6,0,6,1.0092879256965945,2024-01-10,2026-10-07,0.9287925696594534,STOCK_CALENDAR_DIFFERENCE
SMMA,716,710,710,6,0,6,1.008450704225352,2023-10-09,2026-10-07,0.8450704225352101,STOCK_CALENDAR_DIFFERENCE
SMMT,4120,4064,4064,56,0,56,1.013779527559055,2010-01-04,2026-10-05,1.3779527559055094,STOCK_CALENDAR_DIFFERENCE
SMRA,4121,4064,4064,57,0,57,1.014025590551181,2010-01-04,2026-10-05,1.4025590551181022,STOCK_CALENDAR_DIFFERENCE
SMSM,717,710,710,7,0,7,1.0098591549295775,2023-10-09,2026-10-07,0.9859154929577452,STOCK_CALENDAR_DIFFERENCE
SNLK,716,710,710,6,0,6,1.008450704225352,2023-10-09,2026-10-07,0.8450704225352101,STOCK_CALENDAR_DIFFERENCE
SOCI,716,710,710,6,0,6,1.008450704225352,2023-10-09,2026-10-07,0.8450704225352101,STOCK_CALENDAR_DIFFERENCE
SOFA,716,710,710,6,0,6,1.008450704225352,2023-10-09,2026-10-07,0.8450704225352101,STOCK_CALENDAR_DIFFERENCE
SOHO,716,710,710,6,0,6,1.008450704225352,2023-10-09,2026-10-07,0.8450704225352101,STOCK_CALENDAR_DIFFERENCE
SOLA,580,574,574,6,0,6,1.0104529616724738,2024-05-08,2026-10-07,1.0452961672473782,STOCK_CALENDAR_DIFFERENCE
SONA,717,710,710,7,0,7,1.0098591549295775,2023-10-09,2026-10-07,0.9859154929577452,STOCK_CALENDAR_DIFFERENCE
SOSS,719,710,710,9,0,9,1.0126760563380282,2023-10-09,2026-10-07,1.2676056338028152,STOCK_CALENDAR_DIFFERENCE
SOTS,716,710,710,6,0,6,1.008450704225352,2023-10-09,2026-10-07,0.8450704225352101,STOCK_CALENDAR_DIFFERENCE
SOUL,717,710,710,7,0,7,1.0098591549295775,2023-10-09,2026-10-06,0.9859154929577452,STOCK_CALENDAR_DIFFERENCE
SPMA,720,710,710,10,0,10,1.0140845070422535,2023-10-09,2026-10-07,1.4084507042253502,STOCK_CALENDAR_DIFFERENCE
SPRE,546,540,540,6,0,6,1.011111111111111,2024-07-03,2026-10-07,1.1111111111111072,STOCK_CALENDAR_DIFFERENCE
SPTO,716,710,710,6,0,6,1.008450704225352,2023-10-09,2026-10-07,0.8450704225352101,STOCK_CALENDAR_DIFFERENCE
SQMI,716,710,710,6,0,6,1.008450704225352,2023-10-09,2026-10-07,0.8450704225352101,STOCK_CALENDAR_DIFFERENCE
SRAJ,715,710,710,5,0,5,1.0070422535211268,2023-10-09,2026-10-06,0.7042253521126751,STOCK_CALENDAR_DIFFERENCE
SRSN,717,710,710,7,0,7,1.0098591549295775,2023-10-09,2026-10-07,0.9859154929577452,STOCK_CALENDAR_DIFFERENCE
SRTG,716,710,710,6,0,6,1.008450704225352,2023-10-09,2026-10-07,0.8450704225352101,STOCK_CALENDAR_DIFFERENCE
SSIA,717,710,710,7,0,7,1.0098591549295775,2023-10-09,2026-10-07,0.9859154929577452,STOCK_CALENDAR_DIFFERENCE
SSMS,716,710,710,6,0,6,1.008450704225352,2023-10-09,2026-10-07,0.8450704225352101,STOCK_CALENDAR_DIFFERENCE
SSTM,717,710,710,7,0,7,1.0098591549295775,2023-10-09,2026-10-07,0.9859154929577452,STOCK_CALENDAR_DIFFERENCE
STAA,716,710,710,6,0,6,1.008450704225352,2023-10-09,2026-10-07,0.8450704225352101,STOCK_CALENDAR_DIFFERENCE
STAR,716,710,710,6,0,6,1.008450704225352,2023-10-09,2026-10-07,0.8450704225352101,STOCK_CALENDAR_DIFFERENCE
STRK,715,709,709,6,0,6,1.008462623413258,2023-10-10,2026-10-07,0.8462623413258097,STOCK_CALENDAR_DIFFERENCE
STTP,4121,4064,4064,57,0,57,1.014025590551181,2010-01-04,2026-10-05,1.4025590551181022,STOCK_CALENDAR_DIFFERENCE
SULI,717,710,710,7,0,7,1.0098591549295775,2023-10-09,2026-10-07,0.9859154929577452,STOCK_CALENDAR_DIFFERENCE
SUNI,716,710,710,6,0,6,1.008450704225352,2023-10-09,2026-10-07,0.8450704225352101,STOCK_CALENDAR_DIFFERENCE
SUPR,720,710,710,10,0,10,1.0140845070422535,2023-10-09,2026-10-06,1.4084507042253502,STOCK_CALENDAR_DIFFERENCE
SURE,715,710,710,5,0,5,1.0070422535211268,2023-10-09,2026-10-06,0.7042253521126751,STOCK_CALENDAR_DIFFERENCE
SWAT,720,710,710,10,0,10,1.0140845070422535,2023-10-09,2026-10-06,1.4084507042253502,STOCK_CALENDAR_DIFFERENCE
SWID,716,710,710,6,0,6,1.008450704225352,2023-10-09,2026-10-07,0.8450704225352101,STOCK_CALENDAR_DIFFERENCE
TALF,716,710,710,6,0,6,1.008450704225352,2023-10-09,2026-10-07,0.8450704225352101,STOCK_CALENDAR_DIFFERENCE
TAMA,716,710,710,6,0,6,1.008450704225352,2023-10-09,2026-10-07,0.8450704225352101,STOCK_CALENDAR_DIFFERENCE
TAMU,716,710,710,6,0,6,1.008450704225352,2023-10-09,2026-10-07,0.8450704225352101,STOCK_CALENDAR_DIFFERENCE
TAPG,716,710,710,6,0,6,1.008450704225352,2023-10-09,2026-10-07,0.8450704225352101,STOCK_CALENDAR_DIFFERENCE
TARA,716,710,710,6,0,6,1.008450704225352,2023-10-09,2026-10-07,0.8450704225352101,STOCK_CALENDAR_DIFFERENCE
TAXI,716,710,710,6,0,6,1.008450704225352,2023-10-09,2026-10-07,0.8450704225352101,STOCK_CALENDAR_DIFFERENCE
TAYS,717,710,710,7,0,7,1.0098591549295775,2023-10-09,2026-10-06,0.9859154929577452,STOCK_CALENDAR_DIFFERENCE
TBIG,3920,3864,3864,56,0,56,1.0144927536231885,2010-10-26,2026-10-05,1.449275362318847,STOCK_CALENDAR_DIFFERENCE
TBLA,717,710,710,7,0,7,1.0098591549295775,2023-10-09,2026-10-07,0.9859154929577452,STOCK_CALENDAR_DIFFERENCE
TBMS,717,710,710,7,0,7,1.0098591549295775,2023-10-09,2026-10-07,0.9859154929577452,STOCK_CALENDAR_DIFFERENCE
TCID,717,710,710,7,0,7,1.0098591549295775,2023-10-09,2026-10-07,0.9859154929577452,STOCK_CALENDAR_DIFFERENCE
TCPI,716,710,710,6,0,6,1.008450704225352,2023-10-09,2026-10-07,0.8450704225352101,STOCK_CALENDAR_DIFFERENCE
TEBE,715,710,710,5,0,5,1.0070422535211268,2023-10-09,2026-10-06,0.7042253521126751,STOCK_CALENDAR_DIFFERENCE
TELE,720,710,710,10,0,10,1.0140845070422535,2023-10-09,2026-10-06,1.4084507042253502,STOCK_CALENDAR_DIFFERENCE
TFAS,716,710,710,6,0,6,1.008450704225352,2023-10-09,2026-10-07,0.8450704225352101,STOCK_CALENDAR_DIFFERENCE
TFCO,717,710,710,7,0,7,1.0098591549295775,2023-10-09,2026-10-07,0.9859154929577452,STOCK_CALENDAR_DIFFERENCE
TGKA,717,710,710,7,0,7,1.0098591549295775,2023-10-09,2026-10-07,0.9859154929577452,STOCK_CALENDAR_DIFFERENCE
TGRA,720,710,710,10,0,10,1.0140845070422535,2023-10-09,2026-10-06,1.4084507042253502,STOCK_CALENDAR_DIFFERENCE
TGUK,719,710,710,9,0,9,1.0126760563380282,2023-10-09,2026-10-07,1.2676056338028152,STOCK_CALENDAR_DIFFERENCE
TIFA,3745,3689,3689,56,0,56,1.015180265654649,2011-07-12,2026-10-05,1.5180265654648917,STOCK_CALENDAR_DIFFERENCE
TINS,4120,4064,4063,57,1,56,1.013779527559055,2010-01-04,2026-10-05,1.3779527559055094,STOCK_CALENDAR_DIFFERENCE
TIRA,717,710,710,7,0,7,1.0098591549295775,2023-10-09,2026-10-07,0.9859154929577452,STOCK_CALENDAR_DIFFERENCE
TIRT,717,710,710,7,0,7,1.0098591549295775,2023-10-09,2026-10-06,0.9859154929577452,STOCK_CALENDAR_DIFFERENCE
TKIM,4120,4064,4063,57,1,56,1.013779527559055,2010-01-04,2026-10-05,1.3779527559055094,STOCK_CALENDAR_DIFFERENCE
TLDN,716,710,710,6,0,6,1.008450704225352,2023-10-09,2026-10-07,0.8450704225352101,STOCK_CALENDAR_DIFFERENCE
TLKM,4120,4064,4063,57,1,56,1.013779527559055,2010-01-04,2026-10-05,1.3779527559055094,STOCK_CALENDAR_DIFFERENCE
TMAS,716,710,710,6,0,6,1.008450704225352,2023-10-09,2026-10-07,0.8450704225352101,STOCK_CALENDAR_DIFFERENCE
TMPO,717,710,710,7,0,7,1.0098591549295775,2023-10-09,2026-10-07,0.9859154929577452,STOCK_CALENDAR_DIFFERENCE
TNCA,716,710,710,6,0,6,1.008450704225352,2023-10-09,2026-10-07,0.8450704225352101,STOCK_CALENDAR_DIFFERENCE
TOBA,716,710,710,6,0,6,1.008450704225352,2023-10-09,2026-10-07,0.8450704225352101,STOCK_CALENDAR_DIFFERENCE
TOOL,716,710,710,6,0,6,1.008450704225352,2023-10-09,2026-10-07,0.8450704225352101,STOCK_CALENDAR_DIFFERENCE
TOPS,720,710,710,10,0,10,1.0140845070422535,2023-10-09,2026-10-06,1.4084507042253502,STOCK_CALENDAR_DIFFERENCE
TOTL,4120,4064,4063,57,1,56,1.013779527559055,2010-01-04,2026-10-05,1.3779527559055094,STOCK_CALENDAR_DIFFERENCE
TOTO,717,710,710,7,0,7,1.0098591549295775,2023-10-09,2026-10-07,0.9859154929577452,STOCK_CALENDAR_DIFFERENCE
TOWR,4075,4020,4019,56,1,55,1.013681592039801,2010-03-08,2026-10-05,1.3681592039801016,STOCK_CALENDAR_DIFFERENCE
TOYS,720,710,710,10,0,10,1.0140845070422535,2023-10-09,2026-10-06,1.4084507042253502,STOCK_CALENDAR_DIFFERENCE
TPIA,716,710,710,6,0,6,1.008450704225352,2023-10-09,2026-10-07,0.8450704225352101,STOCK_CALENDAR_DIFFERENCE
TPMA,716,710,710,6,0,6,1.008450704225352,2023-10-09,2026-10-07,0.8450704225352101,STOCK_CALENDAR_DIFFERENCE
TRGU,716,710,710,6,0,6,1.008450704225352,2023-10-09,2026-10-07,0.8450704225352101,STOCK_CALENDAR_DIFFERENCE
TRIM,717,710,710,7,0,7,1.0098591549295775,2023-10-09,2026-10-07,0.9859154929577452,STOCK_CALENDAR_DIFFERENCE
TRIN,716,710,710,6,0,6,1.008450704225352,2023-10-09,2026-10-07,0.8450704225352101,STOCK_CALENDAR_DIFFERENCE
TRIS,716,710,710,6,0,6,1.008450704225352,2023-10-09,2026-10-07,0.8450704225352101,STOCK_CALENDAR_DIFFERENCE
TRJA,716,710,710,6,0,6,1.008450704225352,2023-10-09,2026-10-07,0.8450704225352101,STOCK_CALENDAR_DIFFERENCE
TRON,716,710,710,6,0,6,1.008450704225352,2023-10-09,2026-10-07,0.8450704225352101,STOCK_CALENDAR_DIFFERENCE
TRST,717,710,710,7,0,7,1.0098591549295775,2023-10-09,2026-10-07,0.9859154929577452,STOCK_CALENDAR_DIFFERENCE
TRUE,718,710,710,8,0,8,1.0112676056338028,2023-10-09,2026-10-07,1.1267605633802802,STOCK_CALENDAR_DIFFERENCE
TRUK,715,710,710,5,0,5,1.0070422535211268,2023-10-09,2026-10-06,0.7042253521126751,STOCK_CALENDAR_DIFFERENCE
TRUS,717,710,710,7,0,7,1.0098591549295775,2023-10-09,2026-10-07,0.9859154929577452,STOCK_CALENDAR_DIFFERENCE
TSPC,4121,4064,4064,57,0,57,1.014025590551181,2010-01-04,2026-10-05,1.4025590551181022,STOCK_CALENDAR_DIFFERENCE
TUGU,716,710,710,6,0,6,1.008450704225352,2023-10-09,2026-10-07,0.8450704225352101,STOCK_CALENDAR_DIFFERENCE
TYRE,716,710,710,6,0,6,1.008450704225352,2023-10-09,2026-10-07,0.8450704225352101,STOCK_CALENDAR_DIFFERENCE
UANG,716,710,710,6,0,6,1.008450704225352,2023-10-09,2026-10-07,0.8450704225352101,STOCK_CALENDAR_DIFFERENCE
UCID,716,710,710,6,0,6,1.008450704225352,2023-10-09,2026-10-07,0.8450704225352101,STOCK_CALENDAR_DIFFERENCE
UDNG,700,694,694,6,0,6,1.0086455331412103,2023-10-31,2026-10-07,0.8645533141210304,STOCK_CALENDAR_DIFFERENCE
UFOE,716,710,710,6,0,6,1.008450704225352,2023-10-09,2026-10-07,0.8450704225352101,STOCK_CALENDAR_DIFFERENCE
ULTJ,4120,4064,4063,57,1,56,1.013779527559055,2010-01-04,2026-10-05,1.3779527559055094,STOCK_CALENDAR_DIFFERENCE
UNIC,717,710,710,7,0,7,1.0098591549295775,2023-10-09,2026-10-07,0.9859154929577452,STOCK_CALENDAR_DIFFERENCE
UNIQ,716,710,710,6,0,6,1.008450704225352,2023-10-09,2026-10-07,0.8450704225352101,STOCK_CALENDAR_DIFFERENCE
UNSP,718,710,710,8,0,8,1.0112676056338028,2023-10-09,2026-10-07,1.1267605633802802,STOCK_CALENDAR_DIFFERENCE
UNTR,717,710,710,7,0,7,1.0098591549295775,2023-10-09,2026-10-07,0.9859154929577452,STOCK_CALENDAR_DIFFERENCE
UNVR,4121,4064,4064,57,0,57,1.014025590551181,2010-01-04,2026-10-05,1.4025590551181022,STOCK_CALENDAR_DIFFERENCE
URBN,716,710,710,6,0,6,1.008450704225352,2023-10-09,2026-10-07,0.8450704225352101,STOCK_CALENDAR_DIFFERENCE
UVCR,716,710,710,6,0,6,1.008450704225352,2023-10-09,2026-10-07,0.8450704225352101,STOCK_CALENDAR_DIFFERENCE
VAST,716,710,710,6,0,6,1.008450704225352,2023-10-09,2026-10-07,0.8450704225352101,STOCK_CALENDAR_DIFFERENCE
VERN,478,472,472,6,0,6,1.0127118644067796,2024-10-08,2026-10-07,1.2711864406779627,STOCK_CALENDAR_DIFFERENCE
VICI,716,710,710,6,0,6,1.008450704225352,2023-10-09,2026-10-07,0.8450704225352101,STOCK_CALENDAR_DIFFERENCE
VICO,716,710,710,6,0,6,1.008450704225352,2023-10-09,2026-10-07,0.8450704225352101,STOCK_CALENDAR_DIFFERENCE
VINS,716,710,710,6,0,6,1.008450704225352,2023-10-09,2026-10-07,0.8450704225352101,STOCK_CALENDAR_DIFFERENCE
VISI,621,615,615,6,0,6,1.0097560975609756,2024-02-27,2026-10-07,0.9756097560975618,STOCK_CALENDAR_DIFFERENCE
VIVA,716,710,710,6,0,6,1.008450704225352,2023-10-09,2026-10-07,0.8450704225352101,STOCK_CALENDAR_DIFFERENCE
VKTR,716,710,710,6,0,6,1.008450704225352,2023-10-09,2026-10-07,0.8450704225352101,STOCK_CALENDAR_DIFFERENCE
VOKS,717,710,710,7,0,7,1.0098591549295775,2023-10-09,2026-10-07,0.9859154929577452,STOCK_CALENDAR_DIFFERENCE
VRNA,716,710,710,6,0,6,1.008450704225352,2023-10-09,2026-10-07,0.8450704225352101,STOCK_CALENDAR_DIFFERENCE
VTNY,716,710,710,6,0,6,1.008450704225352,2023-10-09,2026-10-07,0.8450704225352101,STOCK_CALENDAR_DIFFERENCE
WAPO,717,710,710,7,0,7,1.0098591549295775,2023-10-09,2026-10-07,0.9859154929577452,STOCK_CALENDAR_DIFFERENCE
WEGE,716,710,710,6,0,6,1.008450704225352,2023-10-09,2026-10-07,0.8450704225352101,STOCK_CALENDAR_DIFFERENCE
WEHA,716,710,710,6,0,6,1.008450704225352,2023-10-09,2026-10-07,0.8450704225352101,STOCK_CALENDAR_DIFFERENCE
WICO,720,710,710,10,0,10,1.0140845070422535,2023-10-09,2026-10-06,1.4084507042253502,STOCK_CALENDAR_DIFFERENCE
WIFI,716,710,710,6,0,6,1.008450704225352,2023-10-09,2026-10-07,0.8450704225352101,STOCK_CALENDAR_DIFFERENCE
WIIM,716,710,710,6,0,6,1.008450704225352,2023-10-09,2026-10-07,0.8450704225352101,STOCK_CALENDAR_DIFFERENCE
WIKA,4124,4064,4063,61,1,60,1.014763779527559,2010-01-04,2026-10-05,1.476377952755903,STOCK_CALENDAR_DIFFERENCE
WINE,716,710,710,6,0,6,1.008450704225352,2023-10-09,2026-10-07,0.8450704225352101,STOCK_CALENDAR_DIFFERENCE
WINR,716,710,710,6,0,6,1.008450704225352,2023-10-09,2026-10-07,0.8450704225352101,STOCK_CALENDAR_DIFFERENCE
WINS,717,710,710,7,0,7,1.0098591549295775,2023-10-09,2026-10-07,0.9859154929577452,STOCK_CALENDAR_DIFFERENCE
WIRG,716,710,710,6,0,6,1.008450704225352,2023-10-09,2026-10-07,0.8450704225352101,STOCK_CALENDAR_DIFFERENCE
WMPP,716,710,710,6,0,6,1.008450704225352,2023-10-09,2026-10-07,0.8450704225352101,STOCK_CALENDAR_DIFFERENCE
WMUU,716,710,710,6,0,6,1.008450704225352,2023-10-09,2026-10-07,0.8450704225352101,STOCK_CALENDAR_DIFFERENCE
WOMF,716,710,710,6,0,6,1.008450704225352,2023-10-09,2026-10-07,0.8450704225352101,STOCK_CALENDAR_DIFFERENCE
WOOD,716,710,710,6,0,6,1.008450704225352,2023-10-09,2026-10-07,0.8450704225352101,STOCK_CALENDAR_DIFFERENCE
WOWS,716,710,710,6,0,6,1.008450704225352,2023-10-09,2026-10-07,0.8450704225352101,STOCK_CALENDAR_DIFFERENCE
WSBP,2475,2422,2420,55,2,53,1.0218827415359206,2016-09-20,2026-10-05,2.1882741535920625,STOCK_CALENDAR_DIFFERENCE
WSKT,3322,3263,3263,59,0,59,1.018081520073552,2012-12-19,2026-06-26,1.8081520073552015,STOCK_CALENDAR_DIFFERENCE
WTON,3064,3017,3008,56,9,47,1.015578389128273,2014-04-08,2026-10-05,1.557838912827303,STOCK_CALENDAR_DIFFERENCE
YELO,716,710,710,6,0,6,1.008450704225352,2023-10-09,2026-10-07,0.8450704225352101,STOCK_CALENDAR_DIFFERENCE
YOII,417,411,411,6,0,6,1.0145985401459854,2025-01-08,2026-10-07,1.4598540145985384,STOCK_CALENDAR_DIFFERENCE
YPAS,717,710,710,7,0,7,1.0098591549295775,2023-10-09,2026-10-07,0.9859154929577452,STOCK_CALENDAR_DIFFERENCE
YULE,716,710,710,6,0,6,1.008450704225352,2023-10-09,2026-10-07,0.8450704225352101,STOCK_CALENDAR_DIFFERENCE
YUPI,366,360,360,6,0,6,1.0166666666666666,2025-03-25,2026-10-07,1.6666666666666607,STOCK_CALENDAR_DIFFERENCE
ZATA,716,710,710,6,0,6,1.008450704225352,2023-10-09,2026-10-07,0.8450704225352101,STOCK_CALENDAR_DIFFERENCE
ZBRA,720,710,710,10,0,10,1.0140845070422535,2023-10-09,2026-10-06,1.4084507042253502,STOCK_CALENDAR_DIFFERENCE
ZINC,720,710,710,10,0,10,1.0140845070422535,2023-10-09,2026-10-06,1.4084507042253502,STOCK_CALENDAR_DIFFERENCE
ZONE,716,710,710,6,0,6,1.008450704225352,2023-10-09,2026-10-07,0.8450704225352101,STOCK_CALENDAR_DIFFERENCE
ZYRX,716,710,710,6,0,6,1.008450704225352,2023-10-09,2026-10-07,0.8450704225352101,STOCK_CALENDAR_DIFFERENCE
