ticker,stock_only_dates_sample,ihsg_only_dates_sample,stock_only_count,ihsg_only_count
RLCO,2026-05-14;2026-05-15;2026-05-27;2026-05-28;2026-10-06;2026-10-07,,6,0
PJHB,2026-05-14;2026-05-15;2026-05-27;2026-05-28;2026-10-06;2026-10-07,,6,0
EMAS,2026-05-14;2026-05-15;2026-05-27;2026-05-28;2026-10-06;2026-10-07,,6,0
CLEO,2017-06-01;2017-06-23;2017-06-26;2017-06-27;2017-06-28;2017-06-29;2017-06-30;2017-08-17;2017-09-01;2017-09-21;2017-12-25;2017-12-26;2018-01-01;2018-02-16;2018-03-30;2018-05-01;2018-05-10;2018-05-29;2018-06-01;2018-06-11;2018-06-12;2018-06-13;2018-06-14;2018-06-15;2018-06-18,,50,0
WSBP,2017-01-02;2017-02-15;2017-04-19;2017-06-01;2017-06-23;2017-06-26;2017-06-27;2017-06-28;2017-06-29;2017-06-30;2017-08-17;2017-09-01;2017-09-21;2017-12-25;2017-12-26;2018-01-01;2018-02-16;2018-03-30;2018-05-01;2018-05-10;2018-05-29;2018-06-01;2018-06-11;2018-06-12;2018-06-13,2017-04-05;2019-06-19,55,2
PTMR,2026-05-01;2026-05-14;2026-05-15;2026-05-27;2026-05-28;2026-06-01;2026-06-16;2026-08-17;2026-08-25;2026-10-06,,10,0
POWR,2017-01-02;2017-02-15;2017-04-19;2017-06-01;2017-06-23;2017-06-26;2017-06-27;2017-06-28;2017-06-29;2017-06-30;2017-08-17;2017-09-01;2017-09-21;2017-12-25;2017-12-26;2018-01-01;2018-02-16;2018-03-30;2018-05-01;2018-05-10;2018-05-29;2018-06-01;2018-06-11;2018-06-12;2018-06-13,2017-04-05;2019-06-19,53,2
BLOG,2026-05-14;2026-05-15;2026-05-27;2026-05-28;2026-10-06;2026-10-07,,6,0
CHEK,2026-05-14;2026-05-15;2026-05-27;2026-05-28;2026-10-06;2026-10-07,,6,0
MERI,2026-05-14;2026-05-15;2026-05-27;2026-05-28;2026-10-06;2026-10-07,,6,0
PMUI,2026-05-14;2026-05-15;2026-05-27;2026-05-28;2026-10-06;2026-10-07,,6,0
CDIA,2026-05-14;2026-05-15;2026-05-27;2026-05-28;2026-10-06;2026-10-07,,6,0
COIN,2026-05-14;2026-05-15;2026-05-27;2026-05-28;2026-10-06;2026-10-07,,6,0
ASPR,2026-05-14;2026-05-15;2026-05-27;2026-05-28;2026-10-06;2026-10-07,,6,0
PSAT,2026-05-14;2026-05-15;2026-05-27;2026-05-28;2026-10-06;2026-10-07,,6,0
WSKT,2014-04-09;2014-07-09;2015-12-09;2017-01-02;2017-02-15;2017-04-19;2017-06-01;2017-06-23;2017-06-26;2017-06-27;2017-06-28;2017-06-29;2017-06-30;2017-08-17;2017-09-01;2017-09-21;2017-12-25;2017-12-26;2018-01-01;2018-02-16;2018-03-30;2018-05-01;2018-05-10;2018-05-29;2018-06-01,,59,0
DKHH,2026-05-14;2026-05-15;2026-05-27;2026-05-28;2026-10-06;2026-10-07,,6,0
ACST,2014-04-09;2014-07-09;2015-12-09;2017-01-02;2017-02-15;2017-04-19;2017-06-01;2017-06-23;2017-06-26;2017-06-27;2017-06-28;2017-06-29;2017-06-30;2017-08-17;2017-09-01;2017-09-21;2017-12-25;2017-12-26;2018-01-01;2018-02-16;2018-03-30;2018-05-01;2018-05-10;2018-05-29;2018-06-01,,56,0
ALTO,2014-04-09;2014-07-09;2015-12-09;2017-01-02;2017-02-15;2017-04-19;2017-06-01;2017-06-23;2017-06-26;2017-06-27;2017-06-28;2017-06-29;2017-06-30;2017-08-17;2017-09-01;2017-09-21;2017-12-25;2017-12-26;2018-01-01;2018-02-16;2018-03-30;2018-05-01;2018-05-10;2018-05-29;2018-06-01,2019-06-19,61,1
MDLA,2026-05-14;2026-05-15;2026-05-27;2026-05-28;2026-10-06;2026-10-07,,6,0
NOBU,2014-04-09;2014-07-09;2015-12-09;2017-01-02;2017-02-15;2017-04-19;2017-06-01;2017-06-23;2017-06-26;2017-06-27;2017-06-28;2017-06-29;2017-06-30;2017-08-17;2017-09-01;2017-09-21;2017-12-25;2017-12-26;2018-01-01;2018-02-16;2018-03-30;2018-05-01;2018-05-10;2018-05-29;2018-06-01,2017-04-05,56,1
FORE,2026-05-14;2026-05-15;2026-05-27;2026-05-28;2026-10-06;2026-10-07,,6,0
YUPI,2026-05-14;2026-05-15;2026-05-27;2026-05-28;2026-10-06;2026-10-07,,6,0
BOLT,2015-12-09;2017-01-02;2017-02-15;2017-04-19;2017-06-01;2017-06-23;2017-06-26;2017-06-27;2017-06-28;2017-06-29;2017-06-30;2017-08-17;2017-09-01;2017-09-21;2017-12-25;2017-12-26;2018-01-01;2018-02-16;2018-03-30;2018-05-01;2018-05-10;2018-05-29;2018-06-01;2018-06-11;2018-06-12,2016-03-11;2016-03-14;2016-04-11;2016-04-13;2016-04-14;2016-04-15;2016-04-18;2017-04-05;2019-06-19,54,9
KAQI,2026-05-14;2026-05-15;2026-05-27;2026-05-28;2026-10-06;2026-10-07,,6,0
MINE,2026-05-14;2026-05-15;2026-05-27;2026-05-28;2026-10-06;2026-10-07,,6,0
BJTM,2014-04-09;2014-07-09;2015-12-09;2017-01-02;2017-02-15;2017-04-19;2017-06-01;2017-06-23;2017-06-26;2017-06-27;2017-06-28;2017-06-29;2017-06-30;2017-08-17;2017-09-01;2017-09-21;2017-12-25;2017-12-26;2018-01-01;2018-02-16;2018-03-30;2018-05-01;2018-05-10;2018-05-29;2018-06-01,2019-06-19,56,1
WTON,2014-04-09;2014-07-09;2015-12-09;2017-01-02;2017-02-15;2017-04-19;2017-06-01;2017-06-23;2017-06-26;2017-06-27;2017-06-28;2017-06-29;2017-06-30;2017-08-17;2017-09-01;2017-09-21;2017-12-25;2017-12-26;2018-01-01;2018-02-16;2018-03-30;2018-05-01;2018-05-10;2018-05-29;2018-06-01,2016-03-11;2016-03-14;2016-04-11;2016-04-13;2016-04-14;2016-04-15;2016-04-18;2017-04-05;2019-06-19,56,9
SIDO,2014-04-09;2014-07-09;2015-12-09;2017-01-02;2017-02-15;2017-04-19;2017-06-01;2017-06-23;2017-06-26;2017-06-27;2017-06-28;2017-06-29;2017-06-30;2017-08-17;2017-09-01;2017-09-21;2017-12-25;2017-12-26;2018-01-01;2018-02-16;2018-03-30;2018-05-01;2018-05-10;2018-05-29;2018-06-01,2016-03-11;2016-03-14;2016-04-11;2016-04-13;2016-04-14;2016-04-15;2016-04-18;2017-04-05,56,8
AKKU,2026-05-01;2026-05-14;2026-05-15;2026-05-27;2026-05-28;2026-06-01;2026-06-16;2026-08-17;2026-08-25;2026-10-06;2026-10-07,,11,0
