ticker,in_official_current_universe,in_daily_snapshot,in_local_price_data,status
AADI,False,True,False,DAILY_MISSING_LOCAL_PRICE
AALI,False,True,False,DAILY_MISSING_LOCAL_PRICE
ABBA,False,True,False,DAILY_MISSING_LOCAL_PRICE
ABDA,False,True,False,DAILY_MISSING_LOCAL_PRICE
ABMM,False,True,False,DAILY_MISSING_LOCAL_PRICE
ACES,False,True,False,DAILY_MISSING_LOCAL_PRICE
ACRO,False,True,False,DAILY_MISSING_LOCAL_PRICE
ACST,False,True,True,DAILY_AND_LOCAL_ONLY
ADCP,False,True,False,DAILY_MISSING_LOCAL_PRICE
ADES,False,True,True,DAILY_AND_LOCAL_ONLY
ADHI,False,True,True,DAILY_AND_LOCAL_ONLY
ADMF,False,True,False,DAILY_MISSING_LOCAL_PRICE
ADMG,False,True,False,DAILY_MISSING_LOCAL_PRICE
ADMR,False,True,False,DAILY_MISSING_LOCAL_PRICE
ADRO,False,True,True,DAILY_AND_LOCAL_ONLY
AGAR,False,True,False,DAILY_MISSING_LOCAL_PRICE
AGII,False,True,False,DAILY_MISSING_LOCAL_PRICE
AGRO,False,True,True,DAILY_AND_LOCAL_ONLY
AGRS,False,True,False,DAILY_MISSING_LOCAL_PRICE
AHAP,False,True,False,DAILY_MISSING_LOCAL_PRICE
AIMS,False,True,False,DAILY_MISSING_LOCAL_PRICE
AISA,False,True,False,DAILY_MISSING_LOCAL_PRICE
AKKU,False,True,False,DAILY_MISSING_LOCAL_PRICE
AKPI,False,True,False,DAILY_MISSING_LOCAL_PRICE
AKRA,False,True,False,DAILY_MISSING_LOCAL_PRICE
AKSI,False,True,False,DAILY_MISSING_LOCAL_PRICE
ALDO,False,True,False,DAILY_MISSING_LOCAL_PRICE
ALKA,False,True,False,DAILY_MISSING_LOCAL_PRICE
ALMI,False,True,False,DAILY_MISSING_LOCAL_PRICE
ALTO,False,True,True,DAILY_AND_LOCAL_ONLY
AMAG,False,True,False,DAILY_MISSING_LOCAL_PRICE
AMAN,False,True,False,DAILY_MISSING_LOCAL_PRICE
AMAR,False,True,False,DAILY_MISSING_LOCAL_PRICE
AMFG,False,True,False,DAILY_MISSING_LOCAL_PRICE
AMIN,False,True,False,DAILY_MISSING_LOCAL_PRICE
AMMN,False,True,False,DAILY_MISSING_LOCAL_PRICE
AMMS,False,True,False,DAILY_MISSING_LOCAL_PRICE
AMOR,False,True,False,DAILY_MISSING_LOCAL_PRICE
AMRT,False,True,False,DAILY_MISSING_LOCAL_PRICE
ANDI,False,True,False,DAILY_MISSING_LOCAL_PRICE
ANJT,False,True,False,DAILY_MISSING_LOCAL_PRICE
ANTM,False,True,True,DAILY_AND_LOCAL_ONLY
APEX,False,True,False,DAILY_MISSING_LOCAL_PRICE
APIC,False,True,False,DAILY_MISSING_LOCAL_PRICE
APII,False,True,False,DAILY_MISSING_LOCAL_PRICE
APLI,False,True,False,DAILY_MISSING_LOCAL_PRICE
APLN,False,True,False,DAILY_MISSING_LOCAL_PRICE
ARCI,False,True,False,DAILY_MISSING_LOCAL_PRICE
AREA,False,True,False,DAILY_MISSING_LOCAL_PRICE
ARGO,False,True,False,DAILY_MISSING_LOCAL_PRICE
ARII,False,True,False,DAILY_MISSING_LOCAL_PRICE
ARKA,False,True,False,DAILY_MISSING_LOCAL_PRICE
ARKO,False,True,False,DAILY_MISSING_LOCAL_PRICE
ARMY,False,True,False,DAILY_MISSING_LOCAL_PRICE
ARNA,False,True,False,DAILY_MISSING_LOCAL_PRICE
ARTA,False,True,False,DAILY_MISSING_LOCAL_PRICE
ARTI,False,True,False,DAILY_MISSING_LOCAL_PRICE
ARTO,False,True,False,DAILY_MISSING_LOCAL_PRICE
ASBI,False,True,False,DAILY_MISSING_LOCAL_PRICE
ASDM,False,True,False,DAILY_MISSING_LOCAL_PRICE
ASGR,False,True,False,DAILY_MISSING_LOCAL_PRICE
ASHA,False,True,False,DAILY_MISSING_LOCAL_PRICE
ASII,False,True,True,DAILY_AND_LOCAL_ONLY
ASJT,False,True,False,DAILY_MISSING_LOCAL_PRICE
ASLC,False,True,False,DAILY_MISSING_LOCAL_PRICE
ASLI,False,True,False,DAILY_MISSING_LOCAL_PRICE
ASMI,False,True,False,DAILY_MISSING_LOCAL_PRICE
ASPI,False,True,False,DAILY_MISSING_LOCAL_PRICE
ASPR,False,True,False,DAILY_MISSING_LOCAL_PRICE
ASRI,False,True,False,DAILY_MISSING_LOCAL_PRICE
ASRM,False,True,False,DAILY_MISSING_LOCAL_PRICE
ASSA,False,True,False,DAILY_MISSING_LOCAL_PRICE
ATAP,False,True,False,DAILY_MISSING_LOCAL_PRICE
ATIC,False,True,False,DAILY_MISSING_LOCAL_PRICE
ATLA,False,True,False,DAILY_MISSING_LOCAL_PRICE
AUTO,False,True,False,DAILY_MISSING_LOCAL_PRICE
AVIA,False,True,False,DAILY_MISSING_LOCAL_PRICE
AWAN,False,True,False,DAILY_MISSING_LOCAL_PRICE
AXIO,False,True,False,DAILY_MISSING_LOCAL_PRICE
AYLS,False,True,False,DAILY_MISSING_LOCAL_PRICE
BABP,False,True,False,DAILY_MISSING_LOCAL_PRICE
BABY,False,True,False,DAILY_MISSING_LOCAL_PRICE
BACA,False,True,False,DAILY_MISSING_LOCAL_PRICE
BACH,False,True,False,DAILY_MISSING_LOCAL_PRICE
BAIK,False,True,False,DAILY_MISSING_LOCAL_PRICE
BAJA,False,True,False,DAILY_MISSING_LOCAL_PRICE
BALI,False,True,True,DAILY_AND_LOCAL_ONLY
BANK,False,True,False,DAILY_MISSING_LOCAL_PRICE
BAPA,False,True,False,DAILY_MISSING_LOCAL_PRICE
BAPI,False,True,False,DAILY_MISSING_LOCAL_PRICE
BATA,False,True,False,DAILY_MISSING_LOCAL_PRICE
BATR,False,True,False,DAILY_MISSING_LOCAL_PRICE
BAUT,False,True,False,DAILY_MISSING_LOCAL_PRICE
BAYU,False,True,False,DAILY_MISSING_LOCAL_PRICE
BBCA,False,True,True,DAILY_AND_LOCAL_ONLY
BBHI,False,True,False,DAILY_MISSING_LOCAL_PRICE
BBKP,False,True,False,DAILY_MISSING_LOCAL_PRICE
BBLD,False,True,False,DAILY_MISSING_LOCAL_PRICE
BBMD,False,True,False,DAILY_MISSING_LOCAL_PRICE
BBNI,False,True,True,DAILY_AND_LOCAL_ONLY
BBRI,False,True,True,DAILY_AND_LOCAL_ONLY
BBRM,False,True,False,DAILY_MISSING_LOCAL_PRICE
BBSI,False,True,False,DAILY_MISSING_LOCAL_PRICE
BBSS,False,True,False,DAILY_MISSING_LOCAL_PRICE
BBTN,False,True,False,DAILY_MISSING_LOCAL_PRICE
BBYB,False,True,False,DAILY_MISSING_LOCAL_PRICE
BCAP,False,True,False,DAILY_MISSING_LOCAL_PRICE
BCIC,False,True,False,DAILY_MISSING_LOCAL_PRICE
BCIP,False,True,False,DAILY_MISSING_LOCAL_PRICE
BDKR,False,True,False,DAILY_MISSING_LOCAL_PRICE
BDMN,False,True,True,DAILY_AND_LOCAL_ONLY
BEBS,False,True,False,DAILY_MISSING_LOCAL_PRICE
BEEF,False,True,False,DAILY_MISSING_LOCAL_PRICE
BEER,False,True,False,DAILY_MISSING_LOCAL_PRICE
BEKS,False,True,False,DAILY_MISSING_LOCAL_PRICE
BELI,False,True,False,DAILY_MISSING_LOCAL_PRICE
BELL,False,True,False,DAILY_MISSING_LOCAL_PRICE
BESS,False,True,False,DAILY_MISSING_LOCAL_PRICE
BEST,False,True,False,DAILY_MISSING_LOCAL_PRICE
BFIN,False,True,False,DAILY_MISSING_LOCAL_PRICE
BGTG,False,True,False,DAILY_MISSING_LOCAL_PRICE
BHAT,False,True,False,DAILY_MISSING_LOCAL_PRICE
BHIT,False,True,False,DAILY_MISSING_LOCAL_PRICE
BIKA,False,True,False,DAILY_MISSING_LOCAL_PRICE
BIKE,False,True,False,DAILY_MISSING_LOCAL_PRICE
BIMA,False,True,False,DAILY_MISSING_LOCAL_PRICE
BINA,False,True,False,DAILY_MISSING_LOCAL_PRICE
BINO,False,True,False,DAILY_MISSING_LOCAL_PRICE
BIPI,False,True,False,DAILY_MISSING_LOCAL_PRICE
BIPP,False,True,False,DAILY_MISSING_LOCAL_PRICE
BIRD,False,True,False,DAILY_MISSING_LOCAL_PRICE
BISI,False,True,False,DAILY_MISSING_LOCAL_PRICE
BJBR,False,True,True,DAILY_AND_LOCAL_ONLY
BJTM,False,True,True,DAILY_AND_LOCAL_ONLY
BKDP,False,True,False,DAILY_MISSING_LOCAL_PRICE
BKSL,False,True,True,DAILY_AND_LOCAL_ONLY
BKSW,False,True,False,DAILY_MISSING_LOCAL_PRICE
BLES,False,True,False,DAILY_MISSING_LOCAL_PRICE
BLOG,False,True,False,DAILY_MISSING_LOCAL_PRICE
BLTA,False,True,False,DAILY_MISSING_LOCAL_PRICE
BLTZ,False,True,False,DAILY_MISSING_LOCAL_PRICE
BLUE,False,True,False,DAILY_MISSING_LOCAL_PRICE
BMAS,False,True,False,DAILY_MISSING_LOCAL_PRICE
BMBL,False,True,False,DAILY_MISSING_LOCAL_PRICE
BMHS,False,True,False,DAILY_MISSING_LOCAL_PRICE
BMRI,False,True,True,DAILY_AND_LOCAL_ONLY
BMSR,False,True,False,DAILY_MISSING_LOCAL_PRICE
BMTR,False,True,False,DAILY_MISSING_LOCAL_PRICE
BNBA,False,True,False,DAILY_MISSING_LOCAL_PRICE
BNBR,False,True,False,DAILY_MISSING_LOCAL_PRICE
BNGA,False,True,True,DAILY_AND_LOCAL_ONLY
BNII,False,True,True,DAILY_AND_LOCAL_ONLY
BNLI,False,True,True,DAILY_AND_LOCAL_ONLY
BOAT,False,True,False,DAILY_MISSING_LOCAL_PRICE
BOBA,False,True,False,DAILY_MISSING_LOCAL_PRICE
BOGA,False,True,False,DAILY_MISSING_LOCAL_PRICE
BOLA,False,True,False,DAILY_MISSING_LOCAL_PRICE
BOLT,False,True,True,DAILY_AND_LOCAL_ONLY
BOSS,False,True,False,DAILY_MISSING_LOCAL_PRICE
BPFI,False,True,False,DAILY_MISSING_LOCAL_PRICE
BPII,False,True,False,DAILY_MISSING_LOCAL_PRICE
BPTR,False,True,False,DAILY_MISSING_LOCAL_PRICE
BRAM,False,True,False,DAILY_MISSING_LOCAL_PRICE
BREN,False,True,False,DAILY_MISSING_LOCAL_PRICE
BRIS,False,True,False,DAILY_MISSING_LOCAL_PRICE
BRMS,False,True,True,DAILY_AND_LOCAL_ONLY
BRNA,False,True,False,DAILY_MISSING_LOCAL_PRICE
BRPT,False,True,False,DAILY_MISSING_LOCAL_PRICE
BSBK,False,True,False,DAILY_MISSING_LOCAL_PRICE
BSDE,False,True,True,DAILY_AND_LOCAL_ONLY
BSIM,False,True,True,DAILY_AND_LOCAL_ONLY
BSML,False,True,False,DAILY_MISSING_LOCAL_PRICE
BSSR,False,True,False,DAILY_MISSING_LOCAL_PRICE
BSWD,False,True,False,DAILY_MISSING_LOCAL_PRICE
BTEK,False,True,False,DAILY_MISSING_LOCAL_PRICE
BTEL,False,True,False,DAILY_MISSING_LOCAL_PRICE
BTON,False,True,False,DAILY_MISSING_LOCAL_PRICE
BTPN,False,True,True,DAILY_AND_LOCAL_ONLY
BTPS,False,True,False,DAILY_MISSING_LOCAL_PRICE
BUAH,False,True,False,DAILY_MISSING_LOCAL_PRICE
BUDI,False,True,True,DAILY_AND_LOCAL_ONLY
BUKA,False,True,True,DAILY_AND_LOCAL_ONLY
BUKK,False,True,False,DAILY_MISSING_LOCAL_PRICE
BULL,False,True,False,DAILY_MISSING_LOCAL_PRICE
BUMI,False,True,False,DAILY_MISSING_LOCAL_PRICE
BUVA,False,True,False,DAILY_MISSING_LOCAL_PRICE
BVIC,False,True,False,DAILY_MISSING_LOCAL_PRICE
BWPT,False,True,False,DAILY_MISSING_LOCAL_PRICE
BYAN,False,True,False,DAILY_MISSING_LOCAL_PRICE
CAKK,False,True,False,DAILY_MISSING_LOCAL_PRICE
CAMP,False,True,False,DAILY_MISSING_LOCAL_PRICE
CANI,False,True,False,DAILY_MISSING_LOCAL_PRICE
CARE,False,True,False,DAILY_MISSING_LOCAL_PRICE
CARS,False,True,False,DAILY_MISSING_LOCAL_PRICE
CASA,False,True,False,DAILY_MISSING_LOCAL_PRICE
CASH,False,True,False,DAILY_MISSING_LOCAL_PRICE
CASS,False,True,False,DAILY_MISSING_LOCAL_PRICE
CBDK,False,True,False,DAILY_MISSING_LOCAL_PRICE
CBMF,False,True,False,DAILY_MISSING_LOCAL_PRICE
CBPE,False,True,False,DAILY_MISSING_LOCAL_PRICE
CBRE,False,True,False,DAILY_MISSING_LOCAL_PRICE
CBUT,False,True,False,DAILY_MISSING_LOCAL_PRICE
CCSI,False,True,False,DAILY_MISSING_LOCAL_PRICE
CDIA,False,True,False,DAILY_MISSING_LOCAL_PRICE
CEKA,False,True,True,DAILY_AND_LOCAL_ONLY
CENT,False,True,False,DAILY_MISSING_LOCAL_PRICE
CFIN,False,True,False,DAILY_MISSING_LOCAL_PRICE
CGAS,False,True,False,DAILY_MISSING_LOCAL_PRICE
CHEK,False,True,False,DAILY_MISSING_LOCAL_PRICE
CHEM,False,True,False,DAILY_MISSING_LOCAL_PRICE
CHIP,False,True,False,DAILY_MISSING_LOCAL_PRICE
CINT,False,True,False,DAILY_MISSING_LOCAL_PRICE
CITA,False,True,False,DAILY_MISSING_LOCAL_PRICE
CITY,False,True,False,DAILY_MISSING_LOCAL_PRICE
CLAY,False,True,False,DAILY_MISSING_LOCAL_PRICE
CLEO,False,True,True,DAILY_AND_LOCAL_ONLY
CLPI,False,True,False,DAILY_MISSING_LOCAL_PRICE
CMNP,False,True,False,DAILY_MISSING_LOCAL_PRICE
CMNT,False,True,False,DAILY_MISSING_LOCAL_PRICE
CMPP,False,True,False,DAILY_MISSING_LOCAL_PRICE
CMRY,False,True,False,DAILY_MISSING_LOCAL_PRICE
CNKO,False,True,False,DAILY_MISSING_LOCAL_PRICE
CNMA,False,True,False,DAILY_MISSING_LOCAL_PRICE
COAL,False,True,False,DAILY_MISSING_LOCAL_PRICE
COCO,False,True,False,DAILY_MISSING_LOCAL_PRICE
COIN,False,True,False,DAILY_MISSING_LOCAL_PRICE
COWL,False,True,False,DAILY_MISSING_LOCAL_PRICE
CPIN,False,True,False,DAILY_MISSING_LOCAL_PRICE
CPRI,False,True,False,DAILY_MISSING_LOCAL_PRICE
CPRO,False,True,False,DAILY_MISSING_LOCAL_PRICE
CRAB,False,True,False,DAILY_MISSING_LOCAL_PRICE
CRSN,False,True,False,DAILY_MISSING_LOCAL_PRICE
CSAP,False,True,False,DAILY_MISSING_LOCAL_PRICE
CSIS,False,True,False,DAILY_MISSING_LOCAL_PRICE
CSMI,False,True,False,DAILY_MISSING_LOCAL_PRICE
CSRA,False,True,False,DAILY_MISSING_LOCAL_PRICE
CTBN,False,True,False,DAILY_MISSING_LOCAL_PRICE
CTRA,False,True,True,DAILY_AND_LOCAL_ONLY
CTTH,False,True,False,DAILY_MISSING_LOCAL_PRICE
CUAN,False,True,False,DAILY_MISSING_LOCAL_PRICE
CYBR,False,True,False,DAILY_MISSING_LOCAL_PRICE
DAAZ,False,True,False,DAILY_MISSING_LOCAL_PRICE
DADA,False,True,False,DAILY_MISSING_LOCAL_PRICE
DART,False,True,False,DAILY_MISSING_LOCAL_PRICE
DATA,False,True,False,DAILY_MISSING_LOCAL_PRICE
DAYA,False,True,False,DAILY_MISSING_LOCAL_PRICE
DCII,False,True,False,DAILY_MISSING_LOCAL_PRICE
DEAL,False,True,False,DAILY_MISSING_LOCAL_PRICE
DEFI,False,True,False,DAILY_MISSING_LOCAL_PRICE
DEPO,False,True,False,DAILY_MISSING_LOCAL_PRICE
DEWA,False,True,False,DAILY_MISSING_LOCAL_PRICE
DEWI,False,True,False,DAILY_MISSING_LOCAL_PRICE
DFAM,False,True,False,DAILY_MISSING_LOCAL_PRICE
DGIK,False,True,False,DAILY_MISSING_LOCAL_PRICE
DGNS,False,True,False,DAILY_MISSING_LOCAL_PRICE
DGWG,False,True,False,DAILY_MISSING_LOCAL_PRICE
DIGI,False,True,False,DAILY_MISSING_LOCAL_PRICE
DILD,False,True,False,DAILY_MISSING_LOCAL_PRICE
DIVA,False,True,False,DAILY_MISSING_LOCAL_PRICE
DKFT,False,True,False,DAILY_MISSING_LOCAL_PRICE
DKHH,False,True,False,DAILY_MISSING_LOCAL_PRICE
DLTA,False,True,True,DAILY_AND_LOCAL_ONLY
DMAS,False,True,False,DAILY_MISSING_LOCAL_PRICE
DMMX,False,True,False,DAILY_MISSING_LOCAL_PRICE
DMND,False,True,False,DAILY_MISSING_LOCAL_PRICE
DNAR,False,True,False,DAILY_MISSING_LOCAL_PRICE
DNET,False,True,False,DAILY_MISSING_LOCAL_PRICE
DOID,False,True,False,DAILY_MISSING_LOCAL_PRICE
DOOH,False,True,False,DAILY_MISSING_LOCAL_PRICE
DOSS,False,True,False,DAILY_MISSING_LOCAL_PRICE
DPNS,False,True,False,DAILY_MISSING_LOCAL_PRICE
DPUM,False,True,False,DAILY_MISSING_LOCAL_PRICE
DRMA,False,True,False,DAILY_MISSING_LOCAL_PRICE
DSFI,False,True,False,DAILY_MISSING_LOCAL_PRICE
DSNG,False,True,False,DAILY_MISSING_LOCAL_PRICE
DSSA,False,True,False,DAILY_MISSING_LOCAL_PRICE
DUCK,False,True,False,DAILY_MISSING_LOCAL_PRICE
DUTI,False,True,False,DAILY_MISSING_LOCAL_PRICE
DVLA,False,True,True,DAILY_AND_LOCAL_ONLY
DWGL,False,True,False,DAILY_MISSING_LOCAL_PRICE
DYAN,False,True,False,DAILY_MISSING_LOCAL_PRICE
EAST,False,True,False,DAILY_MISSING_LOCAL_PRICE
ECII,False,True,False,DAILY_MISSING_LOCAL_PRICE
EDGE,False,True,False,DAILY_MISSING_LOCAL_PRICE
EKAD,False,True,False,DAILY_MISSING_LOCAL_PRICE
ELIT,False,True,False,DAILY_MISSING_LOCAL_PRICE
ELPI,False,True,False,DAILY_MISSING_LOCAL_PRICE
ELSA,False,True,True,DAILY_AND_LOCAL_ONLY
ELTY,False,True,False,DAILY_MISSING_LOCAL_PRICE
EMAS,False,True,False,DAILY_MISSING_LOCAL_PRICE
EMDE,False,True,False,DAILY_MISSING_LOCAL_PRICE
EMMI,False,True,False,DAILY_MISSING_LOCAL_PRICE
EMTK,False,True,True,DAILY_AND_LOCAL_ONLY
ENAK,False,True,False,DAILY_MISSING_LOCAL_PRICE
ENRG,False,True,False,DAILY_MISSING_LOCAL_PRICE
ENVY,False,True,False,DAILY_MISSING_LOCAL_PRICE
ENZO,False,True,False,DAILY_MISSING_LOCAL_PRICE
EPAC,False,True,False,DAILY_MISSING_LOCAL_PRICE
EPMT,False,True,False,DAILY_MISSING_LOCAL_PRICE
ERAA,False,True,False,DAILY_MISSING_LOCAL_PRICE
ERAL,False,True,False,DAILY_MISSING_LOCAL_PRICE
ERTX,False,True,False,DAILY_MISSING_LOCAL_PRICE
ESIP,False,True,False,DAILY_MISSING_LOCAL_PRICE
ESSA,False,True,False,DAILY_MISSING_LOCAL_PRICE
ESTA,False,True,False,DAILY_MISSING_LOCAL_PRICE
ESTI,False,True,False,DAILY_MISSING_LOCAL_PRICE
ETWA,False,True,False,DAILY_MISSING_LOCAL_PRICE
EURO,False,True,False,DAILY_MISSING_LOCAL_PRICE
EXCL,False,True,True,DAILY_AND_LOCAL_ONLY
FAPA,False,True,False,DAILY_MISSING_LOCAL_PRICE
FAST,False,True,False,DAILY_MISSING_LOCAL_PRICE
FASW,False,True,False,DAILY_MISSING_LOCAL_PRICE
FILM,False,True,False,DAILY_MISSING_LOCAL_PRICE
FIMP,False,True,False,DAILY_MISSING_LOCAL_PRICE
FIRE,False,True,False,DAILY_MISSING_LOCAL_PRICE
FISH,False,True,False,DAILY_MISSING_LOCAL_PRICE
FITT,False,True,False,DAILY_MISSING_LOCAL_PRICE
FLMC,False,True,False,DAILY_MISSING_LOCAL_PRICE
FMII,False,True,False,DAILY_MISSING_LOCAL_PRICE
FOLK,False,True,False,DAILY_MISSING_LOCAL_PRICE
FOOD,False,True,False,DAILY_MISSING_LOCAL_PRICE
FORE,False,True,False,DAILY_MISSING_LOCAL_PRICE
FORU,False,True,False,DAILY_MISSING_LOCAL_PRICE
FPNI,False,True,False,DAILY_MISSING_LOCAL_PRICE
FUJI,False,True,False,DAILY_MISSING_LOCAL_PRICE
FUTR,False,True,False,DAILY_MISSING_LOCAL_PRICE
FWCT,False,True,False,DAILY_MISSING_LOCAL_PRICE
GAMA,False,True,False,DAILY_MISSING_LOCAL_PRICE
GDST,False,True,False,DAILY_MISSING_LOCAL_PRICE
GDYR,False,True,False,DAILY_MISSING_LOCAL_PRICE
GEMA,False,True,False,DAILY_MISSING_LOCAL_PRICE
GEMS,False,True,False,DAILY_MISSING_LOCAL_PRICE
GGRM,False,True,True,DAILY_AND_LOCAL_ONLY
GGRP,False,True,False,DAILY_MISSING_LOCAL_PRICE
GHON,False,True,False,DAILY_MISSING_LOCAL_PRICE
GIAA,False,True,False,DAILY_MISSING_LOCAL_PRICE
GJTL,False,True,True,DAILY_AND_LOCAL_ONLY
GLOB,False,True,False,DAILY_MISSING_LOCAL_PRICE
GLVA,False,True,False,DAILY_MISSING_LOCAL_PRICE
GMFI,False,True,False,DAILY_MISSING_LOCAL_PRICE
GMTD,False,True,False,DAILY_MISSING_LOCAL_PRICE
GOLD,False,True,False,DAILY_MISSING_LOCAL_PRICE
GOLF,False,True,False,DAILY_MISSING_LOCAL_PRICE
GOLL,False,True,False,DAILY_MISSING_LOCAL_PRICE
GOOD,False,True,False,DAILY_MISSING_LOCAL_PRICE
GOTO,False,True,True,DAILY_AND_LOCAL_ONLY
GPRA,False,True,False,DAILY_MISSING_LOCAL_PRICE
GPSO,False,True,False,DAILY_MISSING_LOCAL_PRICE
GRIA,False,True,False,DAILY_MISSING_LOCAL_PRICE
GRPH,False,True,False,DAILY_MISSING_LOCAL_PRICE
GRPM,False,True,False,DAILY_MISSING_LOCAL_PRICE
GSMF,False,True,False,DAILY_MISSING_LOCAL_PRICE
GTBO,False,True,False,DAILY_MISSING_LOCAL_PRICE
GTRA,False,True,False,DAILY_MISSING_LOCAL_PRICE
GTSI,False,True,False,DAILY_MISSING_LOCAL_PRICE
GULA,False,True,False,DAILY_MISSING_LOCAL_PRICE
GUNA,False,True,False,DAILY_MISSING_LOCAL_PRICE
GWSA,False,True,False,DAILY_MISSING_LOCAL_PRICE
GZCO,False,True,False,DAILY_MISSING_LOCAL_PRICE
HADE,False,True,False,DAILY_MISSING_LOCAL_PRICE
HAIS,False,True,False,DAILY_MISSING_LOCAL_PRICE
HAJJ,False,True,False,DAILY_MISSING_LOCAL_PRICE
HALO,False,True,False,DAILY_MISSING_LOCAL_PRICE
HATM,False,True,False,DAILY_MISSING_LOCAL_PRICE
HBAT,False,True,False,DAILY_MISSING_LOCAL_PRICE
HDFA,False,True,False,DAILY_MISSING_LOCAL_PRICE
HDIT,False,True,False,DAILY_MISSING_LOCAL_PRICE
HEAL,False,True,False,DAILY_MISSING_LOCAL_PRICE
HELI,False,True,False,DAILY_MISSING_LOCAL_PRICE
HERO,False,True,False,DAILY_MISSING_LOCAL_PRICE
HEXA,False,True,False,DAILY_MISSING_LOCAL_PRICE
HGII,False,True,False,DAILY_MISSING_LOCAL_PRICE
HILL,False,True,False,DAILY_MISSING_LOCAL_PRICE
HITS,False,True,False,DAILY_MISSING_LOCAL_PRICE
HKMU,False,True,False,DAILY_MISSING_LOCAL_PRICE
HMSP,False,True,True,DAILY_AND_LOCAL_ONLY
HOKI,False,True,False,DAILY_MISSING_LOCAL_PRICE
HOME,False,True,False,DAILY_MISSING_LOCAL_PRICE
HOMI,False,True,False,DAILY_MISSING_LOCAL_PRICE
HOPE,False,True,False,DAILY_MISSING_LOCAL_PRICE
HOTL,False,True,False,DAILY_MISSING_LOCAL_PRICE
HRME,False,True,False,DAILY_MISSING_LOCAL_PRICE
HRTA,False,True,False,DAILY_MISSING_LOCAL_PRICE
HRUM,False,True,True,DAILY_AND_LOCAL_ONLY
HUMI,False,True,False,DAILY_MISSING_LOCAL_PRICE
HYGN,False,True,False,DAILY_MISSING_LOCAL_PRICE
IATA,False,True,False,DAILY_MISSING_LOCAL_PRICE
IBFN,False,True,False,DAILY_MISSING_LOCAL_PRICE
IBOS,False,True,False,DAILY_MISSING_LOCAL_PRICE
IBST,False,True,False,DAILY_MISSING_LOCAL_PRICE
ICBP,False,True,True,DAILY_AND_LOCAL_ONLY
ICON,False,True,False,DAILY_MISSING_LOCAL_PRICE
IDEA,False,True,False,DAILY_MISSING_LOCAL_PRICE
IDPR,False,True,False,DAILY_MISSING_LOCAL_PRICE
IFII,False,True,False,DAILY_MISSING_LOCAL_PRICE
IFSH,False,True,False,DAILY_MISSING_LOCAL_PRICE
IGAR,False,True,False,DAILY_MISSING_LOCAL_PRICE
IIKP,False,True,False,DAILY_MISSING_LOCAL_PRICE
IKAI,False,True,False,DAILY_MISSING_LOCAL_PRICE
IKAN,False,True,False,DAILY_MISSING_LOCAL_PRICE
IKBI,False,True,False,DAILY_MISSING_LOCAL_PRICE
IKPM,False,True,False,DAILY_MISSING_LOCAL_PRICE
IMAS,False,True,False,DAILY_MISSING_LOCAL_PRICE
IMJS,False,True,False,DAILY_MISSING_LOCAL_PRICE
IMPC,False,True,False,DAILY_MISSING_LOCAL_PRICE
INAF,False,True,False,DAILY_MISSING_LOCAL_PRICE
INAI,False,True,False,DAILY_MISSING_LOCAL_PRICE
INCF,False,True,False,DAILY_MISSING_LOCAL_PRICE
INCI,False,True,False,DAILY_MISSING_LOCAL_PRICE
INCO,False,True,False,DAILY_MISSING_LOCAL_PRICE
INDF,False,True,True,DAILY_AND_LOCAL_ONLY
INDO,False,True,False,DAILY_MISSING_LOCAL_PRICE
INDR,False,True,False,DAILY_MISSING_LOCAL_PRICE
INDS,False,True,True,DAILY_AND_LOCAL_ONLY
INDX,False,True,False,DAILY_MISSING_LOCAL_PRICE
INDY,False,True,True,DAILY_AND_LOCAL_ONLY
INET,False,True,False,DAILY_MISSING_LOCAL_PRICE
INKP,False,True,True,DAILY_AND_LOCAL_ONLY
INOV,False,True,False,DAILY_MISSING_LOCAL_PRICE
INPC,False,True,True,DAILY_AND_LOCAL_ONLY
INPP,False,True,False,DAILY_MISSING_LOCAL_PRICE
INPS,False,True,False,DAILY_MISSING_LOCAL_PRICE
INRU,False,True,True,DAILY_AND_LOCAL_ONLY
INTA,False,True,False,DAILY_MISSING_LOCAL_PRICE
INTD,False,True,False,DAILY_MISSING_LOCAL_PRICE
INTP,False,True,False,DAILY_MISSING_LOCAL_PRICE
IOTF,False,True,False,DAILY_MISSING_LOCAL_PRICE
IPAC,False,True,False,DAILY_MISSING_LOCAL_PRICE
IPCC,False,True,False,DAILY_MISSING_LOCAL_PRICE
IPCM,False,True,False,DAILY_MISSING_LOCAL_PRICE
IPOL,False,True,False,DAILY_MISSING_LOCAL_PRICE
IPPE,False,True,False,DAILY_MISSING_LOCAL_PRICE
IPTV,False,True,False,DAILY_MISSING_LOCAL_PRICE
IRRA,False,True,False,DAILY_MISSING_LOCAL_PRICE
IRSX,False,True,False,DAILY_MISSING_LOCAL_PRICE
ISAP,False,True,False,DAILY_MISSING_LOCAL_PRICE
ISAT,False,True,True,DAILY_AND_LOCAL_ONLY
ISEA,False,True,False,DAILY_MISSING_LOCAL_PRICE
ISSP,False,True,False,DAILY_MISSING_LOCAL_PRICE
ITIC,False,True,False,DAILY_MISSING_LOCAL_PRICE
ITMA,False,True,False,DAILY_MISSING_LOCAL_PRICE
ITMG,False,True,True,DAILY_AND_LOCAL_ONLY
JARR,False,True,False,DAILY_MISSING_LOCAL_PRICE
JAST,False,True,False,DAILY_MISSING_LOCAL_PRICE
JATI,False,True,False,DAILY_MISSING_LOCAL_PRICE
JAWA,False,True,False,DAILY_MISSING_LOCAL_PRICE
JAYA,False,True,False,DAILY_MISSING_LOCAL_PRICE
JECC,False,True,False,DAILY_MISSING_LOCAL_PRICE
JELI,False,True,False,DAILY_MISSING_LOCAL_PRICE
JGLE,False,True,False,DAILY_MISSING_LOCAL_PRICE
JIHD,False,True,False,DAILY_MISSING_LOCAL_PRICE
JKON,False,True,False,DAILY_MISSING_LOCAL_PRICE
JMAS,False,True,False,DAILY_MISSING_LOCAL_PRICE
JPFA,False,True,False,DAILY_MISSING_LOCAL_PRICE
JRPT,False,True,False,DAILY_MISSING_LOCAL_PRICE
JSKY,False,True,False,DAILY_MISSING_LOCAL_PRICE
JSMR,False,True,True,DAILY_AND_LOCAL_ONLY
JSPT,False,True,False,DAILY_MISSING_LOCAL_PRICE
JTPE,False,True,False,DAILY_MISSING_LOCAL_PRICE
KAEF,False,True,True,DAILY_AND_LOCAL_ONLY
KAQI,False,True,False,DAILY_MISSING_LOCAL_PRICE
KARW,False,True,False,DAILY_MISSING_LOCAL_PRICE
KAYU,False,True,False,DAILY_MISSING_LOCAL_PRICE
KBAG,False,True,False,DAILY_MISSING_LOCAL_PRICE
KBLI,False,True,False,DAILY_MISSING_LOCAL_PRICE
KBLM,False,True,True,DAILY_AND_LOCAL_ONLY
KBLV,False,True,False,DAILY_MISSING_LOCAL_PRICE
KBRI,False,True,False,DAILY_MISSING_LOCAL_PRICE
KDSI,False,True,False,DAILY_MISSING_LOCAL_PRICE
KDTN,False,True,False,DAILY_MISSING_LOCAL_PRICE
KEEN,False,True,False,DAILY_MISSING_LOCAL_PRICE
KEJU,False,True,False,DAILY_MISSING_LOCAL_PRICE
KETR,False,True,False,DAILY_MISSING_LOCAL_PRICE
KIAS,False,True,False,DAILY_MISSING_LOCAL_PRICE
KICI,False,True,False,DAILY_MISSING_LOCAL_PRICE
KIJA,False,True,False,DAILY_MISSING_LOCAL_PRICE
KINO,False,True,False,DAILY_MISSING_LOCAL_PRICE
KIOS,False,True,False,DAILY_MISSING_LOCAL_PRICE
KJEN,False,True,False,DAILY_MISSING_LOCAL_PRICE
KKES,False,True,False,DAILY_MISSING_LOCAL_PRICE
KKGI,False,True,False,DAILY_MISSING_LOCAL_PRICE
KLAS,False,True,False,DAILY_MISSING_LOCAL_PRICE
KLBF,False,True,True,DAILY_AND_LOCAL_ONLY
KLIN,False,True,False,DAILY_MISSING_LOCAL_PRICE
KMDS,False,True,False,DAILY_MISSING_LOCAL_PRICE
KMTR,False,True,False,DAILY_MISSING_LOCAL_PRICE
KOBX,False,True,False,DAILY_MISSING_LOCAL_PRICE
KOCI,False,True,False,DAILY_MISSING_LOCAL_PRICE
KOIN,False,True,False,DAILY_MISSING_LOCAL_PRICE
KOKA,False,True,False,DAILY_MISSING_LOCAL_PRICE
KONI,False,True,False,DAILY_MISSING_LOCAL_PRICE
KOPI,False,True,False,DAILY_MISSING_LOCAL_PRICE
KOTA,False,True,False,DAILY_MISSING_LOCAL_PRICE
KPIG,False,True,False,DAILY_MISSING_LOCAL_PRICE
KRAS,False,True,False,DAILY_MISSING_LOCAL_PRICE
KREN,False,True,False,DAILY_MISSING_LOCAL_PRICE
KRYA,False,True,False,DAILY_MISSING_LOCAL_PRICE
KSIX,False,True,False,DAILY_MISSING_LOCAL_PRICE
KUAS,False,True,False,DAILY_MISSING_LOCAL_PRICE
LABA,False,True,False,DAILY_MISSING_LOCAL_PRICE
LABS,False,True,False,DAILY_MISSING_LOCAL_PRICE
LAJU,False,True,False,DAILY_MISSING_LOCAL_PRICE
LAND,False,True,False,DAILY_MISSING_LOCAL_PRICE
LAPD,False,True,False,DAILY_MISSING_LOCAL_PRICE
LCGP,False,True,False,DAILY_MISSING_LOCAL_PRICE
LCKM,False,True,False,DAILY_MISSING_LOCAL_PRICE
LEAD,False,True,False,DAILY_MISSING_LOCAL_PRICE
LFLO,False,True,False,DAILY_MISSING_LOCAL_PRICE
LIFE,False,True,False,DAILY_MISSING_LOCAL_PRICE
LINK,False,True,False,DAILY_MISSING_LOCAL_PRICE
LION,False,True,False,DAILY_MISSING_LOCAL_PRICE
LIVE,False,True,False,DAILY_MISSING_LOCAL_PRICE
LMAS,False,True,False,DAILY_MISSING_LOCAL_PRICE
LMAX,False,True,False,DAILY_MISSING_LOCAL_PRICE
LMPI,False,True,False,DAILY_MISSING_LOCAL_PRICE
LMSH,False,True,False,DAILY_MISSING_LOCAL_PRICE
LOPI,False,True,False,DAILY_MISSING_LOCAL_PRICE
LPCK,False,True,True,DAILY_AND_LOCAL_ONLY
LPGI,False,True,False,DAILY_MISSING_LOCAL_PRICE
LPIN,False,True,False,DAILY_MISSING_LOCAL_PRICE
LPKR,False,True,True,DAILY_AND_LOCAL_ONLY
LPLI,False,True,False,DAILY_MISSING_LOCAL_PRICE
LPPF,False,True,False,DAILY_MISSING_LOCAL_PRICE
LPPS,False,True,False,DAILY_MISSING_LOCAL_PRICE
LRNA,False,True,False,DAILY_MISSING_LOCAL_PRICE
LSIP,False,True,False,DAILY_MISSING_LOCAL_PRICE
LTLS,False,True,False,DAILY_MISSING_LOCAL_PRICE
LUCK,False,True,False,DAILY_MISSING_LOCAL_PRICE
LUCY,False,True,False,DAILY_MISSING_LOCAL_PRICE
MABA,False,True,False,DAILY_MISSING_LOCAL_PRICE
MAGP,False,True,False,DAILY_MISSING_LOCAL_PRICE
MAHA,False,True,False,DAILY_MISSING_LOCAL_PRICE
MAIN,False,True,False,DAILY_MISSING_LOCAL_PRICE
MANG,False,True,False,DAILY_MISSING_LOCAL_PRICE
MAPA,False,True,False,DAILY_MISSING_LOCAL_PRICE
MAPB,False,True,False,DAILY_MISSING_LOCAL_PRICE
MAPI,False,True,False,DAILY_MISSING_LOCAL_PRICE
MARI,False,True,False,DAILY_MISSING_LOCAL_PRICE
MARK,False,True,False,DAILY_MISSING_LOCAL_PRICE
MASB,False,True,False,DAILY_MISSING_LOCAL_PRICE
MAXI,False,True,False,DAILY_MISSING_LOCAL_PRICE
MAYA,False,True,True,DAILY_AND_LOCAL_ONLY
MBAP,False,True,False,DAILY_MISSING_LOCAL_PRICE
MBMA,False,True,False,DAILY_MISSING_LOCAL_PRICE
MBSS,False,True,False,DAILY_MISSING_LOCAL_PRICE
MBTO,False,True,False,DAILY_MISSING_LOCAL_PRICE
MCAS,False,True,False,DAILY_MISSING_LOCAL_PRICE
MCOL,False,True,False,DAILY_MISSING_LOCAL_PRICE
MCOR,False,True,False,DAILY_MISSING_LOCAL_PRICE
MDIA,False,True,False,DAILY_MISSING_LOCAL_PRICE
MDIY,False,True,False,DAILY_MISSING_LOCAL_PRICE
MDKA,False,True,False,DAILY_MISSING_LOCAL_PRICE
MDKI,False,True,False,DAILY_MISSING_LOCAL_PRICE
MDLA,False,True,False,DAILY_MISSING_LOCAL_PRICE
MDLN,False,True,False,DAILY_MISSING_LOCAL_PRICE
MDRN,False,True,False,DAILY_MISSING_LOCAL_PRICE
MEDC,False,True,True,DAILY_AND_LOCAL_ONLY
MEDS,False,True,False,DAILY_MISSING_LOCAL_PRICE
MEGA,False,True,True,DAILY_AND_LOCAL_ONLY
MEJA,False,True,False,DAILY_MISSING_LOCAL_PRICE
MENN,False,True,False,DAILY_MISSING_LOCAL_PRICE
MERI,False,True,False,DAILY_MISSING_LOCAL_PRICE
MERK,False,True,True,DAILY_AND_LOCAL_ONLY
META,False,True,False,DAILY_MISSING_LOCAL_PRICE
MFMI,False,True,False,DAILY_MISSING_LOCAL_PRICE
MGLV,False,True,False,DAILY_MISSING_LOCAL_PRICE
MGNA,False,True,False,DAILY_MISSING_LOCAL_PRICE
MGRO,False,True,False,DAILY_MISSING_LOCAL_PRICE
MHKI,False,True,False,DAILY_MISSING_LOCAL_PRICE
MICE,False,True,False,DAILY_MISSING_LOCAL_PRICE
MIDI,False,True,False,DAILY_MISSING_LOCAL_PRICE
MIKA,False,True,False,DAILY_MISSING_LOCAL_PRICE
MINA,False,True,False,DAILY_MISSING_LOCAL_PRICE
MINE,False,True,False,DAILY_MISSING_LOCAL_PRICE
MIRA,False,True,False,DAILY_MISSING_LOCAL_PRICE
MITI,False,True,False,DAILY_MISSING_LOCAL_PRICE
MKAP,False,True,False,DAILY_MISSING_LOCAL_PRICE
MKNT,False,True,False,DAILY_MISSING_LOCAL_PRICE
MKPI,False,True,False,DAILY_MISSING_LOCAL_PRICE
MKTR,False,True,False,DAILY_MISSING_LOCAL_PRICE
MLBI,False,True,True,DAILY_AND_LOCAL_ONLY
MLIA,False,True,False,DAILY_MISSING_LOCAL_PRICE
MLPL,False,True,False,DAILY_MISSING_LOCAL_PRICE
MLPT,False,True,True,DAILY_AND_LOCAL_ONLY
MMIX,False,True,False,DAILY_MISSING_LOCAL_PRICE
MMLP,False,True,False,DAILY_MISSING_LOCAL_PRICE
MNCN,False,True,False,DAILY_MISSING_LOCAL_PRICE
MOLI,False,True,False,DAILY_MISSING_LOCAL_PRICE
MORA,False,True,False,DAILY_MISSING_LOCAL_PRICE
MPMX,False,True,False,DAILY_MISSING_LOCAL_PRICE
MPOW,False,True,False,DAILY_MISSING_LOCAL_PRICE
MPPA,False,True,False,DAILY_MISSING_LOCAL_PRICE
MPRO,False,True,False,DAILY_MISSING_LOCAL_PRICE
MPXL,False,True,False,DAILY_MISSING_LOCAL_PRICE
MRAT,False,True,False,DAILY_MISSING_LOCAL_PRICE
MREI,False,True,False,DAILY_MISSING_LOCAL_PRICE
MSIE,False,True,False,DAILY_MISSING_LOCAL_PRICE
MSIN,False,True,False,DAILY_MISSING_LOCAL_PRICE
MSJA,False,True,False,DAILY_MISSING_LOCAL_PRICE
MSKY,False,True,False,DAILY_MISSING_LOCAL_PRICE
MSTI,False,True,False,DAILY_MISSING_LOCAL_PRICE
MTDL,False,True,True,DAILY_AND_LOCAL_ONLY
MTEL,False,True,False,DAILY_MISSING_LOCAL_PRICE
MTFN,False,True,False,DAILY_MISSING_LOCAL_PRICE
MTLA,False,True,False,DAILY_MISSING_LOCAL_PRICE
MTMH,False,True,False,DAILY_MISSING_LOCAL_PRICE
MTPS,False,True,False,DAILY_MISSING_LOCAL_PRICE
MTRA,False,True,False,DAILY_MISSING_LOCAL_PRICE
MTSM,False,True,False,DAILY_MISSING_LOCAL_PRICE
MTWI,False,True,False,DAILY_MISSING_LOCAL_PRICE
MUTU,False,True,False,DAILY_MISSING_LOCAL_PRICE
MYOH,False,True,False,DAILY_MISSING_LOCAL_PRICE
MYOR,False,True,True,DAILY_AND_LOCAL_ONLY
MYTX,False,True,False,DAILY_MISSING_LOCAL_PRICE
NAIK,False,True,False,DAILY_MISSING_LOCAL_PRICE
NANO,False,True,False,DAILY_MISSING_LOCAL_PRICE
NASA,False,True,False,DAILY_MISSING_LOCAL_PRICE
NASI,False,True,False,DAILY_MISSING_LOCAL_PRICE
NATO,False,True,False,DAILY_MISSING_LOCAL_PRICE
NAYZ,False,True,False,DAILY_MISSING_LOCAL_PRICE
NCKL,False,True,False,DAILY_MISSING_LOCAL_PRICE
NELY,False,True,False,DAILY_MISSING_LOCAL_PRICE
NEST,False,True,False,DAILY_MISSING_LOCAL_PRICE
NETV,False,True,False,DAILY_MISSING_LOCAL_PRICE
NFCX,False,True,False,DAILY_MISSING_LOCAL_PRICE
NICE,False,True,False,DAILY_MISSING_LOCAL_PRICE
NICK,False,True,False,DAILY_MISSING_LOCAL_PRICE
NICL,False,True,False,DAILY_MISSING_LOCAL_PRICE
NIKL,False,True,False,DAILY_MISSING_LOCAL_PRICE
NINE,False,True,False,DAILY_MISSING_LOCAL_PRICE
NIRO,False,True,False,DAILY_MISSING_LOCAL_PRICE
NISP,False,True,True,DAILY_AND_LOCAL_ONLY
NOBU,False,True,True,DAILY_AND_LOCAL_ONLY
NPGF,False,True,False,DAILY_MISSING_LOCAL_PRICE
NRCA,False,True,False,DAILY_MISSING_LOCAL_PRICE
NSSS,False,True,False,DAILY_MISSING_LOCAL_PRICE
NTBK,False,True,False,DAILY_MISSING_LOCAL_PRICE
NUSA,False,True,False,DAILY_MISSING_LOCAL_PRICE
NZIA,False,True,False,DAILY_MISSING_LOCAL_PRICE
OASA,False,True,False,DAILY_MISSING_LOCAL_PRICE
OBAT,False,True,False,DAILY_MISSING_LOCAL_PRICE
OBMD,False,True,False,DAILY_MISSING_LOCAL_PRICE
OCAP,False,True,False,DAILY_MISSING_LOCAL_PRICE
OILS,False,True,False,DAILY_MISSING_LOCAL_PRICE
OKAS,False,True,False,DAILY_MISSING_LOCAL_PRICE
OLIV,False,True,False,DAILY_MISSING_LOCAL_PRICE
OMED,False,True,False,DAILY_MISSING_LOCAL_PRICE
OMRE,False,True,False,DAILY_MISSING_LOCAL_PRICE
OPMS,False,True,False,DAILY_MISSING_LOCAL_PRICE
PACK,False,True,False,DAILY_MISSING_LOCAL_PRICE
PADA,False,True,False,DAILY_MISSING_LOCAL_PRICE
PADI,False,True,False,DAILY_MISSING_LOCAL_PRICE
PALM,False,True,False,DAILY_MISSING_LOCAL_PRICE
PAMG,False,True,False,DAILY_MISSING_LOCAL_PRICE
PANI,False,True,True,DAILY_AND_LOCAL_ONLY
PANR,False,True,False,DAILY_MISSING_LOCAL_PRICE
PANS,False,True,False,DAILY_MISSING_LOCAL_PRICE
PART,False,True,False,DAILY_MISSING_LOCAL_PRICE
PBID,False,True,False,DAILY_MISSING_LOCAL_PRICE
PBRX,False,True,False,DAILY_MISSING_LOCAL_PRICE
PBSA,False,True,False,DAILY_MISSING_LOCAL_PRICE
PCAR,False,True,False,DAILY_MISSING_LOCAL_PRICE
PDES,False,True,False,DAILY_MISSING_LOCAL_PRICE
PDPP,False,True,False,DAILY_MISSING_LOCAL_PRICE
PEGE,False,True,False,DAILY_MISSING_LOCAL_PRICE
PEHA,False,True,False,DAILY_MISSING_LOCAL_PRICE
PEVE,False,True,False,DAILY_MISSING_LOCAL_PRICE
PGAS,False,True,True,DAILY_AND_LOCAL_ONLY
PGEO,False,True,False,DAILY_MISSING_LOCAL_PRICE
PGJO,False,True,False,DAILY_MISSING_LOCAL_PRICE
PGLI,False,True,False,DAILY_MISSING_LOCAL_PRICE
PGUN,False,True,False,DAILY_MISSING_LOCAL_PRICE
PICO,False,True,False,DAILY_MISSING_LOCAL_PRICE
PIPA,False,True,False,DAILY_MISSING_LOCAL_PRICE
PJAA,False,True,False,DAILY_MISSING_LOCAL_PRICE
PJHB,False,True,False,DAILY_MISSING_LOCAL_PRICE
PKPK,False,True,False,DAILY_MISSING_LOCAL_PRICE
PLAN,False,True,False,DAILY_MISSING_LOCAL_PRICE
PLAS,False,True,False,DAILY_MISSING_LOCAL_PRICE
PLIN,False,True,False,DAILY_MISSING_LOCAL_PRICE
PMJS,False,True,False,DAILY_MISSING_LOCAL_PRICE
PMMP,False,True,False,DAILY_MISSING_LOCAL_PRICE
PMUI,False,True,False,DAILY_MISSING_LOCAL_PRICE
PNBN,False,True,True,DAILY_AND_LOCAL_ONLY
PNBS,False,True,False,DAILY_MISSING_LOCAL_PRICE
PNGO,False,True,False,DAILY_MISSING_LOCAL_PRICE
PNIN,False,True,False,DAILY_MISSING_LOCAL_PRICE
PNLF,False,True,False,DAILY_MISSING_LOCAL_PRICE
PNSE,False,True,False,DAILY_MISSING_LOCAL_PRICE
POLA,False,True,False,DAILY_MISSING_LOCAL_PRICE
POLI,False,True,False,DAILY_MISSING_LOCAL_PRICE
POLL,False,True,False,DAILY_MISSING_LOCAL_PRICE
POLU,False,True,False,DAILY_MISSING_LOCAL_PRICE
POLY,False,True,False,DAILY_MISSING_LOCAL_PRICE
POOL,False,True,False,DAILY_MISSING_LOCAL_PRICE
PORT,False,True,False,DAILY_MISSING_LOCAL_PRICE
POSA,False,True,False,DAILY_MISSING_LOCAL_PRICE
POWR,False,True,True,DAILY_AND_LOCAL_ONLY
PPGL,False,True,False,DAILY_MISSING_LOCAL_PRICE
PPRE,False,True,False,DAILY_MISSING_LOCAL_PRICE
PPRI,False,True,False,DAILY_MISSING_LOCAL_PRICE
PPRO,False,True,False,DAILY_MISSING_LOCAL_PRICE
PRAY,False,True,False,DAILY_MISSING_LOCAL_PRICE
PRDA,False,True,False,DAILY_MISSING_LOCAL_PRICE
PRDL,False,True,False,DAILY_MISSING_LOCAL_PRICE
PRIM,False,True,False,DAILY_MISSING_LOCAL_PRICE
PSAB,False,True,False,DAILY_MISSING_LOCAL_PRICE
PSAT,False,True,False,DAILY_MISSING_LOCAL_PRICE
PSDN,False,True,False,DAILY_MISSING_LOCAL_PRICE
PSGO,False,True,False,DAILY_MISSING_LOCAL_PRICE
PSKT,False,True,False,DAILY_MISSING_LOCAL_PRICE
PSSI,False,True,False,DAILY_MISSING_LOCAL_PRICE
PTBA,False,True,True,DAILY_AND_LOCAL_ONLY
PTDU,False,True,False,DAILY_MISSING_LOCAL_PRICE
PTIS,False,True,False,DAILY_MISSING_LOCAL_PRICE
PTMP,False,True,False,DAILY_MISSING_LOCAL_PRICE
PTMR,False,True,False,DAILY_MISSING_LOCAL_PRICE
PTPP,False,True,True,DAILY_AND_LOCAL_ONLY
PTPS,False,True,False,DAILY_MISSING_LOCAL_PRICE
PTPW,False,True,False,DAILY_MISSING_LOCAL_PRICE
PTRO,False,True,False,DAILY_MISSING_LOCAL_PRICE
PTSN,False,True,False,DAILY_MISSING_LOCAL_PRICE
PTSP,False,True,False,DAILY_MISSING_LOCAL_PRICE
PUDP,False,True,False,DAILY_MISSING_LOCAL_PRICE
PURA,False,True,False,DAILY_MISSING_LOCAL_PRICE
PURE,False,True,False,DAILY_MISSING_LOCAL_PRICE
PURI,False,True,False,DAILY_MISSING_LOCAL_PRICE
PWON,False,True,True,DAILY_AND_LOCAL_ONLY
PYFA,False,True,True,DAILY_AND_LOCAL_ONLY
PZZA,False,True,False,DAILY_MISSING_LOCAL_PRICE
RAAM,False,True,False,DAILY_MISSING_LOCAL_PRICE
RAFI,False,True,False,DAILY_MISSING_LOCAL_PRICE
RAJA,False,True,False,DAILY_MISSING_LOCAL_PRICE
RALS,False,True,False,DAILY_MISSING_LOCAL_PRICE
RANC,False,True,False,DAILY_MISSING_LOCAL_PRICE
RANS,False,True,False,DAILY_MISSING_LOCAL_PRICE
RATU,False,True,False,DAILY_MISSING_LOCAL_PRICE
RBMS,False,True,False,DAILY_MISSING_LOCAL_PRICE
RCCC,False,True,False,DAILY_MISSING_LOCAL_PRICE
RDTX,False,True,False,DAILY_MISSING_LOCAL_PRICE
REAL,False,True,False,DAILY_MISSING_LOCAL_PRICE
RELF,False,True,False,DAILY_MISSING_LOCAL_PRICE
RELI,False,True,False,DAILY_MISSING_LOCAL_PRICE
RGAS,False,True,False,DAILY_MISSING_LOCAL_PRICE
RICY,False,True,False,DAILY_MISSING_LOCAL_PRICE
RIGS,False,True,False,DAILY_MISSING_LOCAL_PRICE
RIMO,False,True,False,DAILY_MISSING_LOCAL_PRICE
RISE,False,True,False,DAILY_MISSING_LOCAL_PRICE
RLCO,False,True,False,DAILY_MISSING_LOCAL_PRICE
RMKE,False,True,False,DAILY_MISSING_LOCAL_PRICE
RMKO,False,True,False,DAILY_MISSING_LOCAL_PRICE
ROCK,False,True,False,DAILY_MISSING_LOCAL_PRICE
RODA,False,True,False,DAILY_MISSING_LOCAL_PRICE
RONY,False,True,False,DAILY_MISSING_LOCAL_PRICE
ROTI,False,True,True,DAILY_AND_LOCAL_ONLY
RSCH,False,True,False,DAILY_MISSING_LOCAL_PRICE
RSGK,False,True,False,DAILY_MISSING_LOCAL_PRICE
RUIS,False,True,False,DAILY_MISSING_LOCAL_PRICE
RUNS,False,True,False,DAILY_MISSING_LOCAL_PRICE
SAFE,False,True,False,DAILY_MISSING_LOCAL_PRICE
SAGE,False,True,False,DAILY_MISSING_LOCAL_PRICE
SAME,False,True,False,DAILY_MISSING_LOCAL_PRICE
SAMF,False,True,False,DAILY_MISSING_LOCAL_PRICE
SAPX,False,True,False,DAILY_MISSING_LOCAL_PRICE
SATU,False,True,False,DAILY_MISSING_LOCAL_PRICE
SBAT,False,True,False,DAILY_MISSING_LOCAL_PRICE
SBMA,False,True,False,DAILY_MISSING_LOCAL_PRICE
SCCO,False,True,False,DAILY_MISSING_LOCAL_PRICE
SCMA,False,True,False,DAILY_MISSING_LOCAL_PRICE
SCNP,False,True,False,DAILY_MISSING_LOCAL_PRICE
SCPI,False,True,False,DAILY_MISSING_LOCAL_PRICE
SDMU,False,True,False,DAILY_MISSING_LOCAL_PRICE
SDPC,False,True,False,DAILY_MISSING_LOCAL_PRICE
SDRA,False,True,True,DAILY_AND_LOCAL_ONLY
SEMA,False,True,False,DAILY_MISSING_LOCAL_PRICE
SFAN,False,True,False,DAILY_MISSING_LOCAL_PRICE
SGER,False,True,False,DAILY_MISSING_LOCAL_PRICE
SGRO,False,True,False,DAILY_MISSING_LOCAL_PRICE
SHID,False,True,False,DAILY_MISSING_LOCAL_PRICE
SHIP,False,True,False,DAILY_MISSING_LOCAL_PRICE
SICO,False,True,False,DAILY_MISSING_LOCAL_PRICE
SIDO,False,True,True,DAILY_AND_LOCAL_ONLY
SILO,False,True,False,DAILY_MISSING_LOCAL_PRICE
SIMA,False,True,False,DAILY_MISSING_LOCAL_PRICE
SIMP,False,True,False,DAILY_MISSING_LOCAL_PRICE
SINI,False,True,False,DAILY_MISSING_LOCAL_PRICE
SIPD,False,True,False,DAILY_MISSING_LOCAL_PRICE
SKBM,False,True,False,DAILY_MISSING_LOCAL_PRICE
SKLT,False,True,True,DAILY_AND_LOCAL_ONLY
SKRN,False,True,False,DAILY_MISSING_LOCAL_PRICE
SKYB,False,True,False,DAILY_MISSING_LOCAL_PRICE
SLIS,False,True,False,DAILY_MISSING_LOCAL_PRICE
SMAR,False,True,False,DAILY_MISSING_LOCAL_PRICE
SMBR,False,True,False,DAILY_MISSING_LOCAL_PRICE
SMCB,False,True,False,DAILY_MISSING_LOCAL_PRICE
SMDM,False,True,False,DAILY_MISSING_LOCAL_PRICE
SMDR,False,True,False,DAILY_MISSING_LOCAL_PRICE
SMGA,False,True,False,DAILY_MISSING_LOCAL_PRICE
SMGR,False,True,True,DAILY_AND_LOCAL_ONLY
SMIL,False,True,False,DAILY_MISSING_LOCAL_PRICE
SMKL,False,True,False,DAILY_MISSING_LOCAL_PRICE
SMKM,False,True,False,DAILY_MISSING_LOCAL_PRICE
SMLE,False,True,False,DAILY_MISSING_LOCAL_PRICE
SMMA,False,True,False,DAILY_MISSING_LOCAL_PRICE
SMMT,False,True,True,DAILY_AND_LOCAL_ONLY
SMRA,False,True,True,DAILY_AND_LOCAL_ONLY
SMRU,False,True,False,DAILY_MISSING_LOCAL_PRICE
SMSM,False,True,False,DAILY_MISSING_LOCAL_PRICE
SNLK,False,True,False,DAILY_MISSING_LOCAL_PRICE
SOCI,False,True,False,DAILY_MISSING_LOCAL_PRICE
SOFA,False,True,False,DAILY_MISSING_LOCAL_PRICE
SOHO,False,True,False,DAILY_MISSING_LOCAL_PRICE
SOLA,False,True,False,DAILY_MISSING_LOCAL_PRICE
SONA,False,True,False,DAILY_MISSING_LOCAL_PRICE
SOSS,False,True,False,DAILY_MISSING_LOCAL_PRICE
SOTS,False,True,False,DAILY_MISSING_LOCAL_PRICE
SOUL,False,True,False,DAILY_MISSING_LOCAL_PRICE
SPMA,False,True,False,DAILY_MISSING_LOCAL_PRICE
SPRE,False,True,False,DAILY_MISSING_LOCAL_PRICE
SPTO,False,True,False,DAILY_MISSING_LOCAL_PRICE
SQMI,False,True,False,DAILY_MISSING_LOCAL_PRICE
SRAJ,False,True,False,DAILY_MISSING_LOCAL_PRICE
SRIL,False,True,False,DAILY_MISSING_LOCAL_PRICE
SRSN,False,True,False,DAILY_MISSING_LOCAL_PRICE
SRTG,False,True,False,DAILY_MISSING_LOCAL_PRICE
SSIA,False,True,False,DAILY_MISSING_LOCAL_PRICE
SSMS,False,True,False,DAILY_MISSING_LOCAL_PRICE
SSTM,False,True,False,DAILY_MISSING_LOCAL_PRICE
STAA,False,True,False,DAILY_MISSING_LOCAL_PRICE
STAR,False,True,False,DAILY_MISSING_LOCAL_PRICE
STRK,False,True,False,DAILY_MISSING_LOCAL_PRICE
STTP,False,True,True,DAILY_AND_LOCAL_ONLY
SUGI,False,True,False,DAILY_MISSING_LOCAL_PRICE
SULI,False,True,False,DAILY_MISSING_LOCAL_PRICE
SUNI,False,True,False,DAILY_MISSING_LOCAL_PRICE
SUPA,False,True,False,DAILY_MISSING_LOCAL_PRICE
SUPR,False,True,False,DAILY_MISSING_LOCAL_PRICE
SURE,False,True,False,DAILY_MISSING_LOCAL_PRICE
SWAT,False,True,False,DAILY_MISSING_LOCAL_PRICE
SWID,False,True,False,DAILY_MISSING_LOCAL_PRICE
TALF,False,True,False,DAILY_MISSING_LOCAL_PRICE
TAMA,False,True,False,DAILY_MISSING_LOCAL_PRICE
TAMU,False,True,False,DAILY_MISSING_LOCAL_PRICE
TAPG,False,True,False,DAILY_MISSING_LOCAL_PRICE
TARA,False,True,False,DAILY_MISSING_LOCAL_PRICE
TAXI,False,True,False,DAILY_MISSING_LOCAL_PRICE
TAYS,False,True,False,DAILY_MISSING_LOCAL_PRICE
TBIG,False,True,True,DAILY_AND_LOCAL_ONLY
TBLA,False,True,False,DAILY_MISSING_LOCAL_PRICE
TBMS,False,True,False,DAILY_MISSING_LOCAL_PRICE
TCID,False,True,False,DAILY_MISSING_LOCAL_PRICE
TCPI,False,True,False,DAILY_MISSING_LOCAL_PRICE
TDPM,False,True,False,DAILY_MISSING_LOCAL_PRICE
TEBE,False,True,False,DAILY_MISSING_LOCAL_PRICE
TECH,False,True,False,DAILY_MISSING_LOCAL_PRICE
TELE,False,True,False,DAILY_MISSING_LOCAL_PRICE
TFAS,False,True,False,DAILY_MISSING_LOCAL_PRICE
TFCO,False,True,False,DAILY_MISSING_LOCAL_PRICE
TGKA,False,True,False,DAILY_MISSING_LOCAL_PRICE
TGRA,False,True,False,DAILY_MISSING_LOCAL_PRICE
TGUK,False,True,False,DAILY_MISSING_LOCAL_PRICE
TIFA,False,True,True,DAILY_AND_LOCAL_ONLY
TINS,False,True,True,DAILY_AND_LOCAL_ONLY
TIRA,False,True,False,DAILY_MISSING_LOCAL_PRICE
TIRT,False,True,False,DAILY_MISSING_LOCAL_PRICE
TKIM,False,True,True,DAILY_AND_LOCAL_ONLY
TLDN,False,True,False,DAILY_MISSING_LOCAL_PRICE
TLKM,False,True,True,DAILY_AND_LOCAL_ONLY
TMAS,False,True,False,DAILY_MISSING_LOCAL_PRICE
TMPO,False,True,False,DAILY_MISSING_LOCAL_PRICE
TNCA,False,True,False,DAILY_MISSING_LOCAL_PRICE
TOBA,False,True,False,DAILY_MISSING_LOCAL_PRICE
TOOL,False,True,False,DAILY_MISSING_LOCAL_PRICE
TOPS,False,True,False,DAILY_MISSING_LOCAL_PRICE
TOTL,False,True,True,DAILY_AND_LOCAL_ONLY
TOTO,False,True,False,DAILY_MISSING_LOCAL_PRICE
TOWR,False,True,True,DAILY_AND_LOCAL_ONLY
TOYS,False,True,False,DAILY_MISSING_LOCAL_PRICE
TPIA,False,True,False,DAILY_MISSING_LOCAL_PRICE
TPMA,False,True,False,DAILY_MISSING_LOCAL_PRICE
TRAM,False,True,False,DAILY_MISSING_LOCAL_PRICE
TRGU,False,True,False,DAILY_MISSING_LOCAL_PRICE
TRIL,False,True,False,DAILY_MISSING_LOCAL_PRICE
TRIM,False,True,False,DAILY_MISSING_LOCAL_PRICE
TRIN,False,True,False,DAILY_MISSING_LOCAL_PRICE
TRIO,False,True,False,DAILY_MISSING_LOCAL_PRICE
TRIS,False,True,False,DAILY_MISSING_LOCAL_PRICE
TRJA,False,True,False,DAILY_MISSING_LOCAL_PRICE
TRON,False,True,False,DAILY_MISSING_LOCAL_PRICE
TRST,False,True,False,DAILY_MISSING_LOCAL_PRICE
TRUE,False,True,False,DAILY_MISSING_LOCAL_PRICE
TRUK,False,True,False,DAILY_MISSING_LOCAL_PRICE
TRUS,False,True,False,DAILY_MISSING_LOCAL_PRICE
TSPC,False,True,True,DAILY_AND_LOCAL_ONLY
TUGU,False,True,False,DAILY_MISSING_LOCAL_PRICE
TYRE,False,True,False,DAILY_MISSING_LOCAL_PRICE
UANG,False,True,False,DAILY_MISSING_LOCAL_PRICE
UCID,False,True,False,DAILY_MISSING_LOCAL_PRICE
UDNG,False,True,False,DAILY_MISSING_LOCAL_PRICE
UFOE,False,True,False,DAILY_MISSING_LOCAL_PRICE
ULTJ,False,True,True,DAILY_AND_LOCAL_ONLY
UNIC,False,True,False,DAILY_MISSING_LOCAL_PRICE
UNIQ,False,True,False,DAILY_MISSING_LOCAL_PRICE
UNIT,False,True,False,DAILY_MISSING_LOCAL_PRICE
UNSP,False,True,False,DAILY_MISSING_LOCAL_PRICE
UNTR,False,True,False,DAILY_MISSING_LOCAL_PRICE
UNVR,False,True,True,DAILY_AND_LOCAL_ONLY
URBN,False,True,False,DAILY_MISSING_LOCAL_PRICE
UVCR,False,True,False,DAILY_MISSING_LOCAL_PRICE
VAST,False,True,False,DAILY_MISSING_LOCAL_PRICE
VERN,False,True,False,DAILY_MISSING_LOCAL_PRICE
VICI,False,True,False,DAILY_MISSING_LOCAL_PRICE
VICO,False,True,False,DAILY_MISSING_LOCAL_PRICE
VINS,False,True,False,DAILY_MISSING_LOCAL_PRICE
VISI,False,True,False,DAILY_MISSING_LOCAL_PRICE
VIVA,False,True,False,DAILY_MISSING_LOCAL_PRICE
VKTR,False,True,False,DAILY_MISSING_LOCAL_PRICE
VOKS,False,True,False,DAILY_MISSING_LOCAL_PRICE
VRNA,False,True,False,DAILY_MISSING_LOCAL_PRICE
VTNY,False,True,False,DAILY_MISSING_LOCAL_PRICE
WAPO,False,True,False,DAILY_MISSING_LOCAL_PRICE
WEGE,False,True,False,DAILY_MISSING_LOCAL_PRICE
WEHA,False,True,False,DAILY_MISSING_LOCAL_PRICE
WICO,False,True,False,DAILY_MISSING_LOCAL_PRICE
WIFI,False,True,False,DAILY_MISSING_LOCAL_PRICE
WIIM,False,True,False,DAILY_MISSING_LOCAL_PRICE
WIKA,False,True,True,DAILY_AND_LOCAL_ONLY
WINE,False,True,False,DAILY_MISSING_LOCAL_PRICE
WINR,False,True,False,DAILY_MISSING_LOCAL_PRICE
WINS,False,True,False,DAILY_MISSING_LOCAL_PRICE
WIRG,False,True,False,DAILY_MISSING_LOCAL_PRICE
WMPP,False,True,False,DAILY_MISSING_LOCAL_PRICE
WMUU,False,True,False,DAILY_MISSING_LOCAL_PRICE
WOMF,False,True,False,DAILY_MISSING_LOCAL_PRICE
WOOD,False,True,False,DAILY_MISSING_LOCAL_PRICE
WOWS,False,True,False,DAILY_MISSING_LOCAL_PRICE
WSBP,False,True,True,DAILY_AND_LOCAL_ONLY
WSKT,False,True,True,DAILY_AND_LOCAL_ONLY
WTON,False,True,True,DAILY_AND_LOCAL_ONLY
YELO,False,True,False,DAILY_MISSING_LOCAL_PRICE
YOII,False,True,False,DAILY_MISSING_LOCAL_PRICE
YPAS,False,True,False,DAILY_MISSING_LOCAL_PRICE
YULE,False,True,False,DAILY_MISSING_LOCAL_PRICE
YUPI,False,True,False,DAILY_MISSING_LOCAL_PRICE
ZATA,False,True,False,DAILY_MISSING_LOCAL_PRICE
ZBRA,False,True,False,DAILY_MISSING_LOCAL_PRICE
ZINC,False,True,False,DAILY_MISSING_LOCAL_PRICE
ZONE,False,True,False,DAILY_MISSING_LOCAL_PRICE
ZYRX,False,True,False,DAILY_MISSING_LOCAL_PRICE
