ticker,primary_class,secondary_class,index_membership_current_snapshot,conglomerate_group_current_snapshot,other_category,classification_confidence,source,source_date,basis,historical_membership_verified,pit_safe_for_backtest,notes,median_value_60d,annualized_vol_20d,history_rows,quant_research_bucket,review_priority,review_reason
AADI,BLUE_CHIP,BLUE_CHIP,LQ45,,BLUE_CHIP,MEDIUM,Secondary LQ45 snapshot,2026-06-12,Current/recent snapshot; historical membership not inferred,False,False,Current/recent classification snapshot only; not valid as historical index membership unless dated membership evidence is supplied.,93781228750.0,0.3698707313108054,437,LIQUID_CORE,HIGH,Classification is a current/recent snapshot; historical effective dates are not verified. Do not use it to reconstruct historical membership.
AALI,CONGLOMERATE,CONGLOMERATE,,ASTRA,CONGLOMERATE,MEDIUM,Secondary group-affiliation snapshot,2026-10-07,Current/recent affiliation; ownership/control relationship requires verification,False,False,Current/recent classification snapshot only; not valid as historical index membership unless dated membership evidence is supplied.,10724098750.0,0.3469333454804016,717,LIQUID_CORE,HIGH,Classification is a current/recent snapshot; historical effective dates are not verified. Do not use it to reconstruct historical membership.
ADHI,BUMN_AFFILIATED,BUMN_AFFILIATED,,,BUMN_AFFILIATED,MEDIUM,IDX/market reference seed,2026-10-07,Research classification seed; not equivalent to BUMN20 PIT membership,False,False,Current/recent classification snapshot only; not valid as historical index membership unless dated membership evidence is supplied.,0.0,0.0,4122,RESEARCH_ONLY,HIGH,Classification is a current/recent snapshot; historical effective dates are not verified. Do not use it to reconstruct historical membership.
ADMR,BLUE_CHIP,BLUE_CHIP,LQ45,,BLUE_CHIP,MEDIUM,Secondary LQ45 snapshot,2026-06-12,Current/recent snapshot; historical membership not inferred,False,False,Current/recent classification snapshot only; not valid as historical index membership unless dated membership evidence is supplied.,42071375500.0,0.3368753184161882,716,LIQUID_CORE,HIGH,Classification is a current/recent snapshot; historical effective dates are not verified. Do not use it to reconstruct historical membership.
ADRO,BLUE_CHIP,BLUE_CHIP,LQ45,,BLUE_CHIP,MEDIUM,Secondary LQ45 snapshot,2026-06-12,Current/recent snapshot; historical membership not inferred,False,False,Current/recent classification snapshot only; not valid as historical index membership unless dated membership evidence is supplied.,82870735500.0,0.2954260489977311,4119,LIQUID_CORE,HIGH,Classification is a current/recent snapshot; historical effective dates are not verified. Do not use it to reconstruct historical membership.
AKRA,BLUE_CHIP,BLUE_CHIP,LQ45,,BLUE_CHIP,MEDIUM,Secondary LQ45 snapshot,2026-06-12,Current/recent snapshot; historical membership not inferred,False,False,Current/recent classification snapshot only; not valid as historical index membership unless dated membership evidence is supplied.,20772294500.0,0.19999417249828252,716,LIQUID_CORE,HIGH,Classification is a current/recent snapshot; historical effective dates are not verified. Do not use it to reconstruct historical membership.
AMMN,BLUE_CHIP,BLUE_CHIP,LQ45,,BLUE_CHIP,MEDIUM,Secondary LQ45 snapshot,2026-06-12,Current/recent snapshot; historical membership not inferred,False,False,Current/recent classification snapshot only; not valid as historical index membership unless dated membership evidence is supplied.,317387256000.0,0.4783559896100679,716,LIQUID_GROWTH_OR_MOMENTUM,HIGH,Classification is a current/recent snapshot; historical effective dates are not verified. Do not use it to reconstruct historical membership.
AMRT,BLUE_CHIP,BLUE_CHIP,LQ45,,BLUE_CHIP,MEDIUM,Secondary LQ45 snapshot,2026-06-12,Current/recent snapshot; historical membership not inferred,False,False,Current/recent classification snapshot only; not valid as historical index membership unless dated membership evidence is supplied.,45994511000.0,0.25549456214489413,716,LIQUID_CORE,HIGH,Classification is a current/recent snapshot; historical effective dates are not verified. Do not use it to reconstruct historical membership.
ANTM,BLUE_CHIP,BUMN_AFFILIATED,LQ45,,BLUE_CHIP;BUMN_AFFILIATED,MEDIUM,Secondary LQ45 snapshot;IDX/market reference seed,2026-06-12;2026-10-07,Current/recent snapshot; historical membership not inferred;Research classification seed; not equivalent to BUMN20 PIT membership,False,False,Current/recent classification snapshot only; not valid as historical index membership unless dated membership evidence is supplied.,282179728500.0,0.35422248631525277,4121,LIQUID_CORE,HIGH,Classification is a current/recent snapshot; historical effective dates are not verified. Do not use it to reconstruct historical membership.
ASII,BLUE_CHIP,CONGLOMERATE,LQ45,ASTRA,BLUE_CHIP;CONGLOMERATE,MEDIUM,Secondary LQ45 snapshot;Secondary group-affiliation snapshot,2026-06-12;2026-10-07,Current/recent snapshot; historical membership not inferred;Current/recent affiliation; ownership/control relationship requires verification,False,False,Current/recent classification snapshot only; not valid as historical index membership unless dated membership evidence is supplied.,212157097500.0,0.22358480814219786,4120,LIQUID_CORE,HIGH,Classification is a current/recent snapshot; historical effective dates are not verified. Do not use it to reconstruct historical membership.
BBCA,BLUE_CHIP,CONGLOMERATE,LQ45,DJARUM_HARTONO,BLUE_CHIP;CONGLOMERATE,MEDIUM,Secondary LQ45 snapshot;Secondary group-affiliation snapshot,2026-06-12;2026-10-07,Current/recent snapshot; historical membership not inferred;Current/recent affiliation; ownership/control relationship requires verification,False,False,Current/recent classification snapshot only; not valid as historical index membership unless dated membership evidence is supplied.,716082250799.5117,0.2096650968124379,4120,LIQUID_CORE,HIGH,Classification is a current/recent snapshot; historical effective dates are not verified. Do not use it to reconstruct historical membership.
BBNI,BLUE_CHIP,BUMN_AFFILIATED,LQ45,,BLUE_CHIP;BUMN_AFFILIATED,MEDIUM,Secondary LQ45 snapshot;IDX/market reference seed,2026-06-12;2026-10-07,Current/recent snapshot; historical membership not inferred;Research classification seed; not equivalent to BUMN20 PIT membership,False,False,Current/recent classification snapshot only; not valid as historical index membership unless dated membership evidence is supplied.,128602876000.0,0.21324152687498163,4121,LIQUID_CORE,HIGH,Classification is a current/recent snapshot; historical effective dates are not verified. Do not use it to reconstruct historical membership.
BBRI,BLUE_CHIP,BUMN_AFFILIATED,LQ45,,BLUE_CHIP;BUMN_AFFILIATED,MEDIUM,Secondary LQ45 snapshot;IDX/market reference seed,2026-06-12;2026-10-07,Current/recent snapshot; historical membership not inferred;Research classification seed; not equivalent to BUMN20 PIT membership,False,False,Current/recent classification snapshot only; not valid as historical index membership unless dated membership evidence is supplied.,530590032000.0,0.25830261965781653,4121,LIQUID_CORE,HIGH,Classification is a current/recent snapshot; historical effective dates are not verified. Do not use it to reconstruct historical membership.
BBTN,BLUE_CHIP,BUMN_AFFILIATED,LQ45,,BLUE_CHIP;BUMN_AFFILIATED,MEDIUM,Secondary LQ45 snapshot;IDX/market reference seed,2026-06-12;2026-10-07,Current/recent snapshot; historical membership not inferred;Research classification seed; not equivalent to BUMN20 PIT membership,False,False,Current/recent classification snapshot only; not valid as historical index membership unless dated membership evidence is supplied.,16371413750.0,0.24972466748821262,716,LIQUID_CORE,HIGH,Classification is a current/recent snapshot; historical effective dates are not verified. Do not use it to reconstruct historical membership.
BELI,CONGLOMERATE,CONGLOMERATE,,DJARUM_HARTONO,CONGLOMERATE,MEDIUM,Secondary group-affiliation snapshot,2026-10-07,Current/recent affiliation; ownership/control relationship requires verification,False,False,Current/recent classification snapshot only; not valid as historical index membership unless dated membership evidence is supplied.,256650800.0,0.40542641417260844,716,RESEARCH_ONLY,HIGH,Classification is a current/recent snapshot; historical effective dates are not verified. Do not use it to reconstruct historical membership.
BMRI,BLUE_CHIP,BUMN_AFFILIATED,LQ45,,BLUE_CHIP;BUMN_AFFILIATED,MEDIUM,Secondary LQ45 snapshot;IDX/market reference seed,2026-06-12;2026-10-07,Current/recent snapshot; historical membership not inferred;Research classification seed; not equivalent to BUMN20 PIT membership,False,False,Current/recent classification snapshot only; not valid as historical index membership unless dated membership evidence is supplied.,511221945817.8711,0.21088813659880415,4121,LIQUID_CORE,HIGH,Classification is a current/recent snapshot; historical effective dates are not verified. Do not use it to reconstruct historical membership.
BNBR,CONGLOMERATE,CONGLOMERATE,,BAKRIE,CONGLOMERATE,MEDIUM,Secondary group-affiliation snapshot,2026-10-07,Current/recent affiliation; ownership/control relationship requires verification,False,False,Current/recent classification snapshot only; not valid as historical index membership unless dated membership evidence is supplied.,98021402500.0,0.4213026286235094,720,LIQUID_CORE,HIGH,Classification is a current/recent snapshot; historical effective dates are not verified. Do not use it to reconstruct historical membership.
BREN,CONGLOMERATE,CONGLOMERATE,,BARITO,CONGLOMERATE,MEDIUM,Secondary group-affiliation snapshot,2026-10-07,Current/recent affiliation; ownership/control relationship requires verification,False,False,Current/recent classification snapshot only; not valid as historical index membership unless dated membership evidence is supplied.,72713522000.0,0.34646758683309115,716,LIQUID_CORE,HIGH,Classification is a current/recent snapshot; historical effective dates are not verified. Do not use it to reconstruct historical membership.
BRMS,CONGLOMERATE,CONGLOMERATE,,SALIM,CONGLOMERATE,MEDIUM,Secondary group-affiliation snapshot,2026-10-07,Current/recent affiliation; ownership/control relationship requires verification,False,False,Current/recent classification snapshot only; not valid as historical index membership unless dated membership evidence is supplied.,193531028750.0,0.5875382438104942,3890,LIQUID_GROWTH_OR_MOMENTUM,HIGH,Classification is a current/recent snapshot; historical effective dates are not verified. Do not use it to reconstruct historical membership.
BRPT,BLUE_CHIP,CONGLOMERATE,LQ45,BARITO,BLUE_CHIP;CONGLOMERATE,MEDIUM,Secondary LQ45 snapshot;Secondary group-affiliation snapshot,2026-06-12;2026-10-07,Current/recent snapshot; historical membership not inferred;Current/recent affiliation; ownership/control relationship requires verification,False,False,Current/recent classification snapshot only; not valid as historical index membership unless dated membership evidence is supplied.,153940405000.0,0.33477691755800076,717,LIQUID_CORE,HIGH,Classification is a current/recent snapshot; historical effective dates are not verified. Do not use it to reconstruct historical membership.
BSDE,CONGLOMERATE,CONGLOMERATE,,SINAR_MAS,CONGLOMERATE,MEDIUM,Secondary group-affiliation snapshot,2026-10-07,Current/recent affiliation; ownership/control relationship requires verification,False,False,Current/recent classification snapshot only; not valid as historical index membership unless dated membership evidence is supplied.,10471851000.0,0.29235913328142255,4119,LIQUID_CORE,HIGH,Classification is a current/recent snapshot; historical effective dates are not verified. Do not use it to reconstruct historical membership.
BUMI,BLUE_CHIP,CONGLOMERATE,LQ45,BAKRIE,BLUE_CHIP;CONGLOMERATE,MEDIUM,Secondary LQ45 snapshot;Secondary group-affiliation snapshot,2026-06-12;2026-10-07,Current/recent snapshot; historical membership not inferred;Current/recent affiliation; ownership/control relationship requires verification,False,False,Current/recent classification snapshot only; not valid as historical index membership unless dated membership evidence is supplied.,499921900000.0,0.41106319091509275,717,LIQUID_CORE,HIGH,Classification is a current/recent snapshot; historical effective dates are not verified. Do not use it to reconstruct historical membership.
CDIA,CONGLOMERATE,CONGLOMERATE,,BARITO,CONGLOMERATE,MEDIUM,Secondary group-affiliation snapshot,2026-10-07,Current/recent affiliation; ownership/control relationship requires verification,False,False,Current/recent classification snapshot only; not valid as historical index membership unless dated membership evidence is supplied.,31786145732.1167,0.3724682938087384,306,LIQUID_CORE,HIGH,Classification is a current/recent snapshot; historical effective dates are not verified. Do not use it to reconstruct historical membership.
CPIN,BLUE_CHIP,BLUE_CHIP,LQ45,,BLUE_CHIP,MEDIUM,Secondary LQ45 snapshot,2026-06-12,Current/recent snapshot; historical membership not inferred,False,False,Current/recent classification snapshot only; not valid as historical index membership unless dated membership evidence is supplied.,54671398500.0,0.20492998241447036,716,LIQUID_CORE,HIGH,Classification is a current/recent snapshot; historical effective dates are not verified. Do not use it to reconstruct historical membership.
CUAN,BLUE_CHIP,CONGLOMERATE,LQ45,BARITO,BLUE_CHIP;CONGLOMERATE,MEDIUM,Secondary LQ45 snapshot;Secondary group-affiliation snapshot,2026-06-12;2026-10-07,Current/recent snapshot; historical membership not inferred;Current/recent affiliation; ownership/control relationship requires verification,False,False,Current/recent classification snapshot only; not valid as historical index membership unless dated membership evidence is supplied.,264632381500.0,0.4060632543846905,716,LIQUID_CORE,HIGH,Classification is a current/recent snapshot; historical effective dates are not verified. Do not use it to reconstruct historical membership.
DEWA,BLUE_CHIP,BLUE_CHIP,LQ45,,BLUE_CHIP,MEDIUM,Secondary LQ45 snapshot,2026-06-12,Current/recent snapshot; historical membership not inferred,False,False,Current/recent classification snapshot only; not valid as historical index membership unless dated membership evidence is supplied.,219799916000.0,0.5695177664187709,716,LIQUID_GROWTH_OR_MOMENTUM,HIGH,Classification is a current/recent snapshot; historical effective dates are not verified. Do not use it to reconstruct historical membership.
DMAS,CONGLOMERATE,CONGLOMERATE,,SINAR_MAS,CONGLOMERATE,MEDIUM,Secondary group-affiliation snapshot,2026-10-07,Current/recent affiliation; ownership/control relationship requires verification,False,False,Current/recent classification snapshot only; not valid as historical index membership unless dated membership evidence is supplied.,20044589000.0,0.4251015939789598,716,LIQUID_CORE,HIGH,Classification is a current/recent snapshot; historical effective dates are not verified. Do not use it to reconstruct historical membership.
EMAS,CONGLOMERATE,CONGLOMERATE,,MERDEKA,CONGLOMERATE,MEDIUM,Secondary group-affiliation snapshot,2026-10-07,Current/recent affiliation; ownership/control relationship requires verification,False,False,Current/recent classification snapshot only; not valid as historical index membership unless dated membership evidence is supplied.,127435545000.0,0.477813256421294,254,LIQUID_GROWTH_OR_MOMENTUM,HIGH,Classification is a current/recent snapshot; historical effective dates are not verified. Do not use it to reconstruct historical membership.
EMTK,BLUE_CHIP,BLUE_CHIP,LQ45,,BLUE_CHIP,MEDIUM,Secondary LQ45 snapshot,2026-06-12,Current/recent snapshot; historical membership not inferred,False,False,Current/recent classification snapshot only; not valid as historical index membership unless dated membership evidence is supplied.,19369201700.0,0.33102151609917624,4114,LIQUID_CORE,HIGH,Classification is a current/recent snapshot; historical effective dates are not verified. Do not use it to reconstruct historical membership.
ENRG,CONGLOMERATE,CONGLOMERATE,,BAKRIE,CONGLOMERATE,MEDIUM,Secondary group-affiliation snapshot,2026-10-07,Current/recent affiliation; ownership/control relationship requires verification,False,False,Current/recent classification snapshot only; not valid as historical index membership unless dated membership evidence is supplied.,106998750362.76569,0.9585099890388518,718,HIGH_VOLATILITY,HIGH,Classification is a current/recent snapshot; historical effective dates are not verified. Do not use it to reconstruct historical membership.
ESSA,BLUE_CHIP,BLUE_CHIP,LQ45,,BLUE_CHIP,MEDIUM,Secondary LQ45 snapshot,2026-06-12,Current/recent snapshot; historical membership not inferred,False,False,Current/recent classification snapshot only; not valid as historical index membership unless dated membership evidence is supplied.,45432874250.0,0.31116054793267517,716,LIQUID_CORE,HIGH,Classification is a current/recent snapshot; historical effective dates are not verified. Do not use it to reconstruct historical membership.
EXCL,BLUE_CHIP,BLUE_CHIP,LQ45,,BLUE_CHIP,MEDIUM,Secondary LQ45 snapshot,2026-06-12,Current/recent snapshot; historical membership not inferred,False,False,Current/recent classification snapshot only; not valid as historical index membership unless dated membership evidence is supplied.,14989744500.0,0.27491268668166596,4120,LIQUID_CORE,HIGH,Classification is a current/recent snapshot; historical effective dates are not verified. Do not use it to reconstruct historical membership.
FAST,CONGLOMERATE,CONGLOMERATE,,SALIM,CONGLOMERATE,MEDIUM,Secondary group-affiliation snapshot,2026-10-07,Current/recent affiliation; ownership/control relationship requires verification,False,False,Current/recent classification snapshot only; not valid as historical index membership unless dated membership evidence is supplied.,3934661800.0,0.48099391129502417,717,LIQUID_GROWTH_OR_MOMENTUM,HIGH,Classification is a current/recent snapshot; historical effective dates are not verified. Do not use it to reconstruct historical membership.
GIAA,BUMN_AFFILIATED,BUMN_AFFILIATED,,,BUMN_AFFILIATED,MEDIUM,IDX/market reference seed,2026-10-07,Research classification seed; not equivalent to BUMN20 PIT membership,False,False,Current/recent classification snapshot only; not valid as historical index membership unless dated membership evidence is supplied.,3745774350.0,0.5455746574703503,716,LIQUID_GROWTH_OR_MOMENTUM,HIGH,Classification is a current/recent snapshot; historical effective dates are not verified. Do not use it to reconstruct historical membership.
GOTO,BLUE_CHIP,BLUE_CHIP,LQ45,,BLUE_CHIP,MEDIUM,Secondary LQ45 snapshot,2026-06-12,Current/recent snapshot; historical membership not inferred,False,False,Current/recent classification snapshot only; not valid as historical index membership unless dated membership evidence is supplied.,971030000.0,0.9159933380967096,1074,HIGH_VOLATILITY,HIGH,Classification is a current/recent snapshot; historical effective dates are not verified. Do not use it to reconstruct historical membership.
HRTA,BLUE_CHIP,BLUE_CHIP,LQ45,,BLUE_CHIP,MEDIUM,Secondary LQ45 snapshot,2026-06-12,Current/recent snapshot; historical membership not inferred,False,False,Current/recent classification snapshot only; not valid as historical index membership unless dated membership evidence is supplied.,19138005500.0,0.43827441820952057,716,LIQUID_CORE,HIGH,Classification is a current/recent snapshot; historical effective dates are not verified. Do not use it to reconstruct historical membership.
ICBP,BLUE_CHIP,CONGLOMERATE,LQ45,SALIM,BLUE_CHIP;CONGLOMERATE,MEDIUM,Secondary LQ45 snapshot;Secondary group-affiliation snapshot,2026-06-12;2026-10-07,Current/recent snapshot; historical membership not inferred;Current/recent affiliation; ownership/control relationship requires verification,False,False,Current/recent classification snapshot only; not valid as historical index membership unless dated membership evidence is supplied.,27255162500.0,0.27971528824833125,4119,LIQUID_CORE,HIGH,Classification is a current/recent snapshot; historical effective dates are not verified. Do not use it to reconstruct historical membership.
INCO,BLUE_CHIP,BLUE_CHIP,LQ45,,BLUE_CHIP,MEDIUM,Secondary LQ45 snapshot,2026-06-12,Current/recent snapshot; historical membership not inferred,False,False,Current/recent classification snapshot only; not valid as historical index membership unless dated membership evidence is supplied.,57075751000.0,0.395287511550906,717,LIQUID_CORE,HIGH,Classification is a current/recent snapshot; historical effective dates are not verified. Do not use it to reconstruct historical membership.
INDF,BLUE_CHIP,CONGLOMERATE,LQ45,SALIM,BLUE_CHIP;CONGLOMERATE,MEDIUM,Secondary LQ45 snapshot;Secondary group-affiliation snapshot,2026-06-12;2026-10-07,Current/recent snapshot; historical membership not inferred;Current/recent affiliation; ownership/control relationship requires verification,False,False,Current/recent classification snapshot only; not valid as historical index membership unless dated membership evidence is supplied.,39598930000.0,0.18564003204840626,4121,LIQUID_CORE,HIGH,Classification is a current/recent snapshot; historical effective dates are not verified. Do not use it to reconstruct historical membership.
INKP,BLUE_CHIP,CONGLOMERATE,LQ45,SINAR_MAS,BLUE_CHIP;CONGLOMERATE,MEDIUM,Secondary LQ45 snapshot;Secondary group-affiliation snapshot,2026-06-12;2026-10-07,Current/recent snapshot; historical membership not inferred;Current/recent affiliation; ownership/control relationship requires verification,False,False,Current/recent classification snapshot only; not valid as historical index membership unless dated membership evidence is supplied.,32597261250.0,0.3207003972102175,4120,LIQUID_CORE,HIGH,Classification is a current/recent snapshot; historical effective dates are not verified. Do not use it to reconstruct historical membership.
ISAT,BLUE_CHIP,BLUE_CHIP,LQ45,,BLUE_CHIP,MEDIUM,Secondary LQ45 snapshot,2026-06-12,Current/recent snapshot; historical membership not inferred,False,False,Current/recent classification snapshot only; not valid as historical index membership unless dated membership evidence is supplied.,102157755000.0,0.3049362257508549,4121,LIQUID_CORE,HIGH,Classification is a current/recent snapshot; historical effective dates are not verified. Do not use it to reconstruct historical membership.
ITMG,BLUE_CHIP,BLUE_CHIP,LQ45,,BLUE_CHIP,MEDIUM,Secondary LQ45 snapshot,2026-06-12,Current/recent snapshot; historical membership not inferred,False,False,Current/recent classification snapshot only; not valid as historical index membership unless dated membership evidence is supplied.,32860001250.0,0.2305965359869646,4121,LIQUID_CORE,HIGH,Classification is a current/recent snapshot; historical effective dates are not verified. Do not use it to reconstruct historical membership.
JPFA,BLUE_CHIP,BLUE_CHIP,LQ45,,BLUE_CHIP,MEDIUM,Secondary LQ45 snapshot,2026-06-12,Current/recent snapshot; historical membership not inferred,False,False,Current/recent classification snapshot only; not valid as historical index membership unless dated membership evidence is supplied.,24760410500.0,0.24858190682296866,717,LIQUID_CORE,HIGH,Classification is a current/recent snapshot; historical effective dates are not verified. Do not use it to reconstruct historical membership.
JSMR,BUMN_AFFILIATED,BUMN_AFFILIATED,,,BUMN_AFFILIATED,MEDIUM,IDX/market reference seed,2026-10-07,Research classification seed; not equivalent to BUMN20 PIT membership,False,False,Current/recent classification snapshot only; not valid as historical index membership unless dated membership evidence is supplied.,7237144000.0,0.2098566076080571,4119,LIQUID_CORE,HIGH,Classification is a current/recent snapshot; historical effective dates are not verified. Do not use it to reconstruct historical membership.
KAEF,BUMN_AFFILIATED,BUMN_AFFILIATED,,,BUMN_AFFILIATED,MEDIUM,IDX/market reference seed,2026-10-07,Research classification seed; not equivalent to BUMN20 PIT membership,False,False,Current/recent classification snapshot only; not valid as historical index membership unless dated membership evidence is supplied.,239088000.0,0.32122498695513324,4120,RESEARCH_ONLY,HIGH,Classification is a current/recent snapshot; historical effective dates are not verified. Do not use it to reconstruct historical membership.
KLBF,BLUE_CHIP,BLUE_CHIP,LQ45,,BLUE_CHIP,MEDIUM,Secondary LQ45 snapshot,2026-06-12,Current/recent snapshot; historical membership not inferred,False,False,Current/recent classification snapshot only; not valid as historical index membership unless dated membership evidence is supplied.,51111476000.0,0.30560438508411125,4121,LIQUID_CORE,HIGH,Classification is a current/recent snapshot; historical effective dates are not verified. Do not use it to reconstruct historical membership.
KRAS,BUMN_AFFILIATED,BUMN_AFFILIATED,,,BUMN_AFFILIATED,MEDIUM,IDX/market reference seed,2026-10-07,Research classification seed; not equivalent to BUMN20 PIT membership,False,False,Current/recent classification snapshot only; not valid as historical index membership unless dated membership evidence is supplied.,944405700.0,0.5247460766042914,716,RESEARCH_ONLY,HIGH,Classification is a current/recent snapshot; historical effective dates are not verified. Do not use it to reconstruct historical membership.
MAPI,BLUE_CHIP,BLUE_CHIP,LQ45,,BLUE_CHIP,MEDIUM,Secondary LQ45 snapshot,2026-06-12,Current/recent snapshot; historical membership not inferred,False,False,Current/recent classification snapshot only; not valid as historical index membership unless dated membership evidence is supplied.,7708789500.0,0.3594732399102722,717,LIQUID_CORE,HIGH,Classification is a current/recent snapshot; historical effective dates are not verified. Do not use it to reconstruct historical membership.
MBMA,BLUE_CHIP,BLUE_CHIP,LQ45,,BLUE_CHIP,MEDIUM,Secondary LQ45 snapshot,2026-06-12,Current/recent snapshot; historical membership not inferred,False,False,Current/recent classification snapshot only; not valid as historical index membership unless dated membership evidence is supplied.,51932177250.0,0.43388191107240076,716,LIQUID_CORE,HIGH,Classification is a current/recent snapshot; historical effective dates are not verified. Do not use it to reconstruct historical membership.
MDIA,CONGLOMERATE,CONGLOMERATE,,BAKRIE,CONGLOMERATE,MEDIUM,Secondary group-affiliation snapshot,2026-10-07,Current/recent affiliation; ownership/control relationship requires verification,False,False,Current/recent classification snapshot only; not valid as historical index membership unless dated membership evidence is supplied.,40474109000.0,0.8305052088341887,717,HIGH_VOLATILITY,HIGH,Classification is a current/recent snapshot; historical effective dates are not verified. Do not use it to reconstruct historical membership.
MDKA,BLUE_CHIP,CONGLOMERATE,LQ45,MERDEKA,BLUE_CHIP;CONGLOMERATE,MEDIUM,Secondary LQ45 snapshot;Secondary group-affiliation snapshot,2026-06-12;2026-10-07,Current/recent snapshot; historical membership not inferred;Current/recent affiliation; ownership/control relationship requires verification,False,False,Current/recent classification snapshot only; not valid as historical index membership unless dated membership evidence is supplied.,98260423500.0,0.4578605784652819,716,LIQUID_GROWTH_OR_MOMENTUM,HIGH,Classification is a current/recent snapshot; historical effective dates are not verified. Do not use it to reconstruct historical membership.
MEDC,BLUE_CHIP,BLUE_CHIP,LQ45,,BLUE_CHIP,MEDIUM,Secondary LQ45 snapshot,2026-06-12,Current/recent snapshot; historical membership not inferred,False,False,Current/recent classification snapshot only; not valid as historical index membership unless dated membership evidence is supplied.,69997944500.0,0.3545691371011853,4121,LIQUID_CORE,HIGH,Classification is a current/recent snapshot; historical effective dates are not verified. Do not use it to reconstruct historical membership.
PGAS,BLUE_CHIP,BUMN_AFFILIATED,LQ45,,BLUE_CHIP;BUMN_AFFILIATED,MEDIUM,Secondary LQ45 snapshot;IDX/market reference seed,2026-06-12;2026-10-07,Current/recent snapshot; historical membership not inferred;Research classification seed; not equivalent to BUMN20 PIT membership,False,False,Current/recent classification snapshot only; not valid as historical index membership unless dated membership evidence is supplied.,42167987000.0,0.23306668330804547,4120,LIQUID_CORE,HIGH,Classification is a current/recent snapshot; historical effective dates are not verified. Do not use it to reconstruct historical membership.
PGEO,BLUE_CHIP,BLUE_CHIP,LQ45,,BLUE_CHIP,MEDIUM,Secondary LQ45 snapshot,2026-06-12,Current/recent snapshot; historical membership not inferred,False,False,Current/recent classification snapshot only; not valid as historical index membership unless dated membership evidence is supplied.,12978672000.0,0.3209791326540756,716,LIQUID_CORE,HIGH,Classification is a current/recent snapshot; historical effective dates are not verified. Do not use it to reconstruct historical membership.
PTBA,BLUE_CHIP,BUMN_AFFILIATED,LQ45,,BLUE_CHIP;BUMN_AFFILIATED,MEDIUM,Secondary LQ45 snapshot;IDX/market reference seed,2026-06-12;2026-10-07,Current/recent snapshot; historical membership not inferred;Research classification seed; not equivalent to BUMN20 PIT membership,False,False,Current/recent classification snapshot only; not valid as historical index membership unless dated membership evidence is supplied.,46362324000.0,0.33629842777337055,4120,LIQUID_CORE,HIGH,Classification is a current/recent snapshot; historical effective dates are not verified. Do not use it to reconstruct historical membership.
PTRO,CONGLOMERATE,CONGLOMERATE,,BARITO,CONGLOMERATE,MEDIUM,Secondary group-affiliation snapshot,2026-10-07,Current/recent affiliation; ownership/control relationship requires verification,False,False,Current/recent classification snapshot only; not valid as historical index membership unless dated membership evidence is supplied.,204102403750.0,0.2858590144337655,717,LIQUID_CORE,HIGH,Classification is a current/recent snapshot; historical effective dates are not verified. Do not use it to reconstruct historical membership.
SCMA,BLUE_CHIP,BLUE_CHIP,LQ45,,BLUE_CHIP,MEDIUM,Secondary LQ45 snapshot,2026-06-12,Current/recent snapshot; historical membership not inferred,False,False,Current/recent classification snapshot only; not valid as historical index membership unless dated membership evidence is supplied.,7624358000.0,0.3366989337826351,717,LIQUID_CORE,HIGH,Classification is a current/recent snapshot; historical effective dates are not verified. Do not use it to reconstruct historical membership.
SIMP,CONGLOMERATE,CONGLOMERATE,,SALIM,CONGLOMERATE,MEDIUM,Secondary group-affiliation snapshot,2026-10-07,Current/recent affiliation; ownership/control relationship requires verification,False,False,Current/recent classification snapshot only; not valid as historical index membership unless dated membership evidence is supplied.,5170466500.0,0.30836442193388136,716,LIQUID_CORE,HIGH,Classification is a current/recent snapshot; historical effective dates are not verified. Do not use it to reconstruct historical membership.
SMAR,CONGLOMERATE,CONGLOMERATE,,SINAR_MAS,CONGLOMERATE,MEDIUM,Secondary group-affiliation snapshot,2026-10-07,Current/recent affiliation; ownership/control relationship requires verification,False,False,Current/recent classification snapshot only; not valid as historical index membership unless dated membership evidence is supplied.,600612500.0,1.030954468683045,717,HIGH_VOLATILITY,HIGH,Classification is a current/recent snapshot; historical effective dates are not verified. Do not use it to reconstruct historical membership.
SMGR,BLUE_CHIP,BUMN_AFFILIATED,LQ45,,BLUE_CHIP;BUMN_AFFILIATED,MEDIUM,Secondary LQ45 snapshot;IDX/market reference seed,2026-06-12;2026-10-07,Current/recent snapshot; historical membership not inferred;Research classification seed; not equivalent to BUMN20 PIT membership,False,False,Current/recent classification snapshot only; not valid as historical index membership unless dated membership evidence is supplied.,23527656000.0,0.410821566196056,4120,LIQUID_CORE,HIGH,Classification is a current/recent snapshot; historical effective dates are not verified. Do not use it to reconstruct historical membership.
SMMA,CONGLOMERATE,CONGLOMERATE,,SINAR_MAS,CONGLOMERATE,MEDIUM,Secondary group-affiliation snapshot,2026-10-07,Current/recent affiliation; ownership/control relationship requires verification,False,False,Current/recent classification snapshot only; not valid as historical index membership unless dated membership evidence is supplied.,21360000.0,0.037185562922511434,716,RESEARCH_ONLY,HIGH,Classification is a current/recent snapshot; historical effective dates are not verified. Do not use it to reconstruct historical membership.
SUPR,CONGLOMERATE,CONGLOMERATE,,DJARUM_HARTONO,CONGLOMERATE,MEDIUM,Secondary group-affiliation snapshot,2026-10-07,Current/recent affiliation; ownership/control relationship requires verification,False,False,Current/recent classification snapshot only; not valid as historical index membership unless dated membership evidence is supplied.,0.0,0.0,720,RESEARCH_ONLY,HIGH,Classification is a current/recent snapshot; historical effective dates are not verified. Do not use it to reconstruct historical membership.
TAPG,CONGLOMERATE,CONGLOMERATE,,TRIPUTRA,CONGLOMERATE,MEDIUM,Secondary group-affiliation snapshot,2026-10-07,Current/recent affiliation; ownership/control relationship requires verification,False,False,Current/recent classification snapshot only; not valid as historical index membership unless dated membership evidence is supplied.,30440847010.803223,0.4073007475234917,716,LIQUID_CORE,HIGH,Classification is a current/recent snapshot; historical effective dates are not verified. Do not use it to reconstruct historical membership.
TLKM,BLUE_CHIP,BUMN_AFFILIATED,LQ45,,BLUE_CHIP;BUMN_AFFILIATED,MEDIUM,Secondary LQ45 snapshot;IDX/market reference seed,2026-06-12;2026-10-07,Current/recent snapshot; historical membership not inferred;Research classification seed; not equivalent to BUMN20 PIT membership,False,False,Current/recent classification snapshot only; not valid as historical index membership unless dated membership evidence is supplied.,247073258000.0,0.25036818787254944,4120,LIQUID_CORE,HIGH,Classification is a current/recent snapshot; historical effective dates are not verified. Do not use it to reconstruct historical membership.
TOWR,BLUE_CHIP,CONGLOMERATE,LQ45,DJARUM_HARTONO,BLUE_CHIP;CONGLOMERATE,MEDIUM,Secondary LQ45 snapshot;Secondary group-affiliation snapshot,2026-06-12;2026-10-07,Current/recent snapshot; historical membership not inferred;Current/recent affiliation; ownership/control relationship requires verification,False,False,Current/recent classification snapshot only; not valid as historical index membership unless dated membership evidence is supplied.,18934529600.0,0.4249426052064751,4075,LIQUID_CORE,HIGH,Classification is a current/recent snapshot; historical effective dates are not verified. Do not use it to reconstruct historical membership.
TPIA,CONGLOMERATE,CONGLOMERATE,,BARITO,CONGLOMERATE,MEDIUM,Secondary group-affiliation snapshot,2026-10-07,Current/recent affiliation; ownership/control relationship requires verification,False,False,Current/recent classification snapshot only; not valid as historical index membership unless dated membership evidence is supplied.,443914063500.0,0.3071192475719419,716,LIQUID_CORE,HIGH,Classification is a current/recent snapshot; historical effective dates are not verified. Do not use it to reconstruct historical membership.
UNSP,CONGLOMERATE,CONGLOMERATE,,BAKRIE,CONGLOMERATE,MEDIUM,Secondary group-affiliation snapshot,2026-10-07,Current/recent affiliation; ownership/control relationship requires verification,False,False,Current/recent classification snapshot only; not valid as historical index membership unless dated membership evidence is supplied.,0.0,1.2718622232633445,718,HIGH_VOLATILITY,HIGH,Classification is a current/recent snapshot; historical effective dates are not verified. Do not use it to reconstruct historical membership.
UNTR,BLUE_CHIP,CONGLOMERATE,LQ45,ASTRA,BLUE_CHIP;CONGLOMERATE,MEDIUM,Secondary LQ45 snapshot;Secondary group-affiliation snapshot,2026-06-12;2026-10-07,Current/recent snapshot; historical membership not inferred;Current/recent affiliation; ownership/control relationship requires verification,False,False,Current/recent classification snapshot only; not valid as historical index membership unless dated membership evidence is supplied.,90551368602.92969,0.3611272760240637,717,LIQUID_CORE,HIGH,Classification is a current/recent snapshot; historical effective dates are not verified. Do not use it to reconstruct historical membership.
UNVR,BLUE_CHIP,BLUE_CHIP,LQ45,,BLUE_CHIP,MEDIUM,Secondary LQ45 snapshot,2026-06-12,Current/recent snapshot; historical membership not inferred,False,False,Current/recent classification snapshot only; not valid as historical index membership unless dated membership evidence is supplied.,20910730000.0,0.14995166184917127,4121,LIQUID_CORE,HIGH,Classification is a current/recent snapshot; historical effective dates are not verified. Do not use it to reconstruct historical membership.
VIVA,CONGLOMERATE,CONGLOMERATE,,BAKRIE,CONGLOMERATE,MEDIUM,Secondary group-affiliation snapshot,2026-10-07,Current/recent affiliation; ownership/control relationship requires verification,False,False,Current/recent classification snapshot only; not valid as historical index membership unless dated membership evidence is supplied.,1588505100.0,1.3803699286753712,716,HIGH_VOLATILITY,HIGH,Classification is a current/recent snapshot; historical effective dates are not verified. Do not use it to reconstruct historical membership.
VKTR,CONGLOMERATE,CONGLOMERATE,,BAKRIE,CONGLOMERATE,MEDIUM,Secondary group-affiliation snapshot,2026-10-07,Current/recent affiliation; ownership/control relationship requires verification,False,False,Current/recent classification snapshot only; not valid as historical index membership unless dated membership evidence is supplied.,62863243500.0,0.9373502592830109,716,HIGH_VOLATILITY,HIGH,Classification is a current/recent snapshot; historical effective dates are not verified. Do not use it to reconstruct historical membership.
WIFI,BLUE_CHIP,BLUE_CHIP,LQ45,,BLUE_CHIP,MEDIUM,Secondary LQ45 snapshot,2026-06-12,Current/recent snapshot; historical membership not inferred,False,False,Current/recent classification snapshot only; not valid as historical index membership unless dated membership evidence is supplied.,36829412250.0,0.4379074434419398,716,LIQUID_CORE,HIGH,Classification is a current/recent snapshot; historical effective dates are not verified. Do not use it to reconstruct historical membership.
WIKA,BUMN_AFFILIATED,BUMN_AFFILIATED,,,BUMN_AFFILIATED,MEDIUM,IDX/market reference seed,2026-10-07,Research classification seed; not equivalent to BUMN20 PIT membership,False,False,Current/recent classification snapshot only; not valid as historical index membership unless dated membership evidence is supplied.,0.0,0.0,4124,RESEARCH_ONLY,HIGH,Classification is a current/recent snapshot; historical effective dates are not verified. Do not use it to reconstruct historical membership.
WSKT,BUMN_AFFILIATED,BUMN_AFFILIATED,,,BUMN_AFFILIATED,MEDIUM,IDX/market reference seed,2026-10-07,Research classification seed; not equivalent to BUMN20 PIT membership,False,False,Current/recent classification snapshot only; not valid as historical index membership unless dated membership evidence is supplied.,0.0,0.0,3322,RESEARCH_ONLY,HIGH,Classification is a current/recent snapshot; historical effective dates are not verified. Do not use it to reconstruct historical membership.
